POW_LGA_CODE_2021,AGFF_Bf_91,AGFF_91_95,AGFF_96_00,AGFF_01_05,AGFF_06_10,AGFF_11_15,AGFF_16_20,AGFF_2021,AGFF_NS,AGFF_Tot,Min_Bf_91,Min_91_95,Min_96_00,Min_01_05,Min_06_10,Min_11_15,Min_16_20,Min_2021,Min_NS,Min_Tot,Mnf_Bf_91,Mnf_91_95,Mnf_96_00,Mnf_01_05,Mnf_06_10,Mnf_11_15,Mnf_16_20,Mnf_2021,Mnf_NS,Mnf_Tot,EGWWS_Bf_91,EGWWS_91_95,EGWWS_96_00,EGWWS_01_05,EGWWS_06_10,EGWWS_11_15,EGWWS_16_20,EGWWS_2021,EGWWS_NS,EGWWS_Tot,Const_Bf_91,Const_91_95,Const_96_00,Const_01_05,Const_06_10,Const_11_15,Const_16_20,Const_2021,Const_NS,Const_Tot,WST_Bf_91,WST_91_95,WST_96_00,WST_01_05,WST_06_10,WST_11_15,WST_16_20,WST_2021,WST_NS,WST_Tot,RetT_Bf_91,RetT_91_95,RetT_96_00,RetT_01_05,RetT_06_10,RetT_11_15,RetT_16_20,RetT_2021,RetT_NS,RetT_Tot,AcFd_Bf_91,AcFd_91_95,AcFd_96_00,AcFd_01_05,AcFd_06_10,AcFd_11_15,AcFd_16_20,AcFd_2021,AcFd_NS,AcFd_Tot,TPW_Bf_91,TPW_91_95,TPW_96_00,TPW_01_05,TPW_06_10,TPW_11_15,TPW_16_20,TPW_2021,TPW_NS,TPW_Tot,IMT_Bf_91,IMT_91_95,IMT_96_00,IMT_01_05,IMT_06_10,IMT_11_15,IMT_16_20,IMT_2021,IMT_NS,IMT_Tot,FinIns_Bf_91,FinIns_91_95,FinIns_96_00,FinIns_01_05,FinIns_06_10,FinIns_11_15,FinIns_16_20,FinIns_2021,FinIns_NS,FinIns_Tot,RHRE_Bf_91,RHRE_91_95,RHRE_96_00,RHRE_01_05,RHRE_06_10,RHRE_11_15,RHRE_16_20,RHRE_2021,RHRE_NS,RHRE_Tot,ProSTS_Bf_91,ProSTS_91_95,ProSTS_96_00,ProSTS_01_05,ProSTS_06_10,ProSTS_11_15,ProSTS_16_20,ProSTS_2021,ProSTS_NS,ProSTS_Tot,AdSup_Bf_91,AdSup_91_95,AdSup_96_00,AdSup_01_05,AdSup_06_10,AdSup_11_15,AdSup_16_20,AdSup_2021,AdSup_NS,AdSup_Tot,PubAS_Bf_91,PubAS_91_95,PubAS_96_00,PubAS_01_05,PubAS_06_10,PubAS_11_15,PubAS_16_20,PubAS_2021,PubAS_NS,PubAS_Tot,EducTraining_Bf_91,EducTraining_91_95,EducTraining_96_00,EducTraining_01_05,EducTraining_06_10,EducTraining_11_15,EducTraining_16_20,EducTraining_2021,EducTraining_NS,EducTraining_Tot,HlthCareSocAssist_Bf_91,HlthCareSocAssist_91_95,HlthCareSocAssist_96_00,HlthCareSocAssist_01_05,HlthCareSocAssist_06_10,HlthCareSocAssist_11_15,HlthCareSocAssist_16_20,HlthCareSocAssist_2021,HlthCareSocAssist_NS,HlthCareSocAssist_Tot,ArtsRecreation_Bf_91,ArtsRecreation_91_95,ArtsRecreation_96_00,ArtsRecreation_01_05,ArtsRecreation_06_10,ArtsRecreation_11_15,ArtsRecreation_16_20,ArtsRecreation_2021,ArtsRecreation_NS,ArtsRecreation_Tot,OthServices_Bf_91,OthServices_91_95,OthServices_96_00,OthServices_01_05,OthServices_06_10,OthServices_11_15,OthServices_16_20,OthServices_2021,OthServices_NS,OthServices_Tot,ID_NS_Bf_91,ID_NS_91_95,ID_NS_96_00,ID_NS_01_05,ID_NS_06_10,ID_NS_11_15,ID_NS_16_20,ID_NS_2021,ID_NS_NS,ID_NS_Tot
LGA20110,24,0,7,5,0,6,3,0,5,40,0,0,0,0,0,0,0,0,0,0,26,4,6,8,8,8,5,0,0,65,3,0,0,0,4,0,3,0,0,11,18,4,0,0,3,0,0,0,0,30,3,0,0,0,0,0,0,0,0,4,18,4,9,3,9,3,8,0,0,55,29,0,12,18,25,17,45,0,4,150,7,0,0,3,0,0,0,0,0,9,0,0,0,0,0,0,0,0,0,5,0,0,0,0,0,0,0,0,0,3,0,0,0,0,0,0,0,0,0,8,18,4,3,6,5,4,0,0,0,45,11,0,5,0,0,4,5,0,0,25,11,0,3,5,6,0,0,0,0,29,23,0,3,3,4,6,0,0,0,53,45,0,5,6,10,16,23,0,4,115,3,0,0,0,0,4,0,0,0,10,4,0,4,0,0,0,0,0,0,9,9,0,0,0,3,8,0,0,0,23
LGA20260,8,3,4,4,8,11,13,0,0,51,0,0,0,0,4,0,0,0,0,4,14,0,3,3,18,24,79,26,3,174,0,0,0,0,0,0,0,0,0,0,6,0,0,0,0,0,0,0,0,10,4,0,3,0,3,3,15,0,0,26,3,0,0,7,11,0,11,0,0,30,5,3,0,4,14,6,12,0,6,45,5,0,0,0,5,0,3,0,0,14,0,0,0,0,0,0,0,0,0,0,7,0,0,0,0,0,0,0,0,3,0,0,0,0,0,0,3,0,0,3,5,3,0,3,0,0,5,0,0,17,3,0,0,0,0,0,0,0,0,14,28,3,8,9,3,11,11,0,5,72,12,0,0,0,6,0,3,0,0,31,42,5,11,12,22,24,11,0,0,114,0,0,0,0,0,0,4,0,0,0,0,0,0,0,0,0,5,0,0,6,3,0,0,0,8,0,4,0,0,19
LGA20570,17,0,9,4,4,8,9,0,0,54,10,5,6,7,13,3,18,0,0,52,119,15,27,52,73,76,68,0,3,443,17,0,9,10,9,6,3,0,0,55,90,15,18,18,51,46,81,0,7,341,28,0,7,5,8,11,10,0,5,77,134,18,27,50,95,76,112,3,7,519,85,10,31,56,165,169,252,0,9,775,66,6,13,9,64,39,54,0,0,256,29,6,8,3,7,7,10,0,0,76,31,0,4,6,15,12,12,0,0,81,17,3,5,6,14,8,8,0,0,55,85,17,35,42,71,59,48,0,9,367,44,3,7,11,26,20,57,0,3,173,118,15,29,33,35,46,38,0,0,320,201,43,51,69,101,110,71,0,5,645,430,68,102,224,420,410,390,5,19,2069,35,0,8,10,12,22,23,0,0,122,53,9,4,25,48,41,48,0,5,230,48,8,21,18,32,38,62,0,24,250
LGA20660,11,0,0,0,7,5,6,0,0,30,3,0,3,0,0,0,3,0,0,13,248,71,61,61,118,110,94,0,9,766,13,6,4,4,0,3,4,0,0,36,188,40,52,78,144,129,135,0,12,774,55,15,16,14,22,12,18,0,0,154,263,58,62,94,175,135,154,0,16,962,136,42,44,89,213,150,273,0,0,957,98,31,31,34,45,35,87,0,4,371,27,6,8,13,15,6,8,0,0,80,74,22,20,27,34,13,12,0,0,198,41,10,14,11,13,11,4,0,0,103,259,55,70,97,131,102,96,3,9,820,86,18,29,23,52,55,113,0,0,377,169,54,52,67,114,73,36,0,6,565,321,64,94,116,175,135,121,0,8,1037,1458,370,461,663,1191,994,845,17,47,6044,20,3,4,17,12,12,3,0,0,80,116,28,35,44,59,87,80,0,4,449,131,27,43,52,99,110,115,4,36,615
LGA20740,37,0,12,4,4,8,10,0,0,79,0,0,0,0,0,0,0,0,0,6,23,3,7,3,15,20,11,0,3,86,10,7,0,3,8,6,0,0,0,37,53,6,14,19,22,20,9,0,3,139,12,0,0,0,0,0,4,0,0,24,72,5,12,22,19,24,15,0,7,178,60,7,20,25,61,53,74,0,3,301,18,0,0,8,3,3,6,0,0,40,9,0,0,4,0,3,0,0,0,15,16,0,0,0,0,6,0,0,0,24,7,0,4,0,7,0,0,0,4,33,56,5,0,9,4,5,3,0,3,84,24,3,3,4,9,12,5,0,0,63,42,6,4,8,12,13,3,0,4,90,43,5,12,18,7,10,10,0,8,112,157,21,15,38,72,100,62,0,5,467,29,6,3,9,6,3,8,0,0,67,20,6,3,11,15,8,8,0,4,73,32,3,6,8,13,7,6,0,0,74
LGA20830,96,5,19,21,47,51,151,0,17,402,3,0,0,0,0,0,0,0,0,10,44,4,14,11,15,31,38,0,8,168,7,0,0,0,0,0,0,0,0,7,66,3,11,19,17,26,19,0,3,166,21,0,3,0,3,3,13,0,0,45,74,11,7,23,51,24,29,0,5,222,48,3,8,21,53,40,49,0,0,226,27,0,3,7,15,8,4,0,0,55,10,0,0,3,5,4,4,0,0,24,13,0,11,0,10,5,0,0,0,46,13,0,0,0,0,0,0,0,0,19,52,4,11,13,18,20,16,0,0,124,24,6,7,0,14,9,8,0,0,68,40,5,14,13,8,10,3,0,0,93,116,15,14,23,37,13,12,0,7,234,153,21,56,65,144,93,88,0,8,633,13,0,6,3,3,0,0,0,3,29,38,5,9,11,21,24,12,0,3,116,27,8,3,7,15,13,11,0,3,93
LGA20910,8,0,0,0,4,0,7,0,0,17,6,0,0,0,5,0,0,0,0,6,170,53,52,52,91,65,96,5,3,585,10,4,5,3,0,0,3,0,0,28,186,44,72,74,110,159,116,4,9,773,64,20,30,25,26,21,33,4,0,222,223,52,70,121,147,132,178,0,11,940,164,40,77,146,207,213,427,3,10,1281,81,29,20,30,37,16,35,0,0,249,31,0,10,12,17,9,11,0,0,97,131,27,40,49,67,43,41,6,0,403,68,17,12,26,19,18,9,0,0,174,358,102,123,162,176,188,152,0,13,1281,85,25,23,35,40,31,98,0,8,347,90,22,35,39,45,29,31,0,5,298,261,47,99,160,164,158,141,3,11,1051,547,163,170,273,524,467,520,3,28,2699,43,12,10,14,27,25,11,0,6,154,106,24,29,42,57,62,65,0,3,399,156,34,44,59,84,81,118,0,25,606
LGA21010,17,0,4,3,0,0,5,0,0,37,5,0,0,0,0,0,0,0,0,9,28,8,6,11,8,3,13,0,0,74,0,0,0,0,0,0,0,0,0,0,25,3,7,9,19,34,70,0,3,163,6,0,0,0,0,0,0,0,0,4,13,5,0,5,11,7,7,0,0,41,6,6,0,0,17,4,12,0,0,45,0,0,0,0,0,0,0,0,0,7,0,0,0,0,0,0,0,0,0,0,0,0,0,0,4,0,0,0,0,6,0,0,0,0,4,0,0,0,0,7,9,0,0,0,3,0,5,0,5,27,3,0,0,0,0,0,0,0,0,8,12,5,0,12,3,6,4,0,0,44,13,0,0,4,4,3,6,0,0,34,51,4,5,5,20,11,32,0,0,131,0,0,0,0,0,0,0,0,0,9,9,0,0,5,0,0,0,0,0,18,12,0,0,4,0,0,7,0,0,29
LGA21110,11,0,3,3,10,9,17,0,0,63,12,3,0,5,7,6,4,0,0,33,173,47,48,77,124,123,116,3,12,716,23,8,4,21,31,24,22,0,0,134,341,72,95,148,235,284,259,6,14,1450,164,37,58,62,88,147,137,9,7,705,602,138,229,369,591,546,682,10,28,3194,242,70,136,233,389,436,817,0,20,2344,226,35,53,70,111,80,146,0,4,728,64,9,15,31,49,25,47,0,3,248,373,78,109,208,216,187,147,0,11,1341,171,45,75,114,190,123,67,4,6,797,1131,257,434,627,759,876,881,23,32,5020,152,21,66,73,106,129,333,7,10,897,235,55,60,90,104,90,63,5,11,706,876,231,311,457,633,598,508,6,29,3641,1276,319,410,565,966,945,1020,4,43,5545,46,11,9,23,35,18,16,0,0,160,205,55,58,79,127,145,146,0,14,835,221,58,87,135,231,238,330,7,62,1361
LGA21180,34,10,5,10,41,31,26,0,0,159,14,5,3,7,11,7,10,0,0,48,1503,402,367,464,1030,862,767,15,70,5479,75,18,24,23,61,42,29,6,3,283,672,172,192,204,427,532,496,3,34,2740,471,115,119,152,290,224,218,4,11,1612,719,222,202,327,547,420,511,3,33,2988,270,87,83,149,337,251,392,3,24,1609,920,275,276,376,953,672,893,10,39,4412,59,19,19,36,50,44,36,0,0,263,120,34,29,43,65,27,27,0,5,352,123,18,38,32,67,55,47,0,5,396,240,61,67,77,138,143,124,0,3,853,257,68,73,86,165,152,260,0,10,1069,333,66,65,128,157,115,68,0,9,926,612,137,151,198,258,207,131,0,13,1700,1118,397,419,629,1231,987,784,17,39,5610,35,3,16,17,39,18,13,0,3,142,344,93,97,99,237,198,236,3,18,1323,510,139,165,229,516,496,504,11,150,2719
LGA21270,4,0,0,0,5,5,6,0,0,21,0,0,0,0,0,0,0,0,0,0,0,0,0,0,0,3,14,0,0,15,0,0,0,0,0,0,0,0,0,0,0,0,0,0,0,0,0,0,0,4,0,0,0,0,0,0,0,0,0,3,9,0,0,5,0,3,5,0,0,23,3,0,0,0,9,0,16,0,0,34,6,0,0,0,0,0,0,0,0,3,0,0,0,0,0,0,0,0,0,0,5,0,0,0,0,0,0,0,0,5,0,0,0,0,0,0,0,0,0,0,5,0,0,0,0,0,0,0,0,0,0,0,0,0,0,0,0,0,0,3,0,0,0,0,0,0,3,0,0,5,9,0,0,0,7,0,0,0,0,15,7,3,6,3,3,10,15,0,0,46,0,0,0,0,0,0,0,0,0,0,5,0,0,0,0,0,0,0,0,3,0,0,0,0,0,0,0,0,0,3
LGA21370,39,8,18,8,31,33,60,3,7,203,0,0,0,0,0,0,0,0,0,0,43,13,17,9,35,22,41,5,0,188,0,0,0,0,0,0,3,0,0,4,10,4,0,4,9,9,7,0,0,44,10,0,0,0,3,5,3,0,0,24,28,4,3,7,21,18,21,0,5,106,20,11,3,7,18,35,42,0,8,143,16,0,3,0,7,3,0,0,0,31,3,0,0,0,0,0,0,0,0,5,3,0,0,0,4,0,0,0,0,7,5,0,0,0,0,0,0,0,3,10,16,0,3,11,3,6,5,0,0,49,10,0,3,0,0,0,11,0,4,32,12,0,0,3,8,6,3,0,0,44,20,5,10,4,7,10,12,0,0,77,83,8,26,32,57,81,66,0,10,360,0,0,0,0,0,4,0,0,0,8,14,0,3,0,9,6,5,0,0,39,12,0,3,3,9,11,22,0,5,59
LGA21450,81,11,19,21,50,48,89,0,12,327,16,0,0,3,6,3,0,0,0,32,154,35,45,64,164,151,274,3,7,893,12,0,3,10,16,3,5,0,0,49,200,28,55,73,134,155,99,0,18,752,46,4,11,8,10,19,9,0,0,117,173,26,40,96,211,127,133,0,5,809,73,18,33,77,163,133,140,0,7,642,110,14,30,42,216,89,103,0,5,617,9,0,4,8,16,13,0,0,0,51,35,10,3,18,30,15,16,0,0,125,30,6,6,5,15,5,6,0,0,75,88,21,28,38,74,94,61,0,4,403,66,8,23,15,44,58,61,0,3,279,74,12,11,21,39,28,22,0,4,211,212,62,75,104,178,132,89,0,4,861,219,52,76,139,318,225,171,3,10,1210,30,3,7,14,26,24,11,0,5,110,52,9,14,20,76,49,54,0,7,275,107,25,20,58,103,83,94,0,30,533
LGA21610,132,41,56,73,109,170,190,3,20,787,3,0,0,3,9,3,0,0,0,17,523,150,148,229,437,336,369,3,27,2232,67,10,10,22,35,20,19,0,0,181,702,160,310,350,676,740,441,6,31,3411,182,43,45,66,121,100,89,0,6,651,659,153,272,485,1042,588,445,5,33,3686,197,64,115,291,622,463,562,5,22,2347,303,91,169,234,801,344,380,0,9,2340,46,13,23,48,98,75,64,0,0,374,136,44,65,129,135,84,37,0,3,632,94,21,36,80,99,72,36,0,4,445,275,62,120,196,257,253,165,0,7,1336,242,53,72,112,216,171,300,0,6,1170,286,77,80,121,182,110,54,3,4,919,689,176,254,476,733,482,266,3,19,3090,1063,420,489,859,1773,1300,784,7,43,6743,77,15,21,43,83,40,28,0,4,314,310,80,95,133,311,190,174,0,15,1310,317,102,142,205,413,330,367,3,79,1963
LGA21670,3,0,0,0,6,0,4,0,0,22,0,0,0,0,0,0,0,0,0,3,20,0,0,5,9,16,5,0,0,64,0,0,0,0,0,0,0,0,0,4,3,0,0,0,0,4,0,0,0,10,6,0,0,0,0,0,0,0,0,3,10,0,3,3,4,7,8,0,0,38,17,0,0,0,9,10,7,0,0,41,0,0,3,4,3,0,0,0,0,10,3,0,0,0,0,0,0,0,0,3,0,0,0,0,0,0,0,0,0,7,0,0,0,0,0,0,0,0,0,0,10,0,0,0,0,0,0,0,0,14,0,0,0,3,0,0,0,0,0,3,13,0,6,0,0,0,0,0,0,19,13,0,0,0,3,0,0,0,0,18,43,0,0,7,27,18,34,0,9,130,0,0,0,0,0,0,0,0,0,3,6,0,0,0,0,0,0,0,0,8,8,0,0,0,8,0,5,0,0,24
LGA21750,36,3,3,10,13,19,75,11,0,166,0,0,0,0,0,0,0,0,0,0,29,6,9,23,35,47,184,10,4,348,0,0,4,0,0,0,0,0,0,5,10,5,0,7,5,7,4,0,0,44,3,0,4,0,0,5,3,0,0,17,22,0,0,4,14,27,26,0,0,91,35,3,8,14,36,35,58,0,3,192,10,0,3,0,0,0,5,0,0,21,3,0,0,0,0,4,0,0,0,3,4,0,0,4,0,0,0,0,0,11,3,0,0,0,0,0,0,0,0,0,8,0,4,4,9,5,3,0,0,27,13,0,8,5,7,9,11,0,0,46,17,3,5,11,8,0,5,0,0,54,18,0,0,3,5,4,6,0,0,41,57,6,8,19,39,33,33,0,0,194,12,0,5,0,0,0,0,0,0,17,4,3,0,0,0,0,3,0,0,14,18,0,3,0,0,5,12,0,0,50
LGA21830,42,4,18,41,35,42,69,3,7,271,5,0,0,0,6,0,0,0,0,9,18,3,4,7,7,6,10,0,0,57,6,0,5,0,5,0,3,0,0,12,4,0,4,0,5,0,4,0,0,12,0,0,0,0,0,0,3,0,0,10,7,0,3,6,8,11,3,0,0,39,11,4,3,6,12,5,3,0,0,39,3,0,0,0,6,0,0,0,0,13,0,0,0,0,0,0,0,0,0,0,4,0,0,0,0,0,0,0,0,5,0,0,0,0,0,0,0,0,0,0,3,0,3,0,5,0,5,0,0,14,0,0,3,0,0,0,4,0,0,11,11,0,0,0,0,4,5,0,0,23,12,0,4,5,0,0,0,0,0,22,25,3,6,4,10,17,15,0,5,80,0,0,0,0,0,0,0,0,0,3,3,0,4,4,0,4,0,0,0,11,10,0,0,5,3,0,4,0,0,23
LGA21890,12,8,0,10,26,27,29,0,0,124,10,3,0,7,13,3,7,0,0,43,574,155,136,155,242,210,209,0,19,1701,9,7,6,4,9,8,8,0,0,52,282,53,78,81,145,201,167,0,10,1021,182,36,44,75,68,93,90,0,11,599,510,121,165,248,371,339,447,4,21,2231,226,69,99,138,255,318,619,5,22,1747,199,57,51,61,119,120,215,0,13,831,42,10,14,25,22,42,31,0,0,185,79,12,18,37,54,41,20,0,3,262,78,8,12,26,21,22,18,0,0,182,278,57,101,131,167,175,143,0,12,1073,132,34,33,62,98,93,219,0,8,679,275,56,68,103,122,135,88,0,6,860,597,144,197,261,426,391,314,4,17,2355,738,186,236,359,751,621,597,6,35,3534,59,17,16,26,28,28,28,0,4,212,211,51,62,64,133,154,167,0,19,856,243,60,79,98,163,161,242,0,57,1120
LGA22110,46,6,9,4,15,40,78,5,3,206,0,0,0,0,0,0,5,0,0,4,72,13,18,9,23,22,37,0,8,210,11,0,0,0,3,0,0,0,0,17,34,7,3,4,10,6,11,0,3,71,15,0,3,0,6,0,4,0,0,27,62,8,9,18,32,23,26,0,6,173,75,8,11,22,34,41,35,0,10,233,19,4,4,3,5,3,7,0,6,51,0,0,0,0,0,3,0,0,0,10,3,3,0,3,3,4,0,0,0,15,4,6,0,0,0,0,0,0,0,18,32,4,4,3,3,9,7,0,0,62,19,0,3,4,9,11,20,0,0,63,51,7,11,7,19,13,9,0,0,119,81,6,12,17,24,11,18,0,8,171,147,15,40,49,68,96,80,3,11,504,14,4,0,0,3,0,4,0,0,22,28,0,3,6,3,10,7,0,0,61,30,3,5,5,7,12,19,0,10,88
LGA22170,20,10,13,13,18,16,29,0,0,119,6,0,0,0,5,3,0,0,0,17,431,76,98,147,272,213,214,5,16,1469,85,15,25,40,61,47,39,0,3,313,348,56,105,131,184,167,142,0,12,1146,88,23,34,36,63,49,41,0,4,338,323,54,93,176,303,202,228,3,14,1395,144,37,47,121,217,157,218,5,8,948,159,27,43,51,109,62,88,0,9,546,29,10,6,5,17,18,6,0,5,92,74,9,10,23,29,26,16,0,0,190,51,8,7,13,14,14,8,0,0,123,214,39,57,56,91,80,57,0,5,600,136,19,36,58,85,68,100,0,4,504,170,23,46,54,76,44,29,0,9,458,334,37,75,100,141,103,59,0,6,851,954,242,292,559,1046,728,577,9,40,4439,35,3,8,21,27,14,17,0,0,125,157,29,44,52,79,61,77,0,4,497,227,47,65,74,152,149,156,3,58,936
LGA22250,9,3,0,9,7,11,24,0,3,70,0,0,0,0,0,0,0,0,0,0,4,0,10,0,9,4,11,0,0,32,4,0,0,0,0,0,0,0,0,3,9,0,0,0,0,0,0,0,0,18,0,0,0,0,0,0,0,0,0,0,3,0,6,0,5,0,4,0,0,18,9,0,4,0,3,4,5,0,0,23,8,0,0,0,0,0,0,0,0,10,0,0,0,0,0,0,0,0,0,0,3,0,0,0,0,0,0,0,0,3,0,0,0,0,0,0,0,0,0,0,0,0,0,0,3,0,3,0,0,5,0,0,0,0,0,0,3,0,0,3,0,0,0,3,0,0,0,0,0,12,5,0,0,0,0,4,0,0,0,9,8,0,0,6,8,6,13,0,0,43,0,0,0,0,0,0,0,0,0,0,0,0,0,0,0,0,0,0,0,5,5,0,0,3,0,3,4,0,0,12
LGA22310,3,0,0,0,0,0,6,0,0,5,5,0,0,0,0,0,0,0,0,7,140,33,38,47,61,71,97,0,5,489,5,3,3,10,4,4,3,0,0,31,227,63,89,94,156,200,174,0,14,1017,67,13,27,28,28,30,38,3,3,229,333,123,137,186,292,291,404,3,16,1772,188,59,89,155,289,289,596,5,20,1684,126,37,36,40,76,37,130,0,4,494,50,13,18,14,38,27,17,0,0,188,137,33,47,61,71,47,29,0,6,429,87,16,27,31,40,30,17,0,0,250,465,138,153,201,240,216,216,9,9,1649,99,17,35,26,66,67,159,5,0,480,207,42,52,73,87,57,29,0,3,547,549,145,213,280,358,373,392,4,21,2330,877,310,302,414,722,654,832,7,29,4148,51,6,14,17,20,22,33,0,0,167,205,58,67,73,140,128,132,0,7,821,147,33,42,72,133,127,197,6,38,791
LGA22410,33,3,11,8,10,12,25,0,7,103,0,0,0,0,0,0,0,0,0,0,36,0,5,4,3,8,4,0,0,54,0,0,0,0,0,0,3,0,0,8,11,4,0,3,3,4,0,0,0,31,3,0,0,6,0,0,0,0,0,15,14,0,4,4,5,11,6,0,0,40,12,6,4,0,3,15,5,0,0,50,19,0,7,0,9,4,0,0,0,37,0,0,0,0,0,0,0,0,0,4,0,0,0,0,0,0,0,0,0,4,4,0,0,0,0,0,0,0,0,3,5,0,3,0,0,0,0,0,0,13,7,0,5,5,3,3,8,0,3,26,12,0,6,0,4,8,4,0,3,32,16,0,6,5,8,4,9,0,4,50,49,3,13,19,33,40,52,0,5,215,9,0,0,0,0,0,0,0,0,9,11,0,0,0,4,5,0,0,0,21,7,0,7,9,0,4,3,0,7,36
LGA22490,35,3,0,7,13,27,25,3,3,119,3,0,0,0,0,0,0,0,0,3,8,0,4,0,18,15,16,0,0,55,0,0,0,0,0,0,0,0,0,4,19,4,8,0,3,13,7,0,0,53,4,0,0,4,0,0,3,0,0,9,12,0,4,5,3,9,7,0,0,37,9,0,0,0,0,0,4,0,0,25,0,0,0,4,3,0,0,0,0,11,6,0,0,0,0,0,0,0,0,5,0,0,0,0,0,0,0,0,0,0,7,0,0,0,0,0,0,0,0,15,14,0,3,0,4,4,3,0,0,36,12,0,6,0,3,3,4,0,3,24,14,4,0,0,5,7,0,0,0,34,14,0,4,4,0,0,4,0,0,24,15,5,5,6,17,11,10,0,0,66,4,0,0,0,0,0,0,0,0,3,7,0,0,0,0,3,0,0,3,17,4,0,0,5,7,3,7,0,0,25
LGA22620,30,4,5,10,38,41,29,0,0,155,19,16,16,16,12,15,17,0,0,108,81,25,40,44,204,176,207,0,10,794,12,3,7,8,11,12,8,0,0,54,63,6,18,18,37,35,43,0,0,236,18,0,6,6,10,12,3,0,0,59,105,15,25,37,87,67,75,4,5,429,75,14,23,59,124,148,155,0,3,598,43,0,8,19,46,23,25,0,4,165,16,0,7,4,8,0,16,0,0,50,57,7,19,21,23,12,23,0,3,163,11,0,4,0,0,3,0,0,0,25,60,14,16,26,40,27,54,0,4,240,37,4,3,12,28,36,42,0,5,162,90,16,13,22,41,18,14,0,7,228,132,23,31,44,58,43,54,0,4,395,327,61,84,145,409,328,388,4,18,1769,16,0,4,6,12,14,12,0,0,65,45,4,5,8,38,27,30,0,5,158,41,6,7,19,58,53,48,0,9,248
LGA22670,62,27,19,29,38,52,64,0,0,296,9,0,6,4,6,3,6,0,0,32,3299,1036,1028,1270,2210,1739,1879,37,133,12640,176,53,70,75,156,113,94,0,3,747,824,233,333,396,763,797,684,9,46,4090,1011,261,324,425,671,524,458,14,21,3716,859,275,403,541,901,756,820,16,36,4617,274,121,143,174,394,365,538,5,19,2027,1060,310,334,441,1042,652,952,7,44,4843,59,16,21,37,60,74,76,0,0,349,170,64,55,96,128,69,40,0,3,630,168,43,47,72,101,77,60,0,8,572,430,123,153,244,337,298,255,5,15,1863,302,91,103,140,262,221,409,4,18,1555,596,167,174,177,248,147,98,0,13,1627,659,173,223,303,417,298,192,5,8,2268,1238,464,547,791,1389,958,762,8,56,6217,36,8,29,22,35,27,20,0,3,167,468,156,160,196,395,342,339,4,20,2083,956,309,321,514,893,868,977,18,212,5071
LGA22750,79,15,13,32,55,35,56,0,0,293,9,0,3,4,0,5,3,0,0,21,455,83,112,124,324,366,394,6,37,1894,62,9,18,20,56,41,43,4,4,251,429,57,99,110,234,313,318,6,30,1590,158,29,22,44,91,68,84,0,5,511,482,76,102,187,394,374,485,5,32,2135,208,39,90,170,407,441,692,5,16,2070,246,29,33,43,220,185,230,0,11,998,46,0,10,15,20,27,41,0,0,159,149,27,32,55,80,71,40,0,6,462,69,13,16,29,36,21,17,0,0,192,371,57,90,120,211,194,225,5,18,1282,173,18,43,44,89,116,184,0,9,678,409,65,75,118,188,169,103,3,12,1143,597,94,136,204,382,386,286,9,23,2114,1225,203,296,454,1060,919,914,18,54,5138,65,13,8,23,34,33,27,7,4,205,171,31,40,50,145,154,168,0,8,780,212,31,48,61,165,216,220,5,55,1001
LGA22830,124,20,30,49,143,136,283,4,17,807,0,0,0,0,0,0,0,0,0,0,81,18,25,31,82,85,111,0,5,444,25,4,3,12,20,19,12,0,0,96,33,11,14,31,39,62,49,0,7,243,10,5,5,0,17,15,28,0,3,82,54,8,13,39,88,92,92,3,12,410,42,11,24,25,92,83,115,0,0,397,38,4,9,14,70,47,26,0,0,209,5,3,0,5,5,7,7,0,0,34,12,0,0,3,12,0,5,0,0,34,9,5,4,3,3,8,3,0,0,27,39,5,16,25,22,30,36,0,0,177,24,9,11,17,37,64,115,0,0,278,38,7,20,12,28,24,20,0,0,154,56,11,28,31,52,51,41,4,0,275,165,41,87,137,337,292,296,14,16,1376,3,0,0,3,0,6,3,0,0,21,32,10,19,27,55,45,66,0,5,263,56,4,13,22,60,64,107,0,31,356
LGA22910,18,3,5,0,7,4,5,0,0,51,0,0,0,0,0,0,0,0,0,0,20,0,4,3,14,8,3,0,0,50,0,0,0,0,0,0,0,0,0,0,16,0,0,0,5,4,5,0,0,35,0,0,0,4,0,0,3,0,0,8,23,3,3,11,12,6,7,0,0,77,38,9,10,7,31,51,63,0,10,221,11,0,0,3,0,0,0,0,0,18,0,0,0,4,0,3,3,0,0,7,4,0,4,0,0,0,0,0,0,8,8,0,0,0,0,0,0,0,0,12,30,0,11,10,9,3,0,0,0,75,10,0,0,3,4,3,0,0,0,28,29,0,3,0,5,5,3,0,0,47,19,4,3,6,6,5,4,0,0,41,47,6,8,16,18,13,34,0,8,149,5,0,3,6,4,0,0,0,0,16,11,0,5,0,8,8,3,0,6,35,22,0,0,3,3,9,3,0,3,39
LGA22980,6,0,0,7,16,3,6,0,0,41,0,0,0,0,0,0,0,0,0,0,3,0,0,6,28,12,10,0,5,54,0,0,0,0,0,0,0,0,0,0,0,0,0,0,8,0,4,0,0,15,0,0,0,0,0,0,0,0,0,0,6,0,0,0,0,4,4,0,0,12,0,0,0,0,0,0,4,0,0,11,3,0,0,0,0,0,0,0,0,5,0,0,0,0,0,0,0,0,0,0,0,0,0,0,0,0,0,0,0,0,0,0,0,0,0,0,0,0,0,0,0,0,0,0,0,0,0,0,0,0,0,0,0,0,0,3,5,0,0,7,4,0,0,0,0,6,0,0,0,11,5,0,0,3,4,0,0,0,0,8,13,4,0,7,18,22,22,0,0,88,0,0,0,0,0,0,0,0,0,0,0,0,0,0,6,0,0,0,0,5,0,0,0,0,18,0,0,0,0,23
LGA23110,8,3,0,0,7,8,3,0,0,34,8,0,4,5,8,4,3,0,0,26,502,116,113,162,295,256,261,0,15,1723,40,6,11,19,26,31,16,4,0,163,359,66,117,143,230,260,267,4,12,1464,165,35,44,63,116,99,88,0,4,625,319,81,115,157,301,231,290,0,16,1504,105,25,33,71,179,162,320,5,11,912,398,88,122,181,443,254,323,3,14,1821,22,3,8,10,13,16,12,0,0,84,40,6,20,20,22,25,16,0,0,155,53,15,17,25,29,27,22,0,3,189,127,22,50,74,67,90,86,4,0,519,104,22,30,46,73,69,154,3,10,507,150,16,21,43,71,32,30,0,0,362,187,31,62,75,159,127,100,0,7,754,321,83,122,179,327,298,254,4,6,1593,46,9,12,11,24,10,9,0,4,122,163,33,38,49,108,96,106,4,4,603,187,56,61,85,214,180,230,0,53,1063
LGA23190,7,0,0,4,12,12,24,0,0,56,3,0,0,0,0,0,0,0,0,3,5,0,0,0,7,10,9,0,0,40,4,3,5,8,9,0,4,0,0,22,5,3,0,0,7,5,7,0,0,31,5,0,0,0,7,7,6,0,0,21,10,0,5,0,16,4,8,0,0,47,21,0,5,4,20,15,13,0,0,79,9,0,0,0,5,0,0,0,0,11,5,0,0,0,0,0,3,0,0,6,3,0,0,0,0,0,0,0,0,11,0,0,0,0,0,0,0,0,0,0,8,5,6,0,9,8,11,0,0,47,6,0,0,4,0,5,10,0,0,19,15,4,3,7,14,7,8,0,0,54,19,7,3,6,8,3,3,0,0,55,27,8,5,26,58,56,53,0,5,233,7,0,0,0,6,0,0,0,0,10,3,5,0,0,3,4,8,0,0,28,10,0,0,5,6,7,15,0,3,46
LGA23270,57,9,6,18,42,30,33,0,6,195,17,3,0,6,10,4,5,0,0,56,2025,650,612,758,1560,1400,1606,19,85,8720,122,33,42,46,130,83,50,0,5,507,738,212,281,367,691,597,780,9,41,3716,399,96,103,126,270,209,241,5,16,1469,601,166,176,343,626,473,517,5,29,2930,289,88,117,190,520,430,561,4,27,2234,1746,457,512,790,1831,1085,1321,26,84,7848,39,12,13,24,51,54,43,0,0,247,92,15,28,45,79,53,42,0,0,359,104,14,27,38,78,47,43,0,3,354,240,52,74,113,170,226,214,4,9,1102,319,112,124,140,285,227,479,0,19,1697,489,137,142,215,391,258,138,0,15,1778,546,165,213,273,422,332,248,5,22,2232,592,205,264,412,800,663,484,0,23,3450,46,8,7,15,35,15,13,0,5,146,287,84,93,116,271,264,285,0,19,1424,588,185,220,276,607,565,777,17,153,3390
LGA23350,22,0,0,0,0,6,4,0,3,43,0,0,0,0,0,0,0,0,0,0,32,0,8,6,16,19,18,0,3,101,0,0,0,0,0,0,0,0,0,0,13,0,0,4,0,0,6,0,0,23,4,0,0,0,0,0,0,0,0,6,17,6,3,4,17,0,4,0,0,51,17,6,5,3,12,5,4,0,4,58,8,0,0,0,3,0,0,0,0,18,0,0,0,0,0,0,0,0,0,0,3,0,0,0,0,4,0,0,0,5,0,0,0,0,0,0,0,0,0,4,15,5,0,0,4,0,0,0,0,25,4,0,0,0,0,0,0,0,0,13,11,0,0,0,4,0,0,0,0,27,22,3,7,3,4,0,4,0,0,42,28,14,7,0,16,4,11,0,0,81,3,0,4,0,3,0,0,0,0,6,5,0,4,0,0,3,0,0,0,9,10,0,0,0,5,5,3,0,0,26
LGA23430,41,11,21,21,61,38,84,0,0,274,18,3,0,8,3,3,0,0,0,36,2057,618,587,753,1206,936,1024,11,83,7271,66,23,18,25,40,35,25,0,0,228,645,153,165,285,497,488,407,8,42,2693,556,136,201,244,356,316,342,4,13,2172,756,179,214,389,605,457,555,10,25,3193,251,77,100,214,359,328,496,0,21,1843,386,98,115,162,318,246,448,0,18,1795,60,10,28,28,48,56,47,0,5,282,143,27,46,67,73,61,29,0,5,466,107,20,15,40,46,34,29,3,4,299,397,105,134,220,269,234,246,7,14,1621,249,54,73,82,142,135,250,0,14,997,250,50,81,92,134,100,48,0,8,768,349,68,103,192,243,171,142,5,8,1290,823,256,275,424,817,716,755,3,38,4099,52,11,15,44,45,38,36,0,8,249,354,104,113,130,256,194,253,0,9,1413,635,193,217,313,510,458,538,9,119,2995
LGA23670,14,4,0,0,11,11,12,0,0,47,9,8,3,3,9,8,5,0,3,44,1396,340,376,456,798,667,648,10,45,4738,44,11,17,19,16,23,18,0,0,153,487,81,118,198,311,275,244,4,19,1747,624,138,203,322,483,369,337,9,13,2504,484,131,163,249,439,310,330,4,16,2131,213,50,72,165,297,240,364,5,12,1416,280,55,75,108,203,137,178,4,12,1046,83,16,24,41,61,44,31,0,0,310,167,51,63,106,143,97,73,0,4,698,80,9,22,37,34,30,16,0,0,225,370,90,133,195,254,249,179,7,6,1486,197,35,43,82,130,119,175,0,8,795,202,32,29,51,76,30,27,3,3,461,317,68,111,148,196,172,83,0,7,1105,934,217,268,455,841,619,490,10,28,3856,70,15,25,42,32,19,29,0,0,227,244,48,67,77,180,142,100,0,12,874,488,102,138,213,355,366,386,3,61,2110
LGA23810,28,4,5,3,12,12,24,0,0,88,18,0,3,0,3,0,3,0,0,29,82,11,13,19,34,34,54,5,3,263,111,5,15,13,22,20,16,3,0,200,92,10,7,11,20,27,25,0,8,183,23,0,3,3,7,8,5,0,0,47,117,9,20,33,67,42,64,0,12,357,49,7,21,28,82,60,55,0,10,316,67,10,6,7,20,15,10,0,0,135,13,0,3,8,16,4,6,0,0,51,10,0,0,5,5,8,10,0,0,49,20,0,0,0,3,0,0,0,0,33,53,6,13,9,18,21,14,0,0,140,29,3,9,5,17,17,14,0,0,97,125,11,21,22,47,24,19,0,6,269,110,12,15,31,45,34,26,0,3,270,317,41,68,139,234,210,255,7,4,1270,14,0,0,0,5,5,0,0,0,34,39,7,10,11,31,18,22,0,0,140,52,4,12,17,14,22,34,0,9,168
LGA23940,20,5,0,0,12,14,28,4,3,91,0,0,0,0,0,0,0,0,0,0,0,0,0,4,0,10,4,0,0,20,0,0,0,0,0,0,0,0,0,0,0,0,0,0,0,0,0,0,0,3,4,0,0,0,3,0,0,0,0,6,8,0,4,3,7,7,6,0,0,26,3,0,6,0,0,0,0,0,0,14,0,0,0,0,0,0,0,0,0,0,0,0,0,0,0,0,0,0,0,0,0,0,0,0,0,0,0,0,0,0,0,0,0,0,0,0,0,0,0,0,0,0,0,0,0,0,0,0,0,0,0,0,0,0,0,0,0,0,0,3,6,0,0,0,0,3,0,0,0,13,10,0,0,0,0,0,0,0,0,6,6,0,0,3,7,12,7,0,0,28,0,0,0,0,0,0,0,0,0,0,3,0,0,0,0,0,0,0,0,3,0,0,0,0,3,3,3,0,0,15
LGA24130,43,0,4,6,8,5,21,0,0,94,0,0,0,0,0,0,0,0,0,3,39,3,12,8,26,34,102,0,4,241,9,0,8,0,0,0,0,0,0,12,67,3,18,23,28,25,36,0,5,205,9,0,3,4,3,5,5,0,0,31,72,4,21,27,42,24,16,0,4,220,51,10,16,22,63,41,44,0,3,262,28,0,4,5,13,12,12,0,0,76,13,0,0,0,10,4,5,0,0,35,35,0,6,8,8,3,0,0,0,64,15,4,0,5,4,0,4,0,0,26,80,9,21,14,22,15,5,0,3,170,25,8,4,10,9,8,17,0,3,84,70,8,10,18,18,18,13,0,0,160,115,13,13,20,36,23,9,0,3,237,125,12,30,41,76,92,65,0,8,455,18,5,6,11,14,3,4,0,3,54,45,6,3,5,14,16,7,0,0,96,28,6,7,19,10,5,12,0,6,93
LGA24210,12,7,4,5,11,5,14,0,0,51,3,0,0,0,0,0,0,0,0,7,84,24,26,27,56,31,37,0,0,277,0,0,4,0,7,0,6,0,0,13,227,37,70,85,151,194,150,4,0,924,69,24,11,31,43,43,54,0,4,270,350,77,140,208,290,265,297,5,20,1642,149,40,65,119,268,275,358,4,12,1296,147,37,31,54,110,69,67,0,11,523,32,10,13,23,30,14,13,0,0,137,107,29,35,47,72,47,30,0,8,374,107,20,26,43,72,42,29,0,3,333,323,79,103,138,180,168,121,4,12,1120,73,23,20,18,47,67,135,0,4,393,126,22,21,26,27,22,27,0,3,268,272,58,110,147,198,136,119,0,3,1043,602,194,210,300,522,458,475,9,20,2789,32,11,9,17,16,21,17,0,0,117,125,28,33,48,98,69,86,0,3,496,86,19,33,67,85,100,126,4,34,551
LGA24250,14,0,0,0,3,6,8,0,3,41,8,0,0,0,0,0,0,0,0,11,9,0,4,0,0,0,0,0,0,10,0,0,0,0,0,0,0,0,0,4,10,0,0,0,3,0,0,0,0,13,6,0,0,0,0,0,0,0,0,8,23,0,4,3,8,3,6,0,0,48,25,5,5,9,7,10,12,0,0,77,5,0,0,0,0,6,0,0,0,9,0,0,0,0,0,0,0,0,0,7,3,0,0,0,0,0,0,0,0,6,7,0,0,0,0,0,0,0,0,8,7,6,0,0,3,0,3,0,0,18,8,0,0,0,0,0,5,0,0,15,11,0,0,4,8,5,0,0,0,24,25,4,0,7,4,8,4,4,0,58,33,0,6,5,4,4,0,0,3,55,4,0,0,0,0,0,0,0,0,4,6,0,0,0,0,0,4,0,0,21,12,0,0,0,0,0,3,0,0,22
LGA24330,6,9,5,6,4,5,7,0,0,40,4,0,6,0,0,0,0,0,0,10,465,132,117,143,242,198,216,5,18,1538,54,7,18,35,45,38,22,0,0,215,230,67,84,93,166,184,203,0,8,1039,117,29,35,38,94,87,92,5,6,503,546,148,172,231,385,307,436,4,28,2244,198,57,89,143,252,290,514,3,17,1557,321,65,93,111,292,243,330,0,10,1462,43,14,12,19,28,17,20,0,0,144,94,16,30,44,61,40,27,0,7,317,44,8,12,14,34,17,20,0,0,148,208,59,79,93,139,161,153,0,5,892,87,34,36,44,65,85,226,0,5,595,161,31,32,53,80,63,78,0,10,506,412,88,119,143,236,222,163,3,7,1400,881,284,335,434,774,590,495,8,30,3833,44,16,18,29,35,18,16,0,0,179,214,78,59,87,150,180,159,0,9,938,218,75,77,120,187,198,255,5,69,1205
LGA24410,10,0,0,0,15,0,5,0,0,36,9,0,0,0,3,0,0,0,6,15,704,191,161,225,395,333,371,3,15,2404,21,8,14,13,13,5,4,0,0,83,223,41,56,89,151,149,111,0,12,833,77,23,17,29,33,41,30,0,0,262,325,81,101,168,288,208,206,4,12,1387,104,43,46,121,216,203,276,0,7,1013,120,14,33,38,81,44,64,0,4,400,30,4,5,18,18,16,18,0,3,118,50,12,24,33,46,25,6,0,0,191,45,4,4,16,17,22,10,0,0,123,201,54,61,101,131,113,98,6,4,758,102,17,28,37,56,64,125,0,0,444,127,16,26,29,37,33,26,0,5,294,285,48,60,86,145,103,65,3,10,800,622,168,174,294,567,491,388,6,15,2717,18,4,3,6,13,8,11,0,0,78,173,36,31,56,119,95,96,0,3,609,186,35,57,90,167,164,164,0,33,890
LGA24600,35,10,21,34,34,61,58,5,5,253,103,26,47,57,74,44,46,0,5,410,997,328,369,580,867,798,880,37,24,4884,747,255,347,694,1013,916,689,8,25,4697,1230,334,507,725,1246,1234,1299,26,54,6656,627,201,250,385,545,549,541,14,20,3139,1056,315,448,821,1402,1538,2071,26,59,7735,1084,384,711,1255,2248,2883,6405,51,151,15160,1672,419,560,952,1526,1168,1411,23,59,7792,1583,450,676,1268,1680,1729,1365,24,60,8837,6521,2182,3187,4969,6653,6639,5513,131,212,36006,576,143,259,464,728,638,504,9,16,3344,6323,2154,3267,4947,7330,9534,11645,296,265,45761,1250,347,547,773,1445,1791,3996,39,54,10236,4945,1326,1616,2141,2722,2180,1553,32,130,16638,2343,754,1021,1659,2428,2905,2797,59,63,14033,3704,1047,1411,2059,3147,3035,3044,108,123,17660,936,308,482,665,986,795,717,16,47,4944,750,204,268,424,714,734,834,15,27,3971,997,309,460,723,1264,1408,2164,38,367,7739
LGA24650,28,8,14,15,35,17,18,0,3,135,7,0,0,4,10,0,0,0,0,32,158,42,53,63,141,124,99,0,7,688,23,0,3,9,23,18,10,0,0,96,347,93,123,166,369,287,475,0,11,1875,121,34,33,39,86,69,50,0,6,441,280,70,87,207,392,302,347,8,15,1711,89,35,26,110,264,180,260,6,12,976,137,52,84,134,489,223,304,0,13,1444,17,5,9,15,26,34,23,0,0,131,64,16,27,33,43,25,14,0,3,228,71,20,29,52,122,85,61,0,0,446,108,24,26,56,97,88,71,0,4,484,81,22,39,46,97,82,115,0,0,485,245,47,72,113,198,147,92,0,4,920,309,82,119,171,265,227,122,0,3,1306,236,90,116,219,444,401,267,4,17,1786,17,10,5,16,33,27,14,0,4,123,105,35,30,38,98,108,145,0,11,570,134,23,62,85,196,165,180,0,38,888
LGA24780,106,13,31,47,74,140,434,12,31,893,3,0,0,0,0,0,3,0,0,7,44,7,13,19,18,39,41,0,0,181,4,0,3,5,6,7,6,0,0,23,21,4,10,0,14,20,18,0,5,90,9,0,3,0,10,5,15,0,0,51,56,9,5,20,36,38,45,0,5,209,46,7,17,21,49,53,111,4,7,311,35,0,6,0,31,18,23,0,0,121,0,0,0,0,0,0,0,0,0,7,9,0,5,4,3,4,0,0,0,27,8,0,0,0,0,0,9,0,0,16,10,3,4,13,11,14,14,0,3,68,23,4,11,3,14,34,71,0,4,177,32,10,8,7,16,17,8,0,0,97,50,3,21,20,22,12,15,0,3,147,128,27,36,59,120,141,208,8,5,723,7,0,0,4,0,0,0,0,0,10,23,0,10,9,12,11,21,0,0,85,24,5,5,15,36,55,127,0,28,297
LGA24850,23,6,4,5,4,6,9,0,0,58,4,0,0,0,0,0,5,0,0,12,29,4,4,8,15,25,14,0,0,97,0,0,0,0,0,0,0,0,0,5,44,9,18,17,48,50,68,0,3,256,3,3,0,0,6,12,24,0,0,49,39,3,10,22,38,38,40,0,4,204,26,0,9,14,66,59,58,0,4,238,35,3,11,7,42,17,20,0,3,125,3,0,6,3,3,4,4,0,0,16,6,4,3,3,6,3,3,0,0,25,3,0,3,0,4,0,3,0,0,22,28,3,9,12,9,15,16,0,0,84,18,0,3,5,11,9,14,0,3,68,74,20,11,22,52,22,18,5,4,222,58,13,15,27,33,22,17,0,8,189,77,10,21,36,113,83,45,0,8,386,9,0,0,4,8,9,0,0,0,29,16,3,3,6,15,20,13,0,9,82,19,4,5,11,27,21,6,0,6,106
LGA24900,61,10,19,37,63,63,212,0,11,477,0,0,0,0,0,0,0,0,0,0,33,4,12,17,24,32,24,0,7,154,0,0,0,0,5,0,0,0,0,5,13,0,0,5,3,8,13,0,0,41,0,0,0,4,0,0,4,0,0,9,19,0,0,9,17,24,20,0,0,85,12,6,0,8,21,17,17,0,4,84,16,0,8,0,8,4,8,0,3,40,0,0,0,0,0,0,0,0,0,4,5,0,0,4,0,3,0,0,0,11,4,0,0,0,0,0,0,0,0,4,12,3,0,3,5,0,0,0,0,25,5,0,0,0,6,12,26,0,0,61,12,0,6,0,4,3,5,0,0,32,28,0,4,9,5,7,9,0,5,66,54,8,7,14,42,59,38,0,3,231,0,0,0,0,0,0,0,0,0,4,9,0,0,0,9,0,8,0,0,24,14,0,5,4,4,16,18,0,0,56
LGA24970,14,0,5,8,13,0,16,0,0,63,3,8,4,0,6,13,8,0,0,33,1467,423,482,561,828,656,740,22,44,5220,74,18,36,44,60,54,40,4,4,336,672,173,266,346,620,508,524,3,28,3142,707,148,250,359,567,426,408,5,28,2899,835,233,301,479,806,699,928,12,49,4342,348,108,136,292,512,540,994,5,36,2965,423,101,124,178,451,323,635,4,34,2269,140,40,61,87,114,110,73,4,4,625,314,89,168,219,306,181,131,5,15,1432,200,44,73,115,184,114,79,0,8,822,1002,340,380,643,857,833,748,19,27,4843,406,80,130,178,333,265,549,3,13,1953,327,58,83,120,174,140,99,0,13,1011,1251,380,519,766,1120,1180,1222,22,36,6489,2046,668,758,1140,2018,1592,1567,16,75,9876,52,15,27,38,59,49,42,0,6,283,337,105,113,173,336,249,268,5,13,1588,579,131,222,364,545,543,688,7,148,3227
LGA25060,10,0,0,3,0,4,5,0,0,25,5,0,0,0,6,0,0,0,0,18,198,49,39,57,85,101,102,0,0,632,8,4,0,10,3,5,5,0,0,32,234,42,47,69,107,128,106,4,8,737,45,12,12,17,37,26,26,0,9,177,364,71,82,126,239,209,261,3,21,1378,176,52,60,112,234,227,518,5,12,1392,219,41,60,67,113,94,116,4,3,718,31,3,5,9,13,6,21,0,0,87,140,34,37,51,52,41,31,0,0,385,45,10,6,9,26,15,23,0,4,136,272,51,64,66,139,115,101,4,9,832,113,26,32,41,72,91,192,3,6,582,408,87,110,160,273,154,67,0,12,1276,311,44,58,80,125,133,110,0,9,875,492,141,178,214,476,393,413,3,26,2335,30,5,13,12,12,26,23,0,4,130,166,42,46,61,86,105,97,4,5,614,150,31,27,66,115,128,133,7,38,687
LGA25150,47,6,14,12,61,39,58,0,0,237,9,0,0,0,0,0,0,0,0,10,24,8,4,4,30,15,32,0,0,114,4,0,0,0,4,0,9,0,0,17,49,0,17,11,29,33,35,0,3,178,7,0,0,3,4,0,0,0,0,14,46,6,12,18,42,15,19,0,7,163,25,4,5,10,37,29,16,0,4,133,31,0,3,7,25,10,17,0,0,97,0,0,0,0,4,4,0,0,0,16,5,0,8,0,5,4,0,0,0,25,9,0,0,0,0,10,0,0,0,22,34,0,12,7,22,19,17,0,0,108,14,4,4,4,8,7,13,0,0,54,23,0,3,12,16,18,11,0,0,86,46,6,3,18,33,29,21,0,0,162,85,10,17,37,126,81,53,0,3,408,7,0,0,0,5,4,0,0,0,18,26,7,7,4,11,15,3,0,7,79,19,6,4,7,25,32,20,0,13,119
LGA25250,3,0,0,4,9,3,3,0,0,23,0,0,0,0,0,0,0,0,0,4,436,111,109,106,171,188,224,3,21,1366,20,0,3,12,11,10,12,0,0,63,270,59,106,95,165,168,172,3,22,1060,136,25,21,37,64,38,58,0,3,379,370,71,122,155,251,224,349,9,27,1572,222,56,65,109,253,298,687,0,17,1706,187,41,46,62,130,95,241,0,8,803,45,6,20,24,25,18,28,0,0,157,60,14,15,18,39,24,19,0,0,191,48,3,8,9,22,21,10,0,5,125,281,43,94,97,147,204,181,18,3,1069,86,26,35,30,69,68,193,3,9,520,255,27,53,64,92,66,44,0,4,612,416,114,136,182,256,213,187,0,7,1501,674,190,218,289,739,647,622,11,23,3415,56,10,27,25,26,28,36,0,3,215,272,54,52,59,137,116,117,0,8,825,215,41,59,94,164,153,215,13,39,989
LGA25340,112,18,12,28,61,84,89,0,6,406,14,0,4,4,4,0,0,0,4,32,313,62,107,107,177,188,153,0,30,1141,30,3,4,0,5,15,5,0,0,61,335,52,87,97,168,143,98,3,15,1001,71,13,13,18,21,17,20,0,4,176,383,54,59,131,216,132,101,0,19,1099,248,61,71,182,311,285,295,3,50,1514,91,7,11,19,26,24,28,0,0,204,16,7,7,12,11,6,7,0,0,62,87,12,12,21,27,17,4,0,8,174,101,9,9,18,21,15,7,0,0,184,338,50,58,71,104,78,62,0,15,779,126,12,26,44,49,46,50,0,8,366,191,30,61,84,128,74,20,0,13,599,318,31,85,88,145,75,51,0,10,807,757,112,147,280,522,461,443,3,36,2766,84,13,18,22,36,33,21,0,4,235,159,22,21,46,71,53,56,0,9,440,179,25,37,59,91,78,105,0,32,611
LGA25430,15,0,0,0,0,4,0,0,0,27,0,0,0,0,0,0,0,0,0,3,70,13,18,29,55,28,56,0,4,261,0,0,0,0,0,0,0,0,0,0,19,3,5,4,6,3,0,0,5,46,4,0,5,0,0,0,0,0,0,11,21,12,5,16,11,8,0,0,4,74,15,0,6,8,7,6,20,0,3,69,10,0,5,0,0,0,0,0,0,17,7,0,0,0,0,0,0,0,0,12,10,0,0,0,0,0,0,0,0,8,0,0,0,0,0,0,0,0,0,8,19,5,4,3,3,8,0,0,0,49,4,0,7,6,5,8,6,0,4,35,33,8,9,9,10,9,3,0,0,85,29,3,8,9,3,8,0,0,0,63,53,11,11,15,19,14,15,0,4,146,15,0,5,0,4,0,5,0,0,30,14,3,3,0,3,0,0,0,0,21,23,4,6,8,11,7,5,0,0,59
LGA25490,26,5,20,35,25,49,52,3,7,226,4,0,0,0,0,0,0,0,0,4,18,4,6,5,9,13,13,0,0,77,0,0,0,0,0,0,0,0,0,3,9,0,0,3,0,4,5,0,0,33,3,0,0,0,0,3,0,0,0,16,13,0,0,4,8,0,7,0,0,30,10,0,3,12,15,14,5,0,4,70,11,0,0,0,0,0,0,0,0,13,0,0,0,0,0,0,0,0,0,4,0,0,0,0,0,0,0,0,0,3,0,0,0,0,0,0,0,0,0,3,0,0,0,4,0,3,0,0,0,13,4,3,0,0,3,5,7,0,0,21,8,0,0,0,6,6,4,0,0,26,8,0,0,6,4,0,0,0,0,17,20,0,6,5,13,5,4,0,0,61,0,0,0,0,0,0,0,0,0,3,4,0,3,0,0,4,0,0,0,16,3,0,0,3,3,3,5,0,0,24
LGA25620,64,3,7,5,17,12,25,0,0,142,0,0,0,0,0,0,0,0,0,0,15,0,5,0,0,4,8,0,0,30,0,0,0,0,0,0,0,0,0,4,4,3,3,3,0,5,3,0,0,27,5,0,0,0,0,0,0,0,0,9,19,4,3,3,5,3,3,0,3,57,26,9,10,0,10,17,15,0,3,79,12,0,0,0,0,0,0,0,0,13,0,0,0,0,0,0,0,0,0,5,0,0,0,0,0,0,0,0,0,4,0,0,0,0,0,0,0,0,0,4,4,0,0,7,0,0,0,0,4,26,8,0,0,0,0,0,0,0,0,13,11,0,0,3,3,7,0,0,0,26,27,0,3,4,5,7,16,0,0,61,34,3,4,5,3,14,9,0,6,86,0,0,0,0,0,0,5,0,0,7,7,0,0,0,0,3,0,0,0,12,13,0,0,3,0,4,4,0,3,33
LGA25710,17,4,4,0,0,4,4,0,0,37,0,0,0,0,0,0,0,0,0,0,35,13,9,9,22,12,12,0,0,106,7,0,0,4,5,3,4,0,0,22,98,10,13,24,24,30,34,0,5,242,21,0,4,5,5,5,0,0,3,42,71,23,11,25,41,30,47,0,3,253,45,9,7,38,84,51,78,0,4,317,32,3,7,8,18,15,12,0,0,97,10,4,0,5,5,4,0,0,0,28,20,6,3,10,3,5,0,0,0,50,30,0,3,0,3,5,0,0,0,45,141,25,34,41,38,37,21,0,0,335,30,0,4,14,17,5,26,0,0,106,75,10,16,21,16,18,7,0,0,164,134,16,33,36,47,34,17,0,0,324,128,31,46,62,156,120,97,0,6,658,20,3,3,11,16,8,0,0,0,54,37,9,11,10,15,14,6,0,0,114,35,3,14,19,24,19,17,0,11,142
LGA25810,5,0,0,0,8,3,6,0,0,29,8,5,5,0,3,4,0,0,0,25,5,4,0,10,14,27,104,5,0,171,0,0,0,0,0,0,0,0,0,0,3,0,0,0,4,3,5,0,0,20,0,0,0,0,0,0,0,0,0,3,9,4,4,0,4,3,0,0,0,28,18,5,3,4,20,20,37,3,4,117,7,0,0,0,0,0,0,0,0,12,0,0,0,0,0,0,0,0,0,0,0,0,0,0,0,0,0,0,0,0,0,0,0,0,0,0,0,0,0,0,0,0,0,0,0,3,0,0,0,7,0,0,0,0,6,0,3,3,0,12,13,0,5,5,6,5,3,0,0,40,3,0,4,0,7,3,0,0,0,23,31,3,12,12,17,17,42,0,3,136,6,0,5,0,0,4,0,0,0,14,0,0,0,0,0,0,0,0,0,10,9,0,0,4,3,4,4,0,3,16
LGA25900,9,4,5,9,9,12,15,0,0,65,40,12,20,29,36,32,35,0,3,196,217,65,78,109,175,182,228,4,4,1061,15,5,7,18,24,18,21,0,0,111,420,109,150,202,349,394,353,4,20,2003,188,50,70,111,169,174,173,8,5,956,397,104,164,256,407,406,615,9,18,2382,248,90,126,238,454,586,1305,4,18,3066,284,76,106,186,391,350,916,8,20,2343,186,39,73,90,141,174,216,3,6,930,313,92,141,209,301,260,247,5,8,1583,171,40,64,111,159,129,125,0,5,818,1091,320,458,727,1114,1340,1632,43,39,6761,255,59,74,140,237,259,647,6,8,1683,192,60,72,79,129,126,142,0,5,801,330,71,111,147,227,328,360,4,20,1594,544,170,204,284,529,574,708,12,25,3045,90,20,28,40,62,59,89,0,4,404,248,68,61,94,226,231,241,5,8,1189,252,68,116,186,290,315,398,14,65,1715
LGA25990,14,0,3,0,4,0,10,0,0,30,0,0,0,0,0,0,0,0,0,0,12,0,0,4,0,0,0,0,0,22,0,0,0,0,0,0,0,0,0,5,4,0,3,0,0,0,0,0,0,11,0,0,0,0,0,0,0,0,0,0,3,0,0,0,0,0,6,0,0,10,0,0,0,0,4,0,0,0,0,13,3,0,0,4,0,0,0,0,0,3,0,0,0,0,0,0,0,0,0,3,0,0,0,0,0,0,0,0,0,3,0,0,0,0,0,0,0,0,0,0,6,0,0,0,3,0,0,0,0,8,3,0,0,0,0,0,0,0,0,3,21,0,3,6,5,10,0,0,0,36,10,4,0,0,0,0,0,0,0,13,6,0,0,0,7,7,3,0,0,24,0,0,0,0,0,0,0,0,0,6,3,0,0,0,0,0,4,0,0,9,3,0,0,0,3,0,0,0,0,11
LGA26080,0,0,0,0,0,0,0,0,0,0,0,0,0,0,0,0,0,0,0,0,0,0,0,0,0,0,0,0,0,0,0,0,0,0,0,0,0,0,0,0,4,0,0,0,4,3,0,0,0,8,0,0,0,0,0,0,0,0,0,0,5,4,0,5,0,0,0,0,0,17,8,0,0,5,9,3,18,0,0,53,4,0,0,0,0,3,3,0,0,13,0,0,0,0,0,0,0,0,0,0,0,0,0,0,0,0,0,0,0,5,0,0,0,0,0,0,0,0,0,0,4,0,0,3,0,0,0,0,0,10,0,0,0,0,0,0,4,0,0,3,23,0,0,3,4,0,0,0,0,36,12,0,0,0,0,3,0,0,0,18,9,0,0,4,7,0,0,0,0,24,8,0,0,3,0,0,0,0,0,8,4,0,0,0,0,0,0,0,0,3,3,0,0,0,0,0,0,0,0,6
LGA26170,89,5,6,16,31,14,32,3,7,209,4,0,0,0,5,3,0,0,0,14,43,9,0,11,19,24,44,5,0,159,4,4,7,4,3,3,0,0,0,20,34,0,6,7,8,8,6,0,4,68,8,0,3,3,3,3,0,0,6,23,35,4,10,13,14,19,13,0,0,102,41,6,10,13,25,15,20,0,6,134,24,0,3,3,3,3,0,0,0,36,8,0,3,0,0,0,0,0,0,14,6,0,4,0,0,0,0,0,0,13,10,0,0,0,0,0,0,0,0,10,43,3,5,7,9,6,3,0,0,78,18,7,0,0,6,0,0,0,0,32,16,4,5,0,9,0,4,0,0,37,50,0,3,18,11,11,0,0,0,97,89,11,18,17,49,34,31,3,13,263,6,0,0,0,4,4,4,0,0,18,22,0,0,0,4,3,7,0,0,44,19,0,4,3,7,8,0,0,3,54
LGA26260,33,5,13,11,11,7,8,0,5,94,0,0,0,0,0,0,0,0,0,0,6,4,4,0,4,0,0,0,0,19,0,0,0,0,0,0,0,0,0,3,0,0,0,3,4,0,0,0,0,8,4,0,0,4,4,0,0,0,0,13,11,4,3,4,20,4,5,0,0,43,15,3,3,6,15,16,15,0,3,76,6,0,0,0,0,0,0,0,0,7,0,0,0,0,0,0,0,0,0,3,4,0,0,0,0,0,0,0,0,6,0,0,0,0,0,0,0,0,0,0,14,0,0,3,6,3,0,0,0,26,10,0,0,0,3,0,0,0,0,16,18,5,0,5,7,5,6,0,0,46,20,0,6,5,16,8,8,0,0,60,46,12,8,18,38,40,37,0,4,201,0,0,0,0,0,0,0,0,0,0,0,0,0,0,4,0,3,0,0,13,4,3,3,7,5,3,6,0,0,30
LGA26350,4,6,3,5,8,3,4,0,0,39,4,3,3,3,3,0,0,0,0,20,83,11,32,26,75,70,81,4,9,383,3,0,9,3,11,7,11,0,0,54,207,36,61,80,154,187,175,3,6,925,67,17,34,40,44,47,51,0,4,303,549,160,266,380,614,606,741,17,31,3365,237,86,145,261,562,702,1582,13,31,3606,139,36,36,52,64,40,75,0,8,455,86,27,40,59,79,56,70,0,3,419,186,40,54,83,104,76,81,3,8,639,212,51,65,83,139,115,77,4,9,760,603,136,216,343,449,537,617,23,24,2958,143,36,46,67,124,129,434,4,6,978,124,17,32,46,57,61,47,0,7,396,353,84,119,157,220,223,201,5,11,1365,957,240,318,526,907,925,1062,14,38,4992,57,15,18,35,34,52,49,0,0,254,200,66,56,89,170,181,231,4,14,1012,167,51,82,121,166,214,296,6,53,1149
LGA26430,35,0,0,9,16,24,39,0,3,128,0,0,0,0,4,0,0,0,0,3,9,3,0,3,3,19,14,0,0,60,0,0,0,0,0,0,0,0,0,0,0,0,0,0,0,3,6,0,0,10,3,0,0,0,0,0,0,0,0,4,8,0,0,0,7,5,4,0,0,26,10,0,0,4,10,9,18,0,6,54,5,0,0,0,4,0,0,0,0,10,0,0,0,0,0,0,0,0,0,5,4,0,0,0,0,0,0,0,0,5,0,0,0,0,0,0,0,0,0,0,9,0,0,3,4,0,0,0,0,22,3,0,0,0,0,0,0,0,0,4,10,0,0,3,0,0,3,0,0,25,13,0,4,3,0,0,5,0,0,20,26,0,7,9,30,17,18,0,0,106,5,0,0,4,4,7,15,0,0,36,8,0,0,0,0,0,0,0,0,9,4,0,0,0,5,7,4,0,0,23
LGA26490,33,4,3,5,6,13,14,4,0,81,0,0,0,0,3,0,0,0,0,4,17,5,0,9,16,20,14,0,0,78,0,0,0,0,0,0,0,0,0,6,38,9,12,3,36,37,13,0,0,148,10,0,6,0,0,0,0,0,0,23,33,11,13,21,43,32,40,0,3,194,30,4,15,30,65,113,158,0,5,422,18,0,4,0,6,4,8,0,0,36,3,0,0,0,0,0,0,0,0,15,13,0,0,0,8,0,0,0,0,26,12,0,0,0,0,0,0,0,0,20,47,8,11,15,19,22,16,0,0,142,18,0,0,6,14,4,10,0,0,48,28,6,4,8,15,5,0,0,4,71,28,3,13,11,17,15,10,0,0,94,73,10,16,20,53,74,66,0,5,316,14,0,3,7,5,7,10,0,0,44,23,5,8,8,21,21,16,0,0,94,17,0,4,9,13,12,19,0,3,64
LGA26610,53,4,23,33,76,100,408,14,43,752,0,0,0,0,0,0,0,0,0,0,20,3,9,5,8,42,130,0,9,219,0,0,0,0,0,0,0,0,0,0,8,3,0,0,0,7,18,0,0,35,6,0,4,0,0,16,23,0,0,58,12,7,6,4,14,11,17,0,3,71,7,0,3,6,26,25,34,0,0,105,9,0,0,0,10,5,8,0,0,28,0,0,0,0,0,0,0,0,0,0,0,0,0,0,0,0,0,0,0,4,0,0,0,0,0,3,0,0,0,4,3,0,0,0,10,3,4,0,0,27,11,4,9,3,7,0,75,0,8,115,3,0,5,4,10,8,4,0,0,38,17,0,3,6,13,10,10,0,0,68,30,9,17,20,51,61,74,0,0,256,0,0,0,0,0,0,0,0,0,3,4,0,0,3,3,3,11,0,0,25,5,3,11,17,18,38,104,5,22,220
LGA26670,31,0,0,0,0,3,3,0,0,40,0,0,0,0,0,0,0,0,0,0,9,0,0,0,4,9,9,6,0,34,0,0,0,0,0,0,0,0,0,0,0,0,0,0,0,0,0,0,0,7,0,0,0,0,0,0,0,0,0,0,5,4,0,0,0,0,0,0,0,6,11,0,0,0,5,0,0,0,0,14,0,0,0,5,0,0,0,0,0,5,0,0,0,0,0,0,0,0,0,0,0,0,0,0,0,0,0,0,0,0,0,0,0,0,0,0,0,0,0,0,0,0,0,0,0,0,3,0,0,9,0,0,0,0,0,0,0,0,0,4,0,0,0,0,0,0,0,0,0,12,15,0,0,5,0,7,4,0,0,28,14,0,4,4,6,11,17,0,0,53,0,0,0,0,0,0,0,0,0,0,0,0,0,0,0,0,0,0,0,4,0,0,0,0,0,0,0,0,0,8
LGA26700,31,5,3,0,7,11,18,0,0,74,0,0,0,0,0,0,0,0,0,0,48,3,6,13,16,15,26,0,5,132,5,0,0,0,0,0,0,0,0,5,21,4,0,6,5,6,9,0,0,43,5,0,0,0,0,0,0,0,0,11,27,0,8,6,19,11,13,0,4,93,17,6,14,6,31,27,39,0,0,139,17,0,0,8,3,0,3,0,0,35,0,0,0,0,0,0,0,0,0,0,3,0,0,0,0,0,0,0,0,11,0,0,0,0,0,0,0,0,0,0,12,0,3,4,4,9,3,0,0,37,14,5,0,0,4,4,11,0,0,33,28,0,9,13,11,3,14,0,0,68,59,7,0,9,16,14,14,0,0,123,111,20,29,35,46,54,118,3,4,427,4,0,0,0,0,0,4,0,0,20,18,0,5,0,4,6,3,0,0,42,10,5,0,0,6,5,6,0,0,47
LGA26730,8,0,6,0,6,0,17,0,0,47,0,0,0,0,0,0,0,0,0,0,13,3,11,9,31,28,201,0,0,302,4,0,5,0,0,4,0,0,0,18,17,0,9,0,8,0,10,0,0,53,3,0,4,0,7,3,14,0,0,32,47,5,6,15,30,29,57,0,0,190,15,7,12,23,53,60,68,0,3,236,11,0,0,0,11,9,0,0,0,30,0,0,0,0,0,0,3,0,0,12,3,0,0,4,0,3,3,0,0,20,0,0,0,0,0,0,3,0,0,10,16,5,4,8,13,14,19,0,0,78,8,0,3,3,3,5,18,0,0,42,29,8,6,8,7,3,9,0,0,80,49,8,6,17,20,20,12,0,4,134,117,26,33,59,72,100,114,4,0,531,8,5,3,0,0,3,6,0,0,20,11,0,4,8,12,3,5,0,0,46,12,0,8,4,11,11,33,0,9,90
LGA26810,76,5,11,22,38,63,111,9,9,349,14,5,0,8,4,0,7,0,0,46,33,3,10,12,13,13,18,0,4,101,16,0,0,3,0,0,0,0,0,18,27,4,5,9,7,5,3,0,0,69,7,0,0,7,4,5,0,0,0,26,46,5,6,9,28,22,12,0,6,138,33,3,7,17,21,32,13,0,7,131,20,3,6,0,7,10,3,0,0,50,5,0,0,0,0,0,0,0,0,10,11,3,0,0,0,0,0,0,0,17,8,0,0,0,0,0,0,0,0,17,25,9,6,3,14,11,12,0,3,84,17,3,5,6,7,7,9,0,0,44,90,11,24,26,42,23,22,0,6,243,45,8,14,11,17,17,15,0,0,137,118,23,21,38,79,63,74,0,5,426,10,0,0,0,0,0,0,0,0,12,17,0,4,3,6,10,5,0,5,55,24,0,4,7,9,13,16,0,8,74
LGA26890,19,5,0,0,6,3,7,0,0,47,0,0,0,0,0,0,0,0,0,0,0,0,0,0,0,0,0,0,0,0,0,0,0,0,0,0,0,0,0,0,0,0,0,0,0,0,0,0,0,0,0,0,0,0,0,0,0,0,0,0,4,3,0,0,0,0,0,0,0,9,0,0,0,0,0,0,6,0,0,4,4,0,0,0,0,0,0,0,0,6,0,0,0,0,0,0,0,0,0,0,0,0,0,0,0,0,0,0,0,0,0,0,0,0,0,0,0,0,0,0,0,0,0,0,0,0,0,0,0,0,0,0,0,0,0,0,0,0,0,0,3,0,0,4,0,0,0,0,0,6,3,0,0,0,0,0,0,0,0,4,4,0,0,3,3,0,19,0,0,35,0,0,0,0,0,0,0,0,0,0,0,0,0,0,0,0,0,0,0,0,0,0,0,0,0,0,0,0,0,4
LGA26980,3,0,4,6,5,9,5,0,0,29,6,0,3,0,4,0,0,0,0,13,305,87,97,140,153,180,165,0,15,1136,81,21,27,37,73,46,37,0,0,318,250,64,135,206,325,306,321,5,10,1618,212,65,106,139,208,179,155,8,10,1073,569,143,183,319,522,465,544,9,19,2771,214,78,109,238,372,396,681,0,14,2108,159,23,48,83,115,109,200,0,8,752,123,25,55,65,104,71,78,0,4,532,138,46,86,143,220,153,118,3,6,912,119,31,67,114,169,153,73,0,13,744,567,136,252,389,541,555,439,12,15,2918,166,29,72,105,147,137,283,3,3,952,543,133,172,209,229,124,73,6,5,1499,743,206,338,482,642,607,569,3,27,3614,1544,431,595,1024,1437,1213,1018,16,53,7339,55,5,27,31,44,42,34,0,0,237,347,108,129,193,300,261,270,3,19,1628,247,66,95,168,260,302,403,5,81,1627
LGA27070,63,17,25,26,74,60,126,5,6,401,13,0,0,7,11,3,0,0,0,36,920,298,251,324,651,532,573,7,48,3594,41,7,7,20,32,25,28,0,0,161,507,119,155,221,451,449,532,7,30,2470,313,65,63,80,143,137,129,0,6,932,526,125,157,222,555,395,438,0,22,2450,164,49,64,144,389,283,479,7,17,1582,354,104,152,200,671,317,424,5,14,2244,33,6,8,28,36,35,29,0,0,180,95,19,35,47,72,54,30,0,3,365,65,6,25,24,53,41,29,0,0,243,194,51,87,116,160,168,152,0,0,935,187,55,42,81,161,127,274,0,15,937,227,57,57,70,156,107,54,0,12,741,391,108,128,191,362,289,184,3,6,1668,844,301,378,583,1440,1081,869,13,63,5566,34,8,8,24,43,37,19,0,0,177,201,43,60,63,158,131,142,4,10,817,390,104,108,182,340,309,385,8,100,1930
LGA27170,10,3,0,5,0,0,10,0,0,27,0,0,5,0,0,0,0,0,0,3,83,6,15,28,37,44,102,0,4,323,5,0,0,0,0,0,0,0,0,10,51,6,10,11,15,21,23,0,3,143,18,0,3,8,8,10,10,0,0,65,51,5,8,11,47,32,46,0,4,213,22,0,7,19,27,33,36,0,0,147,44,3,5,6,57,41,35,0,3,199,9,0,0,0,4,0,0,0,0,13,10,0,0,4,4,0,0,0,0,16,5,0,0,0,0,0,0,0,0,10,19,0,4,7,10,15,6,0,0,61,26,0,4,0,12,14,16,0,0,83,88,12,11,29,50,30,26,0,9,255,71,6,18,11,33,32,23,0,6,198,130,30,26,48,119,111,89,4,4,561,9,0,3,4,0,0,0,0,0,18,28,3,7,4,11,18,14,0,0,94,24,6,6,12,21,21,23,0,10,113
LGA27260,92,26,37,36,138,129,207,0,13,674,8,0,0,3,5,3,3,0,0,30,771,267,240,335,752,605,504,4,52,3529,61,12,17,32,77,65,46,0,4,312,449,116,182,301,695,600,881,12,28,3269,368,93,108,158,311,234,237,10,11,1522,601,177,259,593,1304,906,953,11,49,4858,165,56,82,279,661,536,713,3,15,2511,897,333,421,698,1902,1173,1395,11,65,6893,42,19,16,51,86,74,59,4,3,357,71,22,63,125,238,127,112,5,5,768,90,15,46,116,189,139,93,5,5,690,238,58,116,275,461,444,412,5,7,2006,208,63,84,148,317,281,472,0,11,1583,322,62,102,156,273,189,109,0,12,1229,531,169,226,419,861,649,421,10,16,3300,571,236,318,696,1549,1250,835,15,28,5508,34,11,10,43,78,58,45,3,8,291,214,65,54,106,324,229,255,7,5,1263,318,115,128,267,631,561,664,8,134,2835
LGA27350,6,5,3,15,3,10,13,0,0,54,4,0,3,5,0,0,5,0,0,12,346,88,104,149,238,254,271,5,3,1461,69,23,34,81,151,128,111,6,0,609,276,82,83,119,253,320,282,3,17,1438,280,58,72,121,185,183,149,4,6,1052,666,199,306,440,651,743,906,21,48,3965,286,95,155,260,523,684,1400,18,41,3463,230,64,84,131,215,171,189,6,3,1087,189,57,90,145,201,277,300,7,9,1267,206,54,86,133,157,168,133,3,4,939,105,21,32,52,83,98,75,0,4,479,876,291,442,659,925,1219,1332,35,39,5827,161,44,64,83,143,180,449,12,13,1144,234,43,52,84,144,95,76,0,3,735,345,91,118,141,262,252,252,10,15,1472,1599,414,531,797,1231,1192,1127,30,56,6982,108,33,20,57,73,87,96,6,5,480,234,32,69,96,155,227,233,11,14,1065,291,91,108,196,305,365,519,8,84,1968
LGA27450,182,28,32,40,66,91,158,0,17,608,0,0,0,0,0,0,0,0,0,4,374,83,83,134,196,167,148,6,13,1198,30,0,4,5,8,11,5,0,0,66,283,32,59,62,95,106,79,0,12,732,95,3,18,29,32,36,52,0,3,275,266,58,63,109,187,109,122,0,12,924,163,35,56,106,203,159,183,0,13,920,109,16,14,22,46,30,27,0,0,264,34,6,10,10,19,22,4,0,0,94,53,5,13,16,14,11,5,0,0,112,36,3,8,4,10,7,7,0,4,76,185,21,33,51,69,50,33,0,4,447,96,8,21,31,42,38,59,0,6,302,127,11,20,23,23,17,12,0,9,228,373,49,74,97,98,80,53,0,12,841,453,68,121,153,246,209,178,3,16,1456,66,10,11,10,18,11,15,0,3,149,122,33,15,19,47,43,45,0,8,328,140,14,27,55,79,84,94,0,18,516
LGA27630,0,0,0,0,0,3,3,0,0,13,0,0,0,0,0,0,0,0,0,0,3,0,0,0,0,0,0,0,0,4,0,0,0,0,0,0,3,0,0,3,0,0,0,0,0,0,0,0,0,4,0,0,0,0,0,4,0,0,0,4,3,0,0,6,6,4,7,0,0,18,0,0,0,0,0,8,0,0,0,7,4,0,0,0,0,5,0,0,0,10,0,0,0,0,0,0,0,0,0,0,0,0,0,0,0,0,0,0,0,4,0,0,0,0,0,0,0,0,0,0,0,0,0,0,0,0,0,0,0,0,0,0,0,0,0,0,0,0,0,0,3,0,0,0,3,0,0,0,0,9,6,0,0,0,0,0,0,0,0,10,16,0,7,3,18,14,19,0,0,75,0,0,0,0,0,0,0,0,0,0,3,0,0,0,0,0,0,0,0,3,6,0,0,0,3,0,0,0,0,3
LGA29399,4,0,0,0,0,0,0,0,0,7,0,0,0,0,0,0,0,0,0,0,0,0,0,0,0,0,0,0,0,4,0,0,0,0,0,0,0,0,0,3,0,0,0,0,0,0,0,0,0,4,0,0,0,0,0,0,0,0,0,0,3,0,0,3,0,0,4,0,0,14,26,5,11,19,22,20,98,0,11,203,19,0,12,3,7,10,17,0,0,69,0,0,0,0,0,0,0,0,0,0,0,0,0,0,0,0,0,0,0,0,0,0,0,0,0,3,0,0,0,10,0,0,0,0,0,0,0,0,0,4,0,0,0,5,0,0,23,0,0,24,0,0,0,0,0,0,0,0,0,4,5,0,6,3,0,5,3,0,0,21,0,0,0,3,0,0,4,0,0,9,13,0,0,0,0,0,3,0,0,23,0,0,0,0,0,0,0,0,0,3,5,0,0,0,8,7,3,0,0,23
LGA29499,104,21,28,25,56,66,152,10,39,497,20,0,3,3,8,0,9,0,3,51,243,37,48,76,82,89,87,5,11,679,82,10,11,24,42,27,24,0,6,230,2888,627,881,937,1764,1693,1655,27,198,10666,134,19,36,46,69,63,70,3,9,452,278,57,70,113,162,129,162,7,18,994,102,9,30,45,93,104,187,0,10,584,700,190,246,335,947,628,1359,17,44,4467,133,36,38,76,120,98,108,0,4,616,193,55,78,90,96,101,89,6,13,713,114,19,26,21,54,45,22,0,0,296,740,167,245,288,399,455,511,17,33,2857,1142,205,314,395,684,564,945,12,60,4312,293,69,65,103,141,101,100,0,17,890,328,83,119,180,265,195,245,18,11,1441,1149,325,315,456,591,559,628,5,42,4064,83,35,32,33,49,45,58,0,5,344,360,82,81,94,151,156,127,0,19,1072,493,91,134,206,371,362,420,25,128,2235
LGA29799,0,0,0,0,0,0,0,0,0,0,0,0,0,0,0,4,0,0,0,9,0,0,0,0,0,0,0,0,0,0,0,0,0,0,0,0,0,0,0,0,0,0,0,0,0,0,0,0,0,0,0,0,0,0,0,0,0,0,0,0,0,0,0,0,0,0,0,0,0,0,0,0,0,0,0,0,0,0,0,0,11,0,6,0,9,0,0,0,0,20,0,0,0,0,0,0,0,0,0,0,0,0,0,0,0,0,0,0,0,0,0,0,0,0,0,0,0,0,0,0,0,0,0,0,0,0,0,0,0,0,0,0,0,0,0,0,0,0,0,0,0,0,0,0,0,0,0,0,0,0,0,0,0,0,0,0,0,0,0,0,0,0,0,0,0,0,0,0,0,0,0,0,0,0,0,0,0,0,0,0,0,0,0,0,0,0,0,0,0,0,3,0,0,0,0,0,0,0,0,9
