POW_LGA_CODE_2021,SWs_PINS_H_0,SWs_PINS_H_1_19,SWs_PINS_H_20_29,SWs_PINS_H_30_34,SWs_PINS_H_35_39,SWs_PINS_H_40_44,SWs_PINS_H_45_49,SWs_PINS_H_50ov,SWs_PINS_H_NS,SWs_PINS_H_Tot,SWs_Tot_H_0,SWs_Tot_H_1_19,SWs_Tot_H_20_29,SWs_Tot_H_30_34,SWs_Tot_H_35_39,SWs_Tot_H_40_44,SWs_Tot_H_45_49,SWs_Tot_H_50ov,SWs_Tot_H_NS,SWs_Tot_H_Tot,MaOpD_NNI_H_0,MaOpD_NNI_H_1_19,MaOpD_NNI_H_20_29,MaOpD_NNI_H_30_34,MaOpD_NNI_H_35_39,MaOpD_NNI_H_40_44,MaOpD_NNI_H_45_49,MaOpD_NNI_H_50ov,MaOpD_NNI_H_NS,MaOpD_NNI_H_Tot,MaOpD_1_149_H_0,MaOpD_1_149_H_1_19,MaOpD_1_149_H_20_29,MaOpD_1_149_H_30_34,MaOpD_1_149_H_35_39,MaOpD_1_149_H_40_44,MaOpD_1_149_H_45_49,MaOpD_1_149_H_50ov,MaOpD_1_149_H_NS,MaOpD_1_149_H_Tot,MaOpD_150_299_H_0,MaOpD_150_299_H_1_19,MaOpD_150_299_H_20_29,MaOpD_150_299_H_30_34,MaOpD_150_299_H_35_39,MaOpD_150_299_H_40_44,MaOpD_150_299_H_45_49,MaOpD_150_299_H_50ov,MaOpD_150_299_H_NS,MaOpD_150_299_H_Tot,MaOpD_300_399_H_0,MaOpD_300_399_H_1_19,MaOpD_300_399_H_20_29,MaOpD_300_399_H_30_34,MaOpD_300_399_H_35_39,MaOpD_300_399_H_40_44,MaOpD_300_399_H_45_49,MaOpD_300_399_H_50ov,MaOpD_300_399_H_NS,MaOpD_300_399_H_Tot,MaOpD_400_499_H_0,MaOpD_400_499_H_1_19,MaOpD_400_499_H_20_29,MaOpD_400_499_H_30_34,MaOpD_400_499_H_35_39,MaOpD_400_499_H_40_44,MaOpD_400_499_H_45_49,MaOpD_400_499_H_50ov,MaOpD_400_499_H_NS,MaOpD_400_499_H_Tot,MaOpD_500_649_H_0,MaOpD_500_649_H_1_19,MaOpD_500_649_H_20_29,MaOpD_500_649_H_30_34,MaOpD_500_649_H_35_39,MaOpD_500_649_H_40_44,MaOpD_500_649_H_45_49,MaOpD_500_649_H_50ov,MaOpD_500_649_H_NS,MaOpD_500_649_H_Tot,MaOpD_650_799_H_0,MaOpD_650_799_H_1_19,MaOpD_650_799_H_20_29,MaOpD_650_799_H_30_34,MaOpD_650_799_H_35_39,MaOpD_650_799_H_40_44,MaOpD_650_799_H_45_49,MaOpD_650_799_H_50ov,MaOpD_650_799_H_NS,MaOpD_650_799_H_Tot,MaOpD_800_999_H_0,MaOpD_800_999_H_1_19,MaOpD_800_999_H_20_29,MaOpD_800_999_H_30_34,MaOpD_800_999_H_35_39,MaOpD_800_999_H_40_44,MaOpD_800_999_H_45_49,MaOpD_800_999_H_50ov,MaOpD_800_999_H_NS,MaOpD_800_999_H_Tot,MaOpD_1000_1249_H_0,MaOpD_1000_1249_H_1_19,MaOpD_1000_1249_H_20_29,MaOpD_1000_1249_H_30_34,MaOpD_1000_1249_H_35_39,MaOpD_1000_1249_H_40_44,MaOpD_1000_1249_H_45_49,MaOpD_1000_1249_H_50ov,MaOpD_1000_1249_H_NS,MaOpD_1000_1249_H_Tot,MaOpD_1250_1499_H_0,MaOpD_1250_1499_H_1_19,MaOpD_1250_1499_H_20_29,MaOpD_1250_1499_H_30_34,MaOpD_1250_1499_H_35_39,MaOpD_1250_1499_H_40_44,MaOpD_1250_1499_H_45_49,MaOpD_1250_1499_H_50ov,MaOpD_1250_1499_H_NS,MaOpD_1250_1499_H_Tot,MaOpD_1500_1749_H_0,MaOpD_1500_1749_H_1_19,MaOpD_1500_1749_H_20_29,MaOpD_1500_1749_H_30_34,MaOpD_1500_1749_H_35_39,MaOpD_1500_1749_H_40_44,MaOpD_1500_1749_H_45_49,MaOpD_1500_1749_H_50ov,MaOpD_1500_1749_H_NS,MaOpD_1500_1749_H_Tot,MaOpD_1750_1999_H_0,MaOpD_1750_1999_H_1_19,MaOpD_1750_1999_H_20_29,MaOpD_1750_1999_H_30_34,MaOpD_1750_1999_H_35_39,MaOpD_1750_1999_H_40_44,MaOpD_1750_1999_H_45_49,MaOpD_1750_1999_H_50ov,MaOpD_1750_1999_H_NS,MaOpD_1750_1999_H_Tot,MaOpD_2000_2999_H_0,MaOpD_2000_2999_H_1_19,MaOpD_2000_2999_H_20_29,MaOpD_2000_2999_H_30_34,MaOpD_2000_2999_H_35_39,MaOpD_2000_2999_H_40_44,MaOpD_2000_2999_H_45_49,MaOpD_2000_2999_H_50ov,MaOpD_2000_2999_H_NS,MaOpD_2000_2999_H_Tot,MaOpD_3000_3499_H_0,MaOpD_3000_3499_H_1_19,MaOpD_3000_3499_H_20_29,MaOpD_3000_3499_H_30_34,MaOpD_3000_3499_H_35_39,MaOpD_3000_3499_H_40_44,MaOpD_3000_3499_H_45_49,MaOpD_3000_3499_H_50ov,MaOpD_3000_3499_H_NS,MaOpD_3000_3499_H_Tot,MaOpD_3500mo_H_0,MaOpD_3500mo_H_1_19,MaOpD_3500mo_H_20_29,MaOpD_3500mo_H_30_34,MaOpD_3500mo_H_35_39,MaOpD_3500mo_H_40_44,MaOpD_3500mo_H_45_49,MaOpD_3500mo_H_50ov,MaOpD_3500mo_H_NS,MaOpD_3500mo_H_Tot,MaOpD_PINS_H_0,MaOpD_PINS_H_1_19,MaOpD_PINS_H_20_29,MaOpD_PINS_H_30_34,MaOpD_PINS_H_35_39,MaOpD_PINS_H_40_44,MaOpD_PINS_H_45_49,MaOpD_PINS_H_50ov,MaOpD_PINS_H_NS,MaOpD_PINS_H_Tot,MaOpD_Tot_H_0,MaOpD_Tot_H_1_19,MaOpD_Tot_H_20_29,MaOpD_Tot_H_30_34,MaOpD_Tot_H_35_39,MaOpD_Tot_H_40_44,MaOpD_Tot_H_45_49,MaOpD_Tot_H_50ov,MaOpD_Tot_H_NS,MaOpD_Tot_H_Tot,Lab_NNI_H_0,Lab_NNI_H_1_19,Lab_NNI_H_20_29,Lab_NNI_H_30_34,Lab_NNI_H_35_39,Lab_NNI_H_40_44,Lab_NNI_H_45_49,Lab_NNI_H_50ov,Lab_NNI_H_NS,Lab_NNI_H_Tot
LGA20110,0,0,5,0,0,0,0,0,0,8,39,167,98,47,62,40,6,30,8,502,0,0,0,0,0,0,0,0,0,0,0,0,0,0,0,0,0,0,0,3,0,0,0,0,0,0,0,0,0,3,0,5,0,0,0,0,0,0,0,4,0,0,0,0,0,0,0,0,0,0,0,11,6,3,0,0,0,0,0,21,3,3,0,4,10,3,0,0,0,35,3,0,3,4,20,7,5,5,0,44,0,3,0,4,16,18,8,11,0,68,0,0,0,0,9,10,12,8,0,43,0,0,0,0,7,5,0,13,0,34,0,0,0,0,0,0,0,6,0,10,0,0,0,0,0,0,0,9,0,9,0,0,0,0,0,0,0,0,0,0,0,0,0,0,0,0,0,0,0,0,0,0,0,0,0,0,0,0,0,3,16,29,24,21,67,54,28,54,3,284,3,0,0,3,0,0,0,0,0,3
LGA20260,0,0,0,0,0,0,0,0,0,0,25,123,48,30,69,39,8,19,5,375,0,0,0,0,0,0,0,0,0,0,0,0,0,0,0,0,0,0,0,4,0,0,0,0,0,0,0,0,0,0,0,5,0,0,0,0,0,0,0,5,0,4,0,0,0,0,0,0,0,5,0,0,5,0,4,0,0,0,0,11,0,0,4,0,9,8,0,3,0,32,0,0,0,3,13,28,7,4,0,61,9,0,0,3,19,18,4,6,0,55,4,0,0,0,9,10,6,14,0,41,3,0,0,3,0,3,3,5,0,24,0,0,0,0,0,8,0,3,0,17,0,4,0,0,0,0,0,8,0,15,0,0,0,0,0,0,0,0,0,0,0,0,0,0,0,0,0,0,0,0,0,0,0,0,0,0,0,0,0,9,20,21,11,10,48,87,20,55,0,273,0,8,0,0,0,0,0,0,0,5
LGA20570,3,12,6,3,3,5,0,0,9,47,394,1955,915,423,806,544,148,199,60,5456,0,4,4,0,0,0,0,0,0,7,3,18,0,0,0,5,0,0,0,23,0,26,8,0,0,0,0,0,0,43,8,33,9,3,0,0,0,0,0,59,8,46,23,3,6,8,0,4,0,95,10,40,53,27,17,11,9,10,3,172,10,32,53,27,76,46,13,12,6,269,15,26,37,38,206,131,33,48,5,546,18,22,32,28,164,198,88,82,9,637,15,7,7,11,56,119,55,96,0,383,14,3,5,4,36,83,31,94,10,269,13,0,4,0,14,43,20,80,4,189,17,0,4,0,11,33,13,112,4,199,4,0,0,0,0,8,7,8,0,27,3,0,0,0,9,3,6,16,0,32,0,6,0,0,9,4,0,9,6,28,138,270,234,156,599,692,271,557,40,2965,4,16,0,0,0,0,0,0,0,28
LGA20660,3,11,0,0,4,7,0,0,8,37,238,1554,606,233,370,336,76,144,45,3594,0,0,5,0,0,0,0,0,0,8,0,17,0,0,0,4,0,0,0,24,4,34,3,0,0,5,0,0,3,45,3,26,13,3,0,4,0,0,0,55,0,24,21,8,3,0,0,0,3,60,12,18,40,12,16,8,0,7,3,110,3,24,29,30,60,22,6,5,4,175,6,18,21,33,142,71,10,7,6,319,8,10,25,23,91,98,19,22,3,294,6,4,8,8,27,62,16,17,5,152,0,5,4,4,35,22,9,7,0,76,0,0,0,0,0,6,3,9,0,36,3,3,0,0,11,3,6,8,0,31,0,0,0,0,0,4,0,5,0,6,0,0,0,0,0,4,0,0,0,8,0,0,0,0,0,4,0,0,3,14,53,184,172,117,400,311,62,92,30,1421,3,10,0,0,0,0,0,0,0,22
LGA20740,0,4,10,0,5,0,0,0,0,22,145,536,285,123,219,144,24,42,17,1533,0,0,0,0,0,0,0,0,0,4,0,0,0,0,0,0,0,0,0,0,4,7,0,0,0,0,0,0,0,12,0,10,0,0,0,0,0,0,0,7,3,8,8,0,0,0,0,0,0,20,4,13,11,4,0,7,0,0,0,31,0,7,16,9,13,0,0,0,0,43,0,11,13,7,25,29,5,4,5,97,7,5,4,6,15,26,3,15,0,78,0,0,3,4,8,22,5,15,0,54,0,0,0,0,7,7,0,12,0,29,0,0,3,0,0,4,4,12,0,28,4,0,0,0,5,6,3,6,0,26,0,0,0,0,0,4,0,0,0,9,0,0,0,0,0,0,0,0,0,4,0,0,0,0,0,0,0,0,3,9,20,51,54,33,75,111,21,67,10,442,4,3,4,0,0,0,0,0,0,11
LGA20830,0,9,5,0,0,0,0,0,3,19,91,607,295,137,250,180,50,85,25,1730,0,0,0,0,0,0,0,3,0,4,0,17,0,0,0,0,0,0,0,21,3,13,5,0,0,0,0,0,0,27,0,11,0,5,0,3,0,0,0,22,0,12,9,0,0,0,0,4,0,29,7,8,21,4,8,0,0,8,4,52,3,4,27,4,21,15,0,6,4,96,3,8,27,12,55,40,7,15,10,179,7,10,10,11,39,59,25,48,7,212,0,5,4,8,22,24,20,39,7,126,0,3,3,0,8,19,13,34,0,78,0,0,3,0,6,14,5,22,0,58,3,3,0,0,3,7,7,34,0,62,3,0,0,0,0,3,0,0,0,5,0,0,0,0,0,3,0,8,0,5,0,0,0,0,5,4,0,0,3,11,34,105,106,47,161,195,87,213,35,986,0,15,0,0,0,0,0,0,3,23
LGA20910,0,6,3,0,5,0,0,0,10,27,199,1063,464,209,386,380,86,208,41,3026,0,0,0,0,0,0,0,0,0,3,0,13,0,0,0,0,0,0,0,21,0,20,3,0,0,0,0,0,0,24,0,14,3,0,0,0,0,0,0,20,0,10,15,0,0,0,0,0,0,30,4,14,23,0,3,3,0,0,0,50,3,10,15,8,19,9,4,0,6,81,0,10,13,15,55,29,0,4,0,134,5,5,11,8,51,43,11,4,0,137,4,3,0,5,20,25,16,5,0,80,0,0,4,0,15,21,4,14,0,60,0,0,0,0,5,8,10,3,0,31,0,0,0,3,4,8,5,3,0,26,0,0,0,0,0,0,0,0,0,8,0,0,0,0,0,0,0,3,0,3,0,0,0,0,0,0,0,0,4,8,22,104,82,42,174,161,57,50,15,707,0,13,0,0,0,0,0,0,0,14
LGA21010,0,0,0,0,0,0,0,0,0,0,27,137,77,49,73,36,12,27,9,443,0,0,0,0,0,0,0,0,0,0,0,4,0,0,0,0,0,0,0,8,0,5,0,0,0,0,0,0,0,5,0,4,3,0,0,0,0,0,0,7,0,5,0,0,0,0,0,0,0,3,0,3,4,0,0,0,0,7,0,17,4,0,0,3,12,12,0,0,0,43,6,4,3,9,46,30,10,3,0,106,3,0,6,4,20,44,3,21,3,121,3,0,5,0,24,19,8,18,0,78,5,0,4,0,5,8,0,12,0,37,0,0,0,0,3,5,0,10,0,23,7,0,0,0,4,12,0,26,0,48,0,0,0,0,0,0,0,3,0,3,0,0,0,0,0,0,0,0,0,0,0,0,0,0,0,0,0,0,0,3,26,24,33,21,122,126,33,113,4,487,0,4,0,0,0,0,0,5,0,8
LGA21110,7,16,10,0,4,0,5,0,7,48,396,2254,1034,424,851,970,252,463,68,6711,0,0,0,0,0,0,0,0,0,6,0,46,0,0,0,0,0,0,0,47,3,26,3,0,0,0,0,0,0,41,4,19,12,0,0,3,0,0,0,38,0,17,14,4,4,0,0,0,0,48,0,21,36,11,6,8,0,5,0,91,9,18,38,13,19,16,0,5,7,130,7,20,26,9,43,29,8,5,7,144,3,4,21,15,40,37,10,9,0,146,3,4,5,10,27,37,8,10,4,105,10,0,4,10,24,41,11,11,0,114,8,4,3,0,5,42,12,11,0,90,0,0,0,0,5,32,18,28,0,91,0,0,0,0,0,7,0,9,0,20,0,0,0,0,0,5,0,9,0,13,0,0,4,0,0,0,4,3,0,11,62,189,165,76,175,253,71,96,34,1115,6,13,0,0,0,0,0,0,0,30
LGA21180,0,10,10,0,4,8,0,0,16,53,415,2158,1132,467,1022,864,214,289,98,6672,4,5,4,8,0,0,0,3,3,35,8,37,0,0,0,0,0,0,0,51,9,85,26,3,8,7,0,0,0,135,13,93,49,13,6,8,0,0,3,197,12,127,136,26,18,23,0,9,10,361,21,132,224,67,56,39,6,20,11,581,45,121,235,123,300,171,20,34,21,1061,78,143,267,203,863,537,93,101,49,2321,59,88,168,135,705,795,199,249,34,2426,47,40,56,51,326,420,144,261,14,1353,26,15,29,22,180,257,118,259,11,917,16,11,13,7,61,94,55,208,4,469,16,7,4,14,41,74,48,182,6,389,0,0,6,3,0,11,8,20,0,46,0,0,5,0,5,7,5,15,0,42,0,4,13,0,21,12,0,3,26,84,367,906,1220,679,2586,2450,695,1376,215,10488,15,37,9,0,10,11,3,0,4,93
LGA21270,0,0,0,0,0,0,0,0,0,0,6,55,29,14,24,16,0,11,5,157,0,0,0,0,0,0,0,0,0,4,0,0,0,0,0,0,0,0,0,0,0,0,0,0,0,0,0,0,0,0,0,0,0,0,0,0,0,0,0,5,0,4,0,4,0,0,0,0,0,10,0,0,0,0,0,0,0,0,0,3,0,0,5,0,4,3,0,0,0,17,0,0,0,5,3,14,0,6,0,30,4,0,0,0,7,12,8,3,0,42,0,0,0,0,6,8,10,9,0,37,0,0,0,0,3,7,0,8,0,15,3,0,0,0,0,0,0,7,0,10,0,0,0,0,0,0,0,3,0,4,0,0,0,0,0,0,0,0,0,0,0,0,0,0,0,0,0,4,0,4,0,0,0,0,0,0,0,0,0,4,11,11,9,6,26,46,22,43,0,184,0,9,0,0,0,0,0,0,0,6
LGA21370,0,0,5,0,0,0,0,0,3,9,112,531,269,118,264,160,38,61,32,1582,0,0,0,0,0,0,0,0,0,3,4,8,0,0,0,0,0,0,0,7,0,10,3,0,0,0,0,0,0,16,0,11,8,0,0,0,0,4,0,29,0,6,4,0,0,0,0,0,0,19,0,18,18,9,3,5,4,3,0,63,8,12,9,11,22,22,5,3,0,82,8,6,9,13,50,39,9,19,0,162,12,7,14,11,46,76,37,51,6,253,11,0,6,4,24,48,25,48,0,153,4,0,3,6,16,34,27,45,0,130,8,0,0,0,7,20,20,26,4,75,0,0,0,0,4,6,10,30,0,54,0,0,0,0,0,0,0,5,0,5,0,0,0,0,0,0,0,0,0,5,0,5,0,0,4,3,0,3,3,19,53,79,76,54,176,255,130,235,19,1083,5,8,0,0,0,0,0,0,0,17
LGA21450,0,6,0,0,8,0,4,0,11,32,188,1314,566,242,472,289,82,130,37,3322,0,0,0,0,0,0,0,3,0,13,3,22,4,0,0,0,0,0,0,30,3,23,7,0,0,0,0,0,0,30,3,23,10,6,6,4,0,0,0,47,0,14,29,5,4,8,0,0,0,72,8,19,37,13,19,15,3,8,0,120,4,25,37,32,51,28,11,14,4,210,15,15,24,19,100,106,15,26,11,342,7,16,21,25,106,157,50,85,6,473,14,4,11,10,47,88,43,79,4,286,6,3,7,10,27,61,25,93,0,226,0,0,3,4,7,20,16,61,0,110,5,0,0,0,13,19,9,52,0,100,0,0,0,0,0,3,3,9,0,25,3,0,0,0,0,8,5,8,0,21,0,0,0,0,5,5,3,5,7,22,83,178,199,117,384,510,181,444,44,2137,7,12,4,0,0,4,0,3,0,35
LGA21610,6,34,16,3,8,6,0,0,17,99,739,3995,1809,712,1428,821,220,365,120,10208,0,3,4,0,0,3,0,0,5,19,0,58,6,0,3,0,0,0,0,74,10,89,13,0,4,5,0,0,0,123,9,81,45,11,3,8,0,5,0,168,11,74,80,14,17,21,3,0,3,226,18,72,139,30,54,30,5,20,8,381,22,62,94,90,176,97,20,26,16,612,22,47,115,98,385,270,52,86,32,1112,28,49,81,49,289,314,110,152,7,1087,21,20,21,27,102,192,74,144,15,613,9,9,9,9,49,121,41,131,10,393,4,6,5,13,10,36,27,92,4,191,11,4,4,6,24,41,17,68,3,170,4,0,0,0,3,4,6,8,0,32,0,5,0,0,0,7,5,18,0,33,0,3,5,3,15,10,6,0,16,56,168,596,623,370,1133,1157,367,755,131,5293,9,50,13,0,3,10,0,0,4,91
LGA21670,0,3,0,0,0,3,0,0,0,7,28,171,92,36,62,45,14,12,5,477,0,0,0,0,0,0,0,0,0,0,0,0,0,0,0,0,0,0,0,3,0,9,0,0,0,0,0,0,0,8,0,3,4,0,0,0,0,0,0,8,0,5,5,0,0,0,0,0,0,4,0,4,0,0,0,3,0,0,0,11,7,4,6,8,17,0,0,5,0,42,3,5,10,9,20,9,0,0,0,53,3,0,0,0,19,16,8,10,0,62,0,0,0,0,5,7,8,16,3,51,0,0,0,0,3,3,0,8,0,20,0,0,0,0,0,0,0,4,0,7,3,0,0,0,5,5,0,5,0,18,0,0,0,0,0,0,0,0,0,0,0,0,0,0,0,0,0,0,0,0,0,0,0,0,4,0,0,0,0,4,19,24,26,23,63,53,19,57,9,288,0,3,0,0,0,0,0,0,0,6
LGA21750,0,0,0,0,0,0,0,0,0,10,64,346,137,79,120,73,14,29,19,880,0,4,0,0,0,0,0,0,0,3,4,0,0,0,0,0,0,0,0,4,7,6,0,0,0,0,0,0,0,7,0,5,6,0,0,4,0,0,0,12,0,5,5,0,0,0,0,6,0,18,3,10,10,4,0,0,0,0,0,32,0,4,4,3,14,7,6,6,3,49,7,7,11,6,55,41,9,6,3,142,6,4,3,10,45,47,31,47,0,185,4,4,0,5,23,43,15,49,5,138,3,0,0,0,10,18,13,37,0,89,0,0,0,0,5,3,4,27,0,45,0,0,0,0,0,5,3,15,0,22,0,0,0,0,0,0,0,0,0,0,0,0,0,0,0,0,0,0,0,0,0,0,0,0,3,5,0,3,0,15,38,53,41,25,160,165,81,197,18,766,5,10,0,0,0,3,0,3,0,22
LGA21830,0,7,0,3,0,0,0,0,0,11,24,169,68,44,64,44,12,28,10,466,0,0,0,0,0,0,0,0,0,0,0,4,0,0,0,0,0,3,0,8,0,0,4,4,0,0,0,4,0,11,0,3,0,4,0,0,0,0,0,6,0,4,8,0,0,0,0,0,0,11,0,4,10,0,3,0,0,0,0,22,0,7,10,4,5,6,4,5,7,43,5,4,9,3,14,32,7,8,0,91,14,0,3,6,15,58,18,20,0,129,4,4,4,0,10,27,11,34,0,92,0,0,0,0,3,15,9,35,0,73,7,0,0,0,5,12,13,16,0,45,0,0,0,0,0,11,10,17,0,37,0,0,0,0,0,0,0,0,0,4,0,0,0,0,0,0,0,0,0,0,4,0,0,0,3,3,0,0,0,13,32,38,50,16,62,165,72,139,16,593,3,8,0,0,0,0,0,4,0,15
LGA21890,4,12,5,5,8,4,0,3,13,51,449,1894,898,393,790,589,142,227,62,5453,0,3,0,0,0,3,0,0,0,9,4,21,4,3,0,0,0,0,0,33,5,38,6,0,0,0,0,0,5,59,3,49,23,6,0,0,3,4,0,85,14,35,53,5,5,3,0,6,5,117,10,62,104,24,30,5,0,4,6,249,12,32,76,56,111,71,7,12,16,390,21,39,61,61,303,183,29,20,13,736,19,23,38,27,193,167,41,44,6,557,7,9,14,14,74,113,35,46,7,319,3,7,3,3,30,67,21,39,6,188,5,0,10,6,20,42,17,22,0,127,14,4,5,6,15,37,35,38,0,146,0,0,3,0,0,3,0,0,0,15,0,4,4,0,0,0,0,0,0,9,0,0,3,0,0,3,0,0,6,14,124,336,407,215,782,705,198,235,65,3060,9,20,7,4,3,0,0,0,0,42
LGA22110,4,0,4,0,0,0,0,0,4,20,101,545,299,157,242,174,40,68,32,1657,0,0,0,0,0,0,0,0,0,3,0,6,0,4,0,0,0,0,0,13,0,9,0,0,0,0,0,0,0,9,0,15,8,0,0,0,6,0,0,26,6,11,7,4,4,0,0,0,0,32,5,13,26,6,9,9,0,5,3,63,0,17,26,14,25,12,8,6,3,113,6,8,16,16,61,60,14,27,4,215,9,5,3,16,45,65,31,53,0,221,5,0,0,3,30,35,22,38,0,145,3,0,0,0,11,25,5,55,0,97,3,0,0,5,6,4,5,28,0,57,5,0,0,0,6,0,11,10,0,36,3,0,0,0,0,0,0,0,0,4,0,0,0,0,0,0,0,0,0,9,0,0,0,0,3,3,0,0,4,12,55,86,100,63,197,220,93,220,27,1053,4,4,0,7,4,0,0,3,0,19
LGA22170,7,12,5,7,3,4,3,0,5,55,422,2019,938,424,775,539,138,190,57,5499,3,3,0,0,5,0,0,0,0,15,5,26,3,0,0,0,0,0,0,42,6,39,0,4,0,0,0,0,0,50,0,35,21,3,0,0,0,4,0,66,9,29,25,9,9,0,0,0,0,86,8,31,45,13,13,5,0,8,4,131,18,19,50,36,102,41,5,18,6,300,17,32,46,53,248,138,22,23,13,599,10,16,12,26,166,160,54,68,6,512,3,4,5,10,76,91,30,55,7,300,8,3,9,10,24,63,36,56,3,209,5,3,0,0,10,22,6,63,0,110,8,0,4,0,15,35,16,68,0,141,0,0,0,0,3,0,8,9,0,18,0,0,0,0,0,0,0,0,0,9,0,0,0,0,9,0,0,11,7,28,103,246,225,173,682,574,175,372,50,2599,8,16,3,0,0,3,0,8,4,38
LGA22250,0,0,0,0,0,0,0,0,0,4,13,82,52,20,51,32,10,22,4,292,0,0,0,0,0,0,0,0,0,0,0,0,0,0,0,0,0,0,0,0,0,3,0,0,0,0,0,0,0,4,0,4,0,0,0,0,0,0,0,9,0,5,0,0,0,0,0,0,0,6,0,6,5,0,0,0,0,6,0,20,7,0,3,5,3,7,0,3,0,18,0,3,5,3,17,13,3,3,0,51,0,5,3,0,7,28,8,10,3,59,0,0,0,5,3,9,6,7,0,34,0,0,0,0,4,4,0,9,0,17,0,0,0,0,0,5,4,0,0,8,0,0,0,0,0,3,0,0,0,5,0,0,0,0,0,0,0,0,0,3,0,0,0,0,0,0,0,0,0,4,0,0,0,0,0,0,0,0,0,6,10,19,20,15,36,76,19,48,9,252,0,9,0,0,0,0,0,0,0,7
LGA22310,5,9,0,4,0,0,0,0,8,23,181,1197,593,215,440,402,125,222,23,3407,0,0,0,0,0,0,0,0,0,9,3,21,3,0,0,0,0,0,0,29,4,23,8,0,0,0,0,0,0,36,3,19,5,0,0,0,0,0,0,33,4,25,12,4,0,0,0,0,0,46,0,21,24,11,3,3,0,0,0,80,7,16,19,18,10,10,0,5,0,88,5,8,21,19,37,33,0,8,3,134,5,15,24,10,21,23,4,10,0,113,0,3,6,8,10,22,3,10,0,63,3,3,3,0,6,32,3,7,0,59,5,0,0,0,4,28,5,5,0,48,0,5,0,3,3,18,6,10,0,45,0,0,0,0,0,0,0,3,0,8,0,0,0,0,0,0,0,0,0,4,0,0,0,0,4,0,0,0,0,7,39,154,134,78,99,176,34,50,24,783,0,13,4,0,0,0,0,0,0,22
LGA22410,0,0,0,3,0,0,0,0,0,3,37,252,109,49,83,56,16,22,4,628,4,0,0,0,0,4,0,0,0,8,0,3,0,0,0,0,0,0,0,9,6,10,0,0,0,0,0,0,0,10,4,9,0,0,0,0,0,0,0,10,0,10,4,0,5,0,0,0,0,14,3,4,12,0,0,0,0,5,0,23,5,0,5,3,8,9,0,4,0,45,3,11,4,7,16,28,0,16,3,90,7,7,5,6,24,48,17,35,0,142,7,0,4,0,22,40,12,45,6,135,6,3,3,5,9,28,9,35,0,103,5,0,3,0,7,11,10,34,0,79,15,0,4,0,23,84,24,46,0,199,0,0,0,0,0,0,0,0,0,0,0,0,0,0,0,0,0,3,0,6,0,0,0,0,3,3,0,0,3,13,62,61,51,24,128,264,80,214,22,891,0,3,0,0,0,0,0,3,0,4
LGA22490,0,0,0,0,0,0,0,0,0,0,10,121,44,25,31,27,3,8,7,278,0,0,0,0,0,0,0,0,0,4,0,5,0,0,0,0,0,0,0,4,0,3,0,0,0,0,0,0,0,7,0,7,5,0,0,0,0,0,0,11,0,4,3,0,0,0,0,0,0,9,0,5,3,0,0,0,0,0,0,17,0,5,3,0,8,4,0,0,0,19,3,8,3,6,3,10,5,3,0,35,4,3,4,0,11,19,3,14,0,62,0,3,0,0,3,6,11,9,0,41,0,0,0,0,4,0,0,13,0,29,0,0,0,0,0,0,0,15,0,25,0,0,0,0,0,0,0,6,0,5,0,0,0,0,0,0,0,0,0,3,0,0,0,0,0,0,0,0,0,0,0,0,0,0,0,3,0,3,0,3,11,35,24,13,37,56,24,73,9,281,6,9,0,0,0,0,0,0,0,9
LGA22620,6,11,4,0,8,4,0,0,11,43,349,1796,824,369,758,477,105,194,64,4957,0,0,0,0,0,3,0,0,0,10,8,35,0,0,0,0,0,0,0,42,7,33,9,0,0,0,0,0,0,49,3,37,8,6,6,3,0,0,0,75,5,31,19,11,3,9,0,4,0,86,6,43,59,8,17,8,0,15,3,169,14,24,48,40,96,44,8,12,7,293,16,27,38,44,209,143,22,50,7,563,25,6,12,31,172,192,81,115,12,638,21,9,3,14,67,97,47,116,8,377,16,12,0,5,39,65,36,146,9,325,10,3,6,4,18,25,15,109,10,192,26,3,3,4,18,51,27,153,8,285,0,0,0,0,0,9,7,26,0,44,5,0,0,4,5,4,5,16,0,34,9,0,0,5,0,3,3,5,4,34,165,272,213,180,649,660,255,758,61,3204,10,15,10,0,0,0,0,0,0,37
LGA22670,0,14,12,4,12,6,0,0,26,73,385,1967,1151,555,1784,1535,384,521,131,8420,10,8,12,0,14,8,3,5,0,55,9,65,10,0,5,0,0,0,0,95,16,85,27,7,5,9,0,6,0,152,15,152,59,14,17,12,3,0,5,279,9,136,154,24,37,18,4,3,8,393,39,151,292,105,104,64,9,16,9,781,52,134,302,230,643,293,34,46,34,1767,86,176,312,334,1962,1128,208,150,53,4415,85,131,211,256,1672,1333,419,368,32,4518,52,65,65,78,619,672,268,404,24,2247,20,25,28,42,237,314,181,344,27,1221,17,10,9,15,106,148,98,275,9,690,19,5,13,9,65,150,82,280,5,632,6,6,0,0,7,16,22,19,0,72,0,3,3,0,13,8,7,29,0,65,5,7,8,4,30,20,8,15,42,142,447,1145,1522,1121,5535,4206,1337,1969,248,17525,13,43,18,7,12,10,0,4,4,111
LGA22750,7,27,10,5,6,5,3,0,23,86,880,4286,1846,798,1541,1097,269,421,114,11253,4,3,4,0,0,0,0,10,3,24,14,55,0,5,0,0,0,0,3,76,8,102,20,0,6,4,0,3,0,144,19,109,49,9,3,10,3,3,0,196,16,110,69,13,10,7,0,3,9,244,27,112,138,54,45,28,5,13,7,431,39,83,139,93,190,120,21,34,15,740,45,73,131,116,490,400,67,53,20,1388,39,32,75,88,370,527,151,189,15,1497,21,20,23,33,164,265,119,170,14,826,25,11,7,12,64,155,66,193,0,539,12,6,7,8,32,60,35,156,4,322,16,6,7,6,42,78,51,139,4,352,9,0,0,0,4,22,8,31,0,68,0,0,0,3,5,16,12,23,0,58,5,5,9,0,17,13,3,9,10,72,295,745,682,437,1447,1700,539,1020,110,6976,16,32,5,6,0,4,0,4,0,68
LGA22830,0,8,0,4,0,0,0,6,5,36,190,984,424,223,459,296,78,115,46,2817,0,0,0,0,0,0,0,4,0,5,0,10,0,0,0,3,0,0,4,16,4,11,3,0,0,0,0,0,0,16,0,7,7,5,0,4,0,0,6,28,3,17,14,0,5,0,0,0,0,53,7,27,30,7,9,8,0,3,4,106,16,27,29,17,66,21,6,13,9,203,19,21,27,19,151,163,25,33,10,461,21,12,20,20,113,153,63,95,16,498,14,6,7,9,57,91,43,82,5,303,12,0,6,7,21,48,34,58,3,175,11,0,6,0,14,18,14,41,0,104,3,0,3,0,8,14,4,41,0,81,0,0,0,0,0,0,0,0,0,0,0,0,0,0,0,4,0,9,0,20,0,0,0,0,0,5,4,0,10,19,109,149,146,85,450,525,196,386,62,2097,8,22,8,0,0,0,0,5,3,43
LGA22910,0,0,0,0,0,0,0,0,0,3,34,142,73,35,62,38,12,19,7,433,0,0,0,0,0,0,0,0,0,0,0,0,0,0,0,0,0,0,0,0,0,0,0,0,0,0,0,0,0,0,0,0,0,0,0,0,0,0,0,0,0,0,0,3,0,0,0,0,0,5,0,3,0,0,0,0,0,0,0,10,0,0,9,8,0,4,0,0,0,20,0,3,7,5,9,6,0,8,0,39,3,0,0,0,7,15,3,3,0,34,0,0,5,0,5,6,6,6,0,22,0,0,0,0,5,0,0,7,0,15,0,0,0,0,0,0,0,0,0,7,0,4,0,0,0,3,3,5,0,10,0,0,0,0,0,0,0,0,0,0,0,0,0,0,0,0,0,0,0,0,0,0,0,0,0,0,0,0,0,0,6,15,27,20,25,35,11,24,4,163,3,5,0,0,0,0,0,0,0,8
LGA22980,0,0,0,0,0,0,0,0,0,0,7,28,6,12,20,18,5,6,0,110,0,0,0,0,0,0,0,0,0,0,0,0,0,0,0,0,0,0,0,0,0,0,0,0,0,0,0,0,0,5,0,0,0,0,0,0,0,0,0,0,0,0,0,0,0,0,0,0,0,5,0,3,0,0,3,0,0,0,0,9,0,0,4,3,4,3,0,0,0,16,0,0,5,0,14,8,0,4,0,30,0,0,0,4,21,14,0,3,0,51,0,0,0,0,3,6,0,6,0,17,0,0,0,0,7,0,3,3,0,21,0,0,0,0,4,0,0,0,0,10,0,0,3,0,10,9,0,3,0,26,0,0,0,0,3,0,0,0,0,5,0,0,0,0,0,0,0,0,0,4,0,0,0,0,0,0,0,4,0,4,9,10,15,15,62,40,9,42,4,198,0,0,0,0,3,0,0,0,0,9
LGA23110,0,11,0,0,3,3,0,0,4,29,214,955,465,205,428,386,80,133,27,2895,0,3,0,0,4,3,0,4,0,17,0,20,0,0,4,0,0,0,0,28,11,47,3,3,0,6,0,0,0,72,4,39,20,0,0,3,0,0,0,76,6,37,35,3,8,9,0,0,4,89,8,52,67,30,32,22,0,4,4,225,22,31,83,58,154,63,8,14,13,436,21,49,85,89,380,238,42,45,19,962,34,39,52,55,354,326,97,111,14,1085,19,11,22,27,157,187,69,137,11,642,10,3,13,8,99,115,51,124,6,431,15,4,0,9,53,60,41,116,6,300,16,4,11,12,56,82,77,171,9,433,3,0,0,3,4,13,15,30,0,74,0,4,0,0,9,7,0,22,0,39,4,3,3,0,0,7,4,9,10,36,168,341,404,309,1309,1135,404,791,91,4940,0,7,6,0,0,0,0,0,5,25
LGA23190,4,4,0,0,0,0,0,0,0,9,66,285,153,81,190,110,34,32,7,952,0,0,0,0,0,0,0,0,0,0,0,5,0,0,0,0,0,0,0,9,0,7,0,0,0,0,0,0,0,7,0,9,3,0,0,0,0,0,0,14,0,9,3,0,0,0,0,0,0,14,0,14,8,4,5,0,0,0,0,30,0,8,18,3,10,4,0,0,7,49,4,3,9,8,41,25,4,8,0,101,4,0,0,7,34,42,13,27,3,132,0,0,0,3,17,22,12,20,0,76,7,5,3,0,9,9,11,31,0,69,0,0,0,0,4,9,0,11,0,35,3,0,0,3,5,3,0,14,0,33,0,0,0,0,0,0,0,5,0,9,0,0,0,0,0,0,0,3,0,6,0,0,0,0,0,0,0,0,0,6,13,55,49,31,131,117,44,123,21,588,0,4,0,0,0,0,0,0,0,6
LGA23270,9,26,11,10,10,6,0,0,18,87,666,2815,1515,614,1453,1033,236,358,117,8804,12,15,3,3,9,5,6,3,6,65,8,39,14,4,0,3,0,0,0,78,19,123,34,6,5,4,0,0,0,200,26,167,69,10,16,9,5,0,10,318,25,150,138,33,10,27,4,5,8,402,42,183,313,90,81,47,11,23,23,802,56,172,329,181,425,209,31,43,30,1472,108,187,281,301,1096,695,126,123,59,2976,91,115,164,168,1028,959,265,315,51,3151,50,50,58,64,419,530,226,382,29,1808,34,29,35,24,215,332,134,316,17,1134,16,20,8,8,95,144,67,220,8,593,25,12,13,15,75,120,101,222,7,586,5,3,0,0,8,17,13,37,0,90,4,8,0,4,7,24,7,47,0,97,9,6,7,8,14,14,18,5,37,107,512,1285,1480,931,3507,3148,989,1741,295,13888,22,41,10,10,7,4,0,3,11,110
LGA23350,0,0,0,0,0,0,0,0,0,0,40,148,64,35,45,25,12,6,3,368,0,0,0,0,0,0,0,0,0,3,0,0,0,0,0,0,0,0,0,6,0,0,0,0,0,0,0,0,0,4,0,0,6,0,0,0,0,0,0,7,0,0,6,0,0,0,0,0,0,10,0,0,4,4,0,0,0,0,0,17,3,7,10,5,7,4,0,0,0,29,4,5,11,4,3,9,3,5,0,39,5,0,7,7,16,28,0,12,0,80,6,0,0,0,14,17,9,6,0,53,8,0,0,0,6,15,5,8,0,51,0,0,0,0,4,10,0,17,0,26,0,0,0,0,0,6,3,9,0,26,0,0,0,0,0,0,0,0,0,0,0,0,0,0,0,0,0,0,0,5,0,0,0,0,0,0,0,0,0,0,25,19,40,26,52,91,28,60,9,352,0,5,0,0,0,0,0,3,0,14
LGA23430,7,19,10,0,6,3,0,4,16,63,663,2886,1335,551,1427,1105,284,374,72,8698,0,12,5,3,6,0,0,9,0,34,5,55,8,0,0,4,0,0,0,77,11,100,19,4,7,0,0,0,0,131,8,75,37,11,7,9,0,5,6,155,13,82,94,17,10,7,0,3,3,229,11,101,174,36,57,26,6,9,6,421,28,73,150,131,335,140,16,27,14,902,38,93,133,133,835,426,58,57,20,1790,31,40,78,68,620,540,124,129,23,1652,20,20,24,41,263,316,89,155,4,932,8,7,4,12,108,174,68,126,0,515,4,0,9,3,34,49,33,67,4,193,4,9,6,4,32,30,25,62,0,170,0,0,0,0,9,3,4,7,0,28,0,3,0,0,6,3,0,15,0,31,0,4,6,0,11,18,4,0,11,50,186,673,737,467,2332,1745,421,663,100,7323,9,20,6,3,8,0,4,0,9,55
LGA23670,0,11,11,0,4,6,6,5,8,51,391,2376,994,401,1076,903,257,328,59,6795,4,8,0,4,4,0,0,8,0,32,3,46,3,6,0,0,0,0,0,53,7,82,13,3,0,0,0,0,0,113,17,66,45,3,4,4,0,0,0,143,12,64,43,5,3,3,0,0,4,132,14,57,112,53,47,21,3,5,6,318,21,62,100,104,242,87,11,18,10,651,39,36,83,109,665,308,54,36,15,1347,28,39,45,64,515,449,101,100,18,1352,13,17,20,29,209,238,72,100,9,705,18,3,8,13,95,163,51,93,4,448,9,6,7,3,41,66,39,70,3,243,7,3,0,3,22,51,17,74,0,172,0,0,0,0,4,6,0,5,0,18,0,3,0,4,4,3,0,8,0,21,0,4,0,0,4,20,0,6,21,53,179,505,480,398,1858,1431,360,510,87,5807,7,19,5,3,0,4,0,4,4,40
LGA23810,7,12,4,0,4,3,0,3,10,37,209,1133,502,267,486,267,71,111,51,3092,5,4,0,0,5,0,0,6,0,12,0,13,0,0,0,0,0,0,0,13,3,22,0,0,0,0,0,0,0,26,5,22,5,5,0,3,0,0,0,40,5,21,20,0,3,0,0,0,0,51,6,17,27,5,0,6,0,3,0,71,9,18,36,26,38,26,11,5,0,177,13,14,27,24,87,78,20,20,7,288,13,10,9,21,84,119,40,73,12,375,6,7,7,3,42,62,42,94,6,281,5,7,3,8,51,52,46,77,3,252,13,8,4,5,41,43,66,62,0,247,27,0,4,5,60,80,78,84,6,346,3,0,10,7,22,17,17,22,0,102,12,0,0,0,39,8,28,30,0,121,3,3,0,0,5,4,3,0,5,22,126,171,142,108,486,504,356,479,56,2433,3,12,7,0,4,0,0,0,0,33
LGA23940,0,0,0,0,0,0,0,0,0,3,6,55,16,13,13,6,5,9,9,128,0,0,0,0,0,0,0,0,0,0,0,0,0,0,0,0,0,0,0,0,0,0,0,0,0,0,0,0,0,3,0,7,0,0,0,0,0,0,0,8,0,0,3,0,3,0,0,0,0,14,3,0,4,0,0,0,0,0,0,16,0,6,3,6,0,6,3,4,0,21,0,0,5,0,16,9,0,4,0,35,4,0,5,0,15,12,4,16,0,56,0,0,0,0,7,12,3,8,0,36,0,3,0,0,3,6,4,4,0,19,0,0,0,0,0,0,0,7,0,7,0,0,0,0,0,0,0,11,0,5,0,0,0,0,0,0,0,0,0,0,0,0,0,0,0,0,0,0,0,0,0,0,0,0,0,0,0,0,0,5,13,21,16,11,44,39,13,59,8,232,0,3,0,0,0,0,0,0,0,12
LGA24130,0,4,3,0,0,0,0,0,0,9,81,623,233,100,157,146,47,75,18,1478,0,0,0,0,0,0,0,0,0,0,4,8,0,0,0,0,0,0,0,9,0,18,3,0,0,0,0,0,0,19,0,8,6,0,0,0,0,0,0,13,0,19,4,0,0,0,0,0,0,30,3,16,10,5,0,6,0,8,0,50,0,11,22,5,10,7,0,5,0,65,9,12,8,7,21,20,8,17,0,95,5,6,8,7,21,41,12,23,9,124,9,0,7,0,16,26,7,32,0,95,4,4,3,0,7,15,11,20,0,66,0,0,0,0,5,7,6,26,0,43,0,0,0,0,4,3,3,22,0,40,0,0,0,0,0,0,0,3,0,5,0,0,0,0,0,0,0,9,0,9,0,0,3,0,0,3,4,0,8,15,32,89,66,36,82,136,53,156,16,670,0,8,0,0,0,0,0,0,0,16
LGA24210,3,15,0,0,10,0,0,0,4,46,450,1993,803,287,495,343,100,138,35,4646,0,8,0,0,0,0,0,0,0,5,0,14,0,0,0,0,0,0,0,15,7,12,7,0,0,0,0,0,0,27,4,16,6,5,0,0,0,0,0,30,0,15,13,3,0,4,0,0,0,37,5,18,26,12,0,4,0,0,5,67,3,15,24,14,23,7,0,0,0,88,7,3,19,10,23,36,0,5,3,116,3,15,18,15,47,68,11,17,8,198,5,0,3,6,33,52,24,12,0,129,0,0,4,0,7,24,25,14,0,75,4,3,0,0,7,13,16,10,0,53,0,0,0,0,0,0,6,8,0,27,3,0,0,0,0,0,0,0,0,9,0,0,0,0,0,0,0,0,0,0,0,0,0,0,0,0,0,0,0,4,43,122,121,68,137,214,88,75,20,885,10,13,0,0,0,0,0,0,4,26
LGA24250,0,0,0,0,3,0,0,0,0,9,20,111,63,42,58,55,15,29,8,405,0,0,0,0,0,0,0,0,0,4,0,0,0,0,0,0,0,0,0,0,0,0,0,0,0,0,0,0,0,0,0,3,0,0,0,0,0,0,0,4,0,3,3,0,0,0,0,0,0,11,0,3,5,0,0,4,0,5,0,17,0,5,3,3,0,0,0,0,0,18,0,0,9,0,3,10,3,5,0,33,10,6,0,0,3,20,6,10,0,61,0,0,0,0,5,4,7,9,0,28,5,0,0,0,0,7,0,3,0,19,0,3,0,0,0,3,0,3,0,13,5,0,0,0,0,0,0,14,0,20,0,0,0,0,0,0,0,0,0,0,0,0,0,0,0,0,0,0,0,0,0,0,0,0,0,0,0,0,0,4,21,35,23,7,25,54,22,39,6,229,0,0,0,0,0,0,0,0,0,8
LGA24330,4,12,3,4,5,0,0,3,6,37,579,1864,908,389,696,403,65,169,50,5125,0,3,0,0,4,0,0,0,0,11,5,18,0,0,0,0,0,0,0,22,8,42,7,0,0,0,0,0,0,64,4,42,13,4,5,0,0,0,0,75,4,46,52,15,4,3,3,0,0,130,9,58,86,23,17,10,0,5,8,211,20,47,83,59,108,44,10,6,14,384,18,48,73,66,306,134,22,29,9,710,16,23,46,43,224,169,67,66,12,666,15,9,11,18,104,109,53,71,3,405,5,12,5,9,44,64,34,76,5,254,3,0,6,0,23,38,20,47,0,139,0,4,0,0,12,37,15,58,0,129,0,0,0,0,0,3,0,12,0,20,0,0,0,0,3,8,0,13,0,30,0,0,0,0,7,5,0,0,8,28,111,361,400,235,857,625,231,391,69,3284,6,14,0,3,0,3,0,0,4,30
LGA24410,7,9,4,4,4,4,4,5,4,36,474,2106,919,380,681,504,120,191,41,5430,0,10,3,0,0,3,0,0,0,15,0,16,0,0,4,0,0,0,0,21,8,42,5,5,0,0,0,0,6,58,6,25,16,5,0,5,0,0,0,54,3,28,35,7,10,9,0,6,3,86,6,32,62,21,9,8,3,8,5,149,7,25,36,29,99,48,7,9,3,267,9,12,31,46,237,143,27,24,5,539,15,16,17,24,184,202,54,56,4,578,7,9,7,9,73,104,42,47,0,300,0,7,5,3,29,59,31,58,0,195,6,5,3,0,9,20,14,33,0,82,6,3,4,0,9,28,19,39,3,104,0,0,0,0,4,0,9,11,0,23,0,0,0,0,0,0,5,3,0,8,0,0,3,0,5,0,0,4,7,22,72,236,218,147,664,619,207,293,37,2501,8,12,0,0,3,0,0,5,5,33
LGA24600,11,16,11,6,20,19,4,12,54,145,2081,4212,2754,1292,4659,3807,867,1466,322,21463,7,8,4,0,0,4,0,3,4,31,0,33,4,0,4,0,0,3,0,50,13,69,9,4,0,3,0,0,0,105,13,96,30,4,3,5,0,0,7,169,10,73,70,12,10,8,0,0,7,194,24,92,116,40,24,29,0,4,17,339,37,81,109,71,95,69,7,10,17,497,42,81,128,68,266,213,27,31,39,891,40,53,88,68,284,311,74,101,32,1049,25,25,25,21,175,198,72,127,17,678,37,24,19,16,128,181,47,149,15,613,43,13,10,21,95,144,65,138,12,542,113,24,30,48,238,506,138,233,10,1341,30,0,4,6,49,179,66,82,7,421,16,0,0,0,19,66,29,100,5,244,4,3,5,6,6,18,0,9,31,81,468,691,651,383,1384,1927,529,994,208,7246,36,37,9,0,3,10,0,0,13,111
LGA24650,0,16,7,0,3,0,0,0,7,40,322,1667,779,303,548,400,116,141,47,4325,4,4,0,0,3,4,0,4,4,24,6,17,9,0,0,0,0,0,0,37,4,34,13,5,0,4,3,0,0,67,3,49,20,9,0,8,0,0,4,88,0,62,58,10,13,11,0,4,0,155,11,53,81,23,27,21,0,12,3,237,15,53,80,63,100,57,15,25,16,413,23,46,75,61,241,177,33,37,12,714,16,30,58,57,224,230,87,93,21,820,8,6,34,26,85,142,67,108,12,491,3,8,15,9,33,72,30,123,3,299,4,3,6,6,8,30,19,55,5,133,0,0,5,0,15,27,3,54,0,108,0,0,3,0,0,9,5,12,3,27,0,0,0,0,4,0,3,11,4,24,0,3,3,0,7,3,4,6,19,39,111,379,448,259,766,810,272,539,97,3687,7,26,6,0,0,3,0,0,3,46
LGA24780,4,8,7,4,3,0,0,0,3,30,146,792,410,214,446,243,59,80,51,2434,0,3,0,0,0,0,0,0,0,3,0,8,0,0,0,0,0,0,0,8,0,16,0,0,0,0,0,0,0,21,0,13,6,5,0,4,0,0,0,25,0,18,13,0,4,3,0,0,0,44,7,12,25,7,8,11,0,4,0,79,10,9,28,20,42,35,7,14,3,173,9,12,14,18,122,107,24,23,5,332,10,3,7,20,77,108,32,57,9,329,4,6,4,9,34,57,28,45,3,188,5,6,0,4,12,24,11,59,6,132,3,0,0,0,9,14,8,48,0,85,0,0,6,0,9,10,5,43,0,71,0,0,0,0,0,0,0,3,0,0,0,0,0,0,0,0,0,5,0,3,0,4,0,0,0,9,0,3,6,18,57,98,96,86,321,381,120,312,38,1505,5,13,0,7,0,0,0,6,0,27
LGA24850,0,11,4,0,0,0,0,5,3,20,77,538,253,100,170,104,26,49,26,1333,0,3,0,0,0,0,0,0,0,3,0,9,0,0,0,0,0,0,0,9,0,8,0,0,0,0,0,0,0,15,0,12,3,0,0,0,0,0,0,21,0,8,6,3,0,0,0,0,0,17,0,7,22,4,6,3,3,0,4,57,3,6,14,5,14,16,5,4,0,70,5,12,13,12,37,41,16,11,0,148,10,3,6,4,32,71,31,28,3,185,3,0,3,3,20,48,13,32,0,124,4,0,0,0,11,20,6,33,4,82,4,4,0,3,4,16,7,17,0,49,4,0,0,0,4,13,6,16,3,39,6,0,0,0,0,8,3,5,0,15,0,0,0,0,0,0,0,0,0,4,0,0,0,0,0,4,0,0,5,8,39,70,80,34,132,240,89,155,15,857,3,11,4,0,0,0,0,0,0,27
LGA24900,0,0,0,0,0,0,0,0,0,6,65,328,151,92,164,98,18,43,20,983,0,0,0,0,0,0,0,0,0,0,3,0,0,0,0,0,0,0,0,5,4,5,0,4,0,0,0,0,0,11,0,6,5,0,0,0,0,3,0,14,3,6,4,0,0,0,0,4,0,17,4,13,19,4,4,5,0,0,0,48,4,4,10,10,14,11,3,3,0,63,11,4,5,6,32,27,7,8,7,104,4,6,7,9,39,56,23,36,8,185,0,0,0,4,17,37,24,46,0,138,3,3,0,0,12,27,9,28,0,80,0,6,0,0,0,7,11,32,0,49,3,0,0,0,7,3,11,23,0,47,0,0,0,0,0,0,0,4,0,4,0,0,0,0,3,0,0,0,0,3,0,4,0,0,0,0,0,3,3,14,36,49,58,43,125,180,81,196,17,792,0,6,3,0,0,0,0,4,0,15
LGA24970,9,10,5,3,10,14,3,7,19,81,497,2628,1310,563,1560,1392,349,541,96,8949,10,5,0,0,0,4,5,0,3,25,12,60,7,0,0,0,0,0,0,86,15,88,22,3,0,0,0,0,0,124,14,78,40,12,0,0,0,6,0,149,16,73,80,16,6,11,0,4,5,205,27,76,122,42,33,17,0,10,7,333,33,68,120,90,181,81,14,19,15,617,37,60,128,88,400,275,54,39,23,1105,37,63,76,94,390,322,72,66,15,1141,18,13,34,47,185,199,64,78,5,643,17,18,6,15,107,139,50,62,8,422,7,0,9,7,56,70,31,48,3,223,5,5,3,9,22,50,30,37,0,160,0,0,5,0,0,9,0,18,0,39,3,3,0,0,3,3,0,11,4,29,0,0,7,3,16,9,0,4,16,51,230,614,649,423,1424,1193,332,379,111,5354,12,13,7,4,0,0,0,3,6,54
LGA25060,4,16,6,0,7,3,0,3,3,43,453,1943,726,312,618,357,117,198,37,4745,0,3,0,0,0,0,0,0,0,9,6,17,0,0,0,0,0,0,0,27,7,27,3,4,0,0,0,0,0,42,5,29,11,0,0,5,0,0,0,48,4,25,27,3,3,4,0,0,0,71,6,17,22,9,4,3,0,4,6,67,5,15,30,13,19,17,3,4,7,117,10,14,22,15,73,42,4,6,6,200,7,14,19,12,51,58,13,25,6,198,6,9,10,7,31,41,6,8,0,122,5,3,0,0,20,38,7,13,0,92,4,3,0,5,4,28,10,16,4,75,8,4,0,0,8,25,5,30,3,85,0,0,0,0,0,0,0,0,0,3,0,0,0,0,3,0,0,0,0,7,0,0,0,0,4,6,0,0,12,16,69,183,145,77,214,263,59,118,44,1176,0,9,7,0,0,3,0,3,3,29
LGA25150,0,0,0,0,0,3,0,0,0,8,44,422,177,49,70,74,16,26,13,895,0,0,0,0,0,4,0,0,0,3,0,3,6,0,0,0,0,0,0,13,0,9,0,0,0,0,0,0,0,8,0,3,0,0,0,0,0,0,0,18,4,6,11,4,0,0,0,0,0,20,6,6,7,4,0,6,0,0,0,30,3,4,14,6,11,10,5,4,4,58,4,3,22,19,17,19,0,9,3,107,6,8,15,8,33,51,23,38,0,170,10,0,6,10,22,38,22,41,4,134,0,3,0,0,5,24,9,48,0,87,0,0,0,0,5,11,9,26,0,53,4,0,0,0,6,10,3,24,0,40,0,0,0,0,0,0,0,3,0,4,0,0,0,0,0,6,0,5,0,12,0,0,0,0,0,0,0,6,3,9,37,52,87,57,92,168,67,202,14,773,3,8,3,0,0,0,0,0,0,22
LGA25250,0,7,4,0,5,0,0,3,16,32,232,1376,701,270,538,409,95,189,47,3865,0,4,4,0,0,4,0,4,0,18,3,18,4,0,0,0,0,0,0,33,7,36,8,0,3,0,0,0,0,54,5,36,27,0,5,0,0,3,3,74,4,55,41,3,0,7,0,0,3,121,13,69,76,34,22,15,5,9,6,247,14,42,70,34,88,49,0,11,5,311,18,46,64,38,146,96,14,17,6,446,11,22,30,34,120,107,18,29,8,373,3,7,10,12,40,57,14,27,5,175,3,3,5,7,36,44,11,16,0,122,4,0,6,0,12,37,14,13,0,92,4,0,4,4,6,34,10,22,0,81,0,0,0,0,0,0,0,0,0,10,0,0,0,0,0,0,0,9,0,9,0,0,3,3,0,0,0,0,9,16,95,347,345,164,474,447,91,158,46,2167,6,18,3,0,4,0,0,0,0,32
LGA25340,10,8,12,8,6,3,5,0,10,58,486,2492,1206,518,779,519,118,274,86,6478,0,0,0,0,0,3,0,0,0,9,3,41,0,0,0,0,0,0,0,48,10,49,7,0,0,0,0,0,0,68,9,54,13,5,0,0,0,0,3,80,3,31,26,3,8,0,0,0,0,65,7,25,49,16,12,3,4,0,6,128,8,32,37,29,53,18,0,6,4,184,14,25,30,42,127,93,19,19,3,362,16,19,11,14,121,111,39,54,3,385,0,9,5,11,40,65,31,56,3,214,11,4,10,4,19,42,17,55,0,162,3,0,6,4,7,31,33,62,3,151,10,9,0,4,29,27,26,71,5,180,0,0,6,0,0,0,0,3,0,11,0,0,0,0,0,3,0,7,0,17,0,4,4,0,10,4,4,5,7,35,89,300,199,127,419,415,179,330,37,2090,12,29,5,0,0,8,0,6,4,66
LGA25430,0,3,0,0,0,0,0,0,0,12,28,232,97,38,48,48,14,26,7,538,0,0,0,0,0,0,0,0,0,0,0,4,0,0,0,0,0,0,0,4,0,3,0,3,0,0,0,0,0,4,0,8,0,0,0,0,0,0,0,7,4,6,9,0,0,0,0,0,0,16,0,5,16,6,4,0,0,0,0,30,0,3,3,4,3,3,0,3,0,27,6,3,5,3,16,16,8,0,0,62,0,9,4,3,15,33,11,16,6,99,3,0,5,3,0,11,6,20,0,46,5,0,0,0,0,9,3,24,0,37,0,0,0,0,3,4,0,8,0,16,0,0,0,0,0,0,0,8,0,13,0,0,0,0,0,0,0,0,0,0,0,0,0,0,0,0,0,0,0,0,0,0,0,0,0,0,0,3,0,3,18,41,35,23,51,83,25,83,7,370,0,3,0,0,0,0,0,0,0,7
LGA25490,0,0,0,0,0,0,0,0,0,7,21,111,37,16,43,35,8,24,8,312,0,0,0,0,0,0,0,0,0,3,0,0,0,0,0,0,0,0,0,0,0,3,0,0,0,0,0,0,0,9,0,0,0,0,0,0,0,0,0,3,3,0,0,0,0,0,0,0,0,8,0,6,0,0,0,0,0,0,0,10,0,0,0,7,6,0,0,3,0,16,10,0,0,7,12,18,4,8,0,71,3,0,3,6,20,40,17,6,0,101,0,4,0,3,13,29,13,26,0,91,6,4,0,0,5,16,15,21,0,60,0,0,0,0,10,11,13,22,0,64,0,0,0,0,9,9,7,15,0,38,0,0,0,0,0,0,0,4,0,5,0,0,0,0,0,3,0,0,0,6,0,0,0,0,0,0,0,3,0,8,24,19,10,23,87,135,73,103,11,487,3,6,0,0,0,0,0,0,0,8
LGA25620,0,0,0,0,0,0,0,0,0,0,25,75,46,33,51,44,13,22,7,307,0,0,0,3,0,0,0,0,0,3,0,3,0,0,0,0,0,0,0,4,0,0,0,0,0,0,0,0,0,0,0,4,0,0,0,0,0,0,0,9,3,4,0,5,0,0,0,0,0,14,0,4,0,9,0,3,0,0,0,22,0,3,0,5,5,4,0,0,0,16,3,0,9,3,9,11,4,0,0,42,9,0,3,0,17,12,0,12,0,57,3,0,0,0,8,11,6,12,0,33,0,0,0,0,0,10,0,4,0,14,0,0,0,0,3,0,3,7,0,16,0,0,0,0,0,0,0,0,0,5,0,0,0,0,0,0,0,0,0,0,0,0,0,0,0,0,0,4,0,4,0,0,0,0,0,0,0,0,0,3,18,25,22,20,44,53,13,38,6,240,0,10,0,0,0,0,0,0,0,15
LGA25710,0,4,0,0,0,6,0,0,0,13,65,602,214,98,119,132,37,57,13,1335,0,0,0,0,0,0,0,0,0,3,4,3,0,0,0,0,0,0,0,5,3,23,4,0,0,0,0,0,0,24,0,12,5,0,0,0,0,0,0,19,4,7,0,0,0,6,0,0,0,14,5,10,12,4,0,4,0,0,0,30,0,9,0,10,14,11,0,0,0,48,5,5,9,4,18,22,4,3,0,67,4,4,6,3,22,33,9,7,0,85,0,0,3,3,10,21,5,8,0,55,0,0,5,0,3,9,5,7,0,31,0,0,0,0,0,5,4,6,0,19,3,0,0,4,4,6,3,8,0,28,0,0,0,0,0,6,3,6,0,10,3,0,0,0,0,0,0,3,0,6,0,0,0,0,0,0,0,0,0,0,32,69,42,31,75,109,29,49,3,444,6,6,3,0,0,0,0,0,0,16
LGA25810,0,4,0,0,0,0,0,0,0,5,26,120,40,30,69,41,9,16,12,365,0,0,0,0,0,0,0,0,0,3,0,0,0,0,0,0,0,0,0,0,0,0,0,0,0,0,0,0,0,0,0,0,0,0,0,0,0,0,0,6,0,5,0,0,0,0,0,0,0,8,0,9,0,4,3,0,0,0,0,20,3,4,5,6,3,5,0,7,0,30,0,8,7,4,9,15,5,3,0,46,5,3,0,0,11,18,5,17,0,57,0,3,0,0,4,18,3,36,0,68,0,0,0,0,6,12,3,27,0,50,0,0,0,0,0,5,0,21,0,27,3,0,0,0,0,0,0,24,0,33,0,0,0,0,0,0,0,8,0,3,0,0,0,0,0,0,0,0,0,8,0,0,0,0,0,0,0,0,5,4,23,32,24,18,34,73,21,141,8,376,0,0,0,0,5,0,0,0,0,10
LGA25900,0,6,4,0,0,6,6,0,15,42,305,1120,743,363,1130,1152,298,517,68,5697,0,0,0,0,0,6,0,0,0,5,4,28,0,0,0,0,0,0,0,33,9,50,17,0,4,0,0,0,0,76,10,60,28,5,0,0,0,3,4,104,19,73,76,9,6,6,0,3,7,188,20,71,105,26,18,10,3,8,0,265,15,56,88,36,47,43,3,4,15,306,19,49,100,55,121,62,12,19,15,447,13,26,58,27,115,109,32,31,12,413,10,8,22,11,50,61,20,33,5,228,5,8,9,0,24,50,10,23,0,133,6,0,3,6,13,45,9,22,0,110,6,0,0,0,12,36,19,36,0,118,0,0,3,0,0,7,3,6,0,21,0,0,0,0,0,0,0,12,0,21,0,0,3,0,3,8,0,0,5,17,141,428,511,181,400,433,120,213,62,2491,10,8,0,0,5,6,0,0,0,25
LGA25990,0,0,0,0,0,0,0,0,0,3,9,38,22,11,11,9,5,5,5,107,0,0,0,0,0,0,0,0,0,0,0,0,0,0,0,0,0,0,0,0,0,0,0,0,0,0,0,0,0,4,0,0,0,0,0,0,0,0,0,0,0,0,0,0,0,0,0,0,0,0,0,0,0,0,0,4,0,0,0,8,0,0,0,0,0,0,0,0,0,0,0,0,0,0,10,3,0,4,0,20,0,0,0,4,7,7,6,3,0,23,0,0,0,0,6,8,4,10,0,32,6,0,0,0,4,0,4,0,0,14,0,0,0,0,0,0,0,4,0,5,0,0,0,0,0,0,3,4,0,8,0,0,0,0,0,0,0,0,0,0,0,0,0,0,0,0,0,0,0,0,0,0,0,0,0,0,0,0,0,3,3,14,6,9,23,32,14,33,3,129,0,0,0,0,0,0,0,3,0,6
LGA26080,0,0,0,0,0,0,0,0,0,4,14,51,23,9,12,8,0,5,3,124,0,0,0,0,0,0,0,0,0,0,0,0,0,0,0,0,0,0,0,0,0,0,0,0,0,0,0,0,0,0,0,0,0,0,0,0,0,0,0,0,0,0,0,0,0,0,0,0,0,0,0,0,0,0,0,0,0,0,0,0,0,0,0,0,0,0,0,0,0,0,0,0,0,0,0,0,0,0,0,4,0,0,0,0,0,0,0,0,0,0,0,0,0,0,0,0,0,0,0,0,0,0,0,0,0,0,0,0,0,7,0,0,0,0,0,0,0,0,0,3,0,0,0,0,0,0,0,0,0,0,0,0,0,0,0,0,0,0,0,0,0,0,0,0,0,0,0,0,0,0,0,0,0,0,0,0,0,0,0,0,0,9,0,0,4,0,0,0,0,19,0,0,0,0,0,0,0,0,0,0
LGA26170,0,6,0,4,0,0,0,0,0,19,62,360,151,81,124,101,23,49,16,962,0,0,0,0,0,0,0,0,0,3,0,4,0,0,0,0,0,0,0,6,0,4,0,0,0,0,0,0,0,4,0,3,0,0,0,0,0,0,0,8,0,4,6,0,0,3,0,4,0,22,6,13,19,4,0,9,0,0,0,42,0,11,9,4,11,17,3,3,0,57,4,8,18,14,34,23,6,8,4,108,4,0,12,3,27,38,11,23,3,128,12,4,8,4,22,31,20,36,5,132,7,3,0,4,19,26,13,38,3,111,3,0,0,0,8,8,16,36,0,72,3,0,0,0,3,0,11,43,0,68,0,0,0,0,0,0,0,3,0,8,0,0,0,0,0,0,0,0,0,4,0,0,0,0,0,9,0,4,0,15,46,47,71,39,127,164,91,195,15,789,5,3,3,0,0,4,0,0,3,13
LGA26260,0,0,4,0,0,0,0,0,0,5,53,192,97,60,118,100,30,38,9,696,0,0,0,0,0,0,0,0,0,0,0,0,0,0,0,0,0,0,0,4,0,3,0,0,0,0,0,0,0,3,0,6,0,0,0,0,0,0,0,6,0,0,0,0,0,0,0,0,0,14,3,7,4,0,4,0,0,7,0,24,0,3,4,4,10,6,0,0,0,34,0,6,8,10,17,22,4,4,0,66,4,6,5,0,17,26,6,21,0,82,0,0,0,0,4,11,7,25,3,49,0,0,0,0,5,5,4,21,0,35,0,3,0,0,0,5,0,12,0,25,0,0,0,0,0,0,0,7,0,7,0,0,0,0,0,0,0,0,0,0,0,0,0,0,0,0,0,0,0,0,0,0,0,0,4,0,0,0,5,9,18,32,28,23,58,82,27,90,4,357,0,9,0,0,0,0,3,0,3,14
LGA26350,10,12,4,0,5,5,4,3,10,52,1066,2990,1455,522,1237,775,186,341,99,8678,0,0,0,0,0,0,0,0,0,3,0,13,3,0,0,0,0,0,0,17,6,20,3,4,0,0,0,0,0,32,3,15,7,7,0,0,0,0,0,30,3,28,17,0,0,0,0,0,0,50,5,30,31,8,6,0,0,0,3,82,0,22,24,18,25,14,0,4,4,112,3,8,21,22,32,31,5,0,3,127,4,6,11,10,39,28,7,8,0,116,0,8,9,8,18,33,3,11,0,79,3,0,5,6,10,29,6,5,0,62,7,3,0,4,14,44,8,11,0,83,8,0,0,0,4,24,19,12,0,71,0,0,0,0,0,5,0,0,0,6,0,0,0,0,0,0,0,3,0,8,0,0,0,0,0,3,0,0,4,8,44,157,127,75,149,203,48,57,14,885,5,6,4,0,0,4,0,0,5,31
LGA26430,0,0,0,0,0,0,0,0,0,3,19,78,45,30,42,39,7,17,3,277,0,0,0,0,0,0,0,0,0,0,0,0,0,0,0,0,0,0,0,0,0,0,0,0,0,0,0,0,0,0,0,3,0,0,0,0,0,0,0,4,0,0,3,0,0,4,0,0,0,6,0,0,7,0,0,0,0,5,0,10,4,0,0,0,6,9,0,4,0,17,0,3,4,4,11,11,0,5,0,39,0,0,3,0,13,9,5,12,0,38,0,0,0,0,4,5,5,8,3,26,0,0,0,0,5,0,0,6,0,12,0,0,0,0,0,0,0,3,0,5,0,0,0,0,0,0,0,0,0,5,0,0,0,0,0,0,0,0,0,0,0,0,0,0,0,0,0,0,0,0,0,0,0,0,0,0,0,0,0,0,11,11,14,5,36,43,12,41,7,172,0,4,0,0,0,0,0,0,0,5
LGA26490,0,4,0,0,0,0,0,0,7,15,102,502,203,93,142,103,20,68,14,1248,0,0,0,0,0,0,0,0,0,0,0,14,0,0,0,0,0,0,0,10,0,4,0,0,0,0,0,0,0,9,0,3,0,0,0,0,0,0,0,11,0,7,3,0,0,0,0,0,0,17,0,5,4,0,4,3,0,0,0,20,3,5,4,10,5,6,0,0,4,31,0,6,0,4,14,22,3,0,0,55,0,0,5,0,5,19,3,14,0,57,0,0,0,0,3,14,0,12,0,34,0,4,0,0,4,0,5,9,0,20,0,0,0,0,5,3,0,10,0,18,0,0,0,0,8,3,0,4,0,19,0,0,0,0,0,0,0,0,0,0,0,0,0,0,0,0,0,3,0,8,0,0,0,0,0,0,0,0,0,9,14,53,22,19,50,72,19,60,10,313,3,5,0,0,0,3,0,0,0,14
LGA26610,0,0,0,0,0,0,0,0,0,13,55,233,131,69,136,120,36,46,12,833,0,0,0,0,0,0,0,0,0,5,0,5,0,0,0,0,0,0,0,0,0,11,6,0,0,0,0,0,0,13,0,7,0,0,0,0,0,0,0,10,0,7,4,0,0,0,0,0,0,15,0,6,8,0,8,0,0,9,0,34,3,12,6,6,27,15,0,0,0,74,4,8,14,8,41,41,7,13,0,145,3,5,7,3,29,50,20,31,4,159,4,0,0,0,13,17,19,24,4,80,0,3,0,0,3,14,3,12,0,45,0,0,0,0,0,4,3,21,0,29,4,0,0,0,3,0,0,12,0,21,0,0,0,0,0,0,0,0,0,0,0,0,0,0,3,0,0,4,0,7,0,0,0,0,0,0,0,3,5,6,14,63,53,21,129,143,63,126,18,649,3,5,0,0,4,0,0,0,0,13
LGA26670,0,0,0,0,0,0,0,3,0,6,5,44,16,9,26,10,5,7,0,123,0,0,0,0,0,0,0,0,0,0,0,0,0,0,0,0,0,0,0,0,0,0,0,0,0,0,0,0,0,0,0,0,0,0,0,0,0,0,0,0,0,0,0,0,0,0,0,0,0,6,0,0,0,0,0,0,0,0,0,0,0,5,0,0,3,0,0,0,0,12,0,6,7,0,10,0,0,3,0,19,4,0,0,0,13,9,0,4,0,29,0,0,0,0,5,6,0,10,0,24,0,0,0,0,3,0,0,4,0,10,0,0,0,0,0,5,0,5,0,7,4,0,0,0,0,0,0,4,0,10,0,0,0,0,0,0,0,0,0,3,0,0,0,0,0,0,0,0,0,0,0,0,0,0,0,0,0,0,0,0,8,5,12,3,31,23,4,27,3,118,0,0,0,0,0,0,0,0,0,5
LGA26700,0,0,0,0,4,5,0,0,0,15,97,382,199,89,194,132,36,62,13,1211,0,0,0,0,0,0,0,0,0,0,0,3,0,0,0,0,0,0,0,7,3,10,3,0,0,0,0,0,0,14,0,6,0,0,0,0,0,0,0,14,0,7,7,0,4,0,0,0,0,22,0,12,17,3,8,0,0,0,0,38,6,8,13,5,37,16,0,3,4,91,5,7,20,17,91,38,5,10,3,194,3,0,7,12,62,50,16,28,4,181,0,0,5,4,25,28,8,19,6,92,0,0,0,0,11,10,8,19,5,54,0,0,3,0,3,3,0,21,0,31,0,0,0,0,0,9,6,15,0,30,0,0,0,0,0,0,0,4,0,7,0,0,0,0,0,0,0,3,0,4,0,0,0,0,0,0,0,0,0,4,30,59,75,45,237,165,40,126,18,798,3,7,0,0,0,0,0,0,0,13
LGA26730,0,0,4,0,4,0,0,0,0,11,129,731,318,151,309,194,49,89,34,2000,0,0,0,0,0,0,0,0,0,4,0,9,0,0,0,0,0,0,0,11,0,12,0,0,0,0,0,0,0,19,0,8,4,0,0,0,0,0,0,13,0,12,6,3,0,0,0,0,0,23,0,17,5,7,6,6,0,3,0,47,4,20,11,6,24,14,3,4,0,94,9,0,12,6,48,47,10,13,0,144,5,3,16,8,47,55,18,17,0,169,3,0,0,0,17,51,12,27,3,119,4,0,0,0,9,16,19,39,7,86,0,4,0,0,3,5,0,21,5,45,0,0,0,0,4,8,4,19,0,43,0,0,0,0,0,0,0,0,0,5,0,0,0,0,0,0,0,0,0,0,4,0,0,0,0,7,0,3,3,16,31,83,69,44,164,204,67,158,21,836,0,7,9,0,0,0,0,0,0,17
LGA26810,0,4,0,6,0,0,0,0,4,18,98,505,254,134,201,146,34,62,10,1441,0,3,0,0,0,0,0,4,0,9,0,3,3,0,0,0,0,0,0,12,0,3,4,0,0,3,0,0,0,11,0,3,6,0,0,0,0,0,0,11,0,15,3,0,0,7,0,0,0,27,0,8,9,6,4,6,0,4,0,44,4,11,24,7,21,21,0,8,0,91,3,7,13,19,49,53,12,15,4,173,5,9,12,9,53,63,23,37,3,201,8,0,4,0,22,40,28,50,0,157,5,4,0,0,14,37,6,42,0,113,0,0,0,0,7,14,10,25,0,59,3,0,0,3,5,16,3,40,0,73,0,0,0,0,3,0,0,5,0,22,3,0,0,0,0,3,0,19,0,28,5,6,0,0,0,4,0,0,0,8,46,82,71,41,182,264,90,255,16,1049,0,5,0,0,0,4,0,6,0,21
LGA26890,0,0,0,0,0,0,0,0,0,0,4,13,14,5,5,8,0,8,0,55,0,0,0,0,0,0,0,0,0,0,0,0,0,0,0,0,0,0,0,0,0,0,0,0,0,0,0,0,0,5,0,0,0,0,0,0,0,0,0,0,0,0,0,0,0,0,0,0,0,0,0,0,3,0,0,0,0,0,0,9,0,4,0,0,0,0,0,0,0,7,0,0,0,0,4,0,0,0,0,7,0,0,0,0,0,5,5,7,0,16,0,0,3,0,4,7,6,8,0,30,0,0,0,0,0,4,0,7,0,12,0,0,0,0,0,0,0,3,0,3,0,0,0,0,0,0,0,0,0,8,0,0,0,0,0,0,0,0,0,0,0,0,0,0,0,0,0,0,0,0,0,0,0,0,0,0,0,0,0,0,0,3,11,5,10,35,12,29,0,103,0,0,0,0,0,0,0,0,0,0
LGA26980,4,8,6,3,8,0,0,0,12,44,429,2346,1085,407,957,775,152,238,66,6459,0,0,0,0,0,3,0,0,3,16,5,39,3,6,0,0,0,0,0,58,6,54,8,0,0,5,0,0,0,77,8,58,25,7,5,3,0,3,0,96,4,54,45,6,7,4,0,0,0,121,10,49,73,24,16,9,0,3,0,176,9,28,68,30,79,55,5,6,4,285,15,28,59,55,150,142,11,18,9,483,13,18,30,34,119,106,23,15,0,365,10,15,8,13,41,39,15,23,8,164,4,4,6,6,22,28,11,16,0,92,0,3,4,0,12,12,3,12,0,58,13,0,0,3,9,23,3,34,0,80,0,0,0,0,3,0,0,4,0,8,0,0,0,0,0,0,0,5,0,10,0,6,0,0,5,0,0,0,8,20,102,342,337,178,466,439,80,139,35,2116,13,17,5,0,0,6,0,0,7,45
LGA27070,3,19,7,0,6,12,0,5,16,73,537,2867,1353,542,1172,823,194,322,90,7898,5,7,5,0,5,6,0,0,3,31,3,30,3,0,0,0,0,0,0,46,12,66,14,3,3,0,0,0,0,97,12,80,51,4,3,3,3,3,6,167,12,70,81,13,0,14,3,8,3,209,19,81,141,42,29,30,6,17,8,370,18,69,135,88,208,113,16,27,14,704,31,57,111,83,469,310,49,69,16,1193,24,49,73,64,420,437,126,124,20,1327,16,10,22,28,163,285,105,139,8,782,25,9,11,9,88,204,62,132,17,557,8,4,4,9,32,65,35,94,3,250,12,0,0,3,16,62,26,88,3,228,3,0,0,4,4,11,7,22,0,48,0,0,8,0,3,5,5,15,0,32,0,4,0,3,6,5,5,5,14,47,197,539,662,357,1465,1566,453,740,119,6090,9,17,7,0,8,8,0,0,6,50
LGA27170,6,5,3,0,4,0,0,4,0,18,119,552,285,159,272,193,60,100,24,1769,4,0,0,0,0,0,0,3,0,6,0,9,0,0,0,0,0,0,0,10,0,6,4,0,0,0,0,0,0,10,3,12,0,0,0,5,0,0,0,23,0,14,13,0,3,5,0,0,0,31,7,14,17,5,4,3,0,0,0,50,8,15,26,13,21,16,3,7,5,122,16,16,29,39,94,95,12,30,6,336,8,17,19,48,134,157,47,61,9,508,16,4,15,27,73,103,37,82,8,355,8,0,0,7,22,71,34,93,0,239,10,0,0,5,31,34,16,87,3,184,0,0,6,8,8,25,17,77,0,145,0,0,0,0,0,0,0,0,0,3,0,0,0,0,0,3,0,5,0,11,0,4,0,0,0,3,0,4,3,15,88,121,128,144,394,512,170,455,36,2057,8,6,0,0,0,5,0,0,4,15
LGA27260,9,13,9,7,7,13,0,3,20,76,612,3024,1461,581,1232,892,209,400,105,8507,11,9,13,3,4,0,0,7,4,59,4,29,10,0,0,0,0,0,3,62,13,90,21,15,0,3,0,0,9,159,25,106,58,20,11,11,0,3,10,248,15,119,119,35,28,29,3,4,5,362,34,163,257,78,71,55,11,11,23,693,43,173,308,189,428,192,28,33,27,1425,89,206,355,320,1239,725,126,101,47,3210,107,142,246,240,1180,1026,271,305,57,3582,49,70,97,125,549,638,248,346,36,2165,41,25,42,48,252,401,183,379,16,1391,31,18,20,12,102,178,88,272,5,725,17,9,12,8,59,114,85,274,6,581,0,0,3,0,11,9,3,25,0,58,0,0,4,0,10,14,4,30,6,67,6,3,12,4,31,27,4,11,45,135,488,1172,1575,1108,3979,3426,1058,1818,308,14929,19,38,4,0,9,6,0,0,6,83
LGA27350,0,5,7,0,15,0,9,4,13,46,483,1727,998,474,1385,1228,300,455,83,7131,0,0,0,0,0,0,0,0,0,0,0,20,0,0,0,0,0,0,0,22,8,38,8,0,0,0,0,0,0,55,7,37,14,0,4,4,0,0,0,65,7,43,39,0,5,3,0,0,4,97,8,60,76,27,9,10,0,0,0,188,12,35,74,63,51,28,3,4,0,275,9,25,56,41,105,60,11,13,11,318,13,13,26,33,130,108,24,9,9,362,5,9,10,11,41,77,27,13,0,197,3,4,4,3,13,32,22,14,0,92,6,0,0,5,13,17,12,14,0,66,4,0,0,3,15,21,4,18,0,73,0,0,0,0,0,3,0,4,0,11,0,0,0,0,0,0,0,4,0,13,0,0,0,0,0,3,0,0,9,14,83,279,300,183,382,372,103,104,45,1856,3,12,0,0,0,0,0,0,0,22
LGA27450,0,13,11,4,3,6,0,0,9,50,323,1779,794,355,510,373,98,137,45,4405,0,3,0,0,0,0,0,0,0,5,4,21,0,0,0,0,0,0,0,29,6,37,5,0,0,0,0,0,0,55,7,31,11,0,6,0,0,3,0,52,0,22,24,3,0,8,0,3,4,59,9,37,35,21,14,8,0,5,3,131,4,28,46,25,88,38,14,10,0,259,18,24,34,30,193,106,25,33,0,461,22,7,18,23,155,143,31,57,5,459,10,8,8,8,93,109,38,76,3,358,7,0,4,3,32,45,34,74,0,208,6,4,0,0,11,17,17,36,0,96,10,3,0,0,11,25,14,39,0,96,0,4,0,0,3,8,3,0,0,21,0,0,0,0,0,0,6,6,0,14,0,0,4,0,8,4,0,4,9,28,91,230,193,113,618,509,181,351,27,2324,11,20,4,0,0,3,0,3,5,47
LGA27630,0,0,0,0,0,0,0,0,0,0,15,39,26,20,23,29,9,8,9,164,0,0,0,0,0,0,0,0,0,0,0,0,0,0,0,0,0,0,0,0,0,4,0,0,0,0,0,0,0,3,0,0,0,0,0,0,0,0,0,0,0,0,0,0,0,0,0,0,0,0,0,0,3,0,0,0,0,0,0,6,0,0,3,0,3,3,0,0,0,22,3,0,0,3,7,9,0,3,0,35,0,0,0,0,3,15,0,3,0,32,0,0,0,3,0,12,4,4,0,27,0,0,0,0,0,5,0,5,0,11,0,0,0,0,0,6,0,10,0,15,0,0,3,0,0,0,0,3,0,9,0,0,0,0,0,0,0,0,0,0,0,0,0,0,0,0,0,0,0,5,0,0,0,0,0,4,0,0,0,5,13,14,14,12,26,52,8,37,0,168,0,5,0,0,0,0,0,0,0,6
LGA29399,0,0,0,0,0,0,0,0,0,0,8,69,64,30,18,21,3,10,5,239,0,0,0,0,0,0,0,0,0,0,0,0,0,0,0,0,0,0,0,0,0,0,5,0,0,0,0,0,0,9,0,0,7,0,4,4,0,4,0,12,0,3,0,0,0,4,0,0,0,7,0,0,7,3,4,8,0,0,0,27,4,16,11,5,11,0,0,0,0,58,3,12,21,11,16,5,3,4,0,84,6,4,8,9,15,3,5,4,0,49,0,3,3,0,4,0,0,0,0,17,0,0,8,0,0,0,0,6,0,14,0,0,0,0,0,0,0,0,0,0,0,0,0,0,0,0,0,0,0,0,0,0,0,0,0,0,0,0,0,0,0,0,0,0,0,0,0,0,0,0,0,0,0,0,0,0,0,0,0,0,25,44,70,34,56,25,18,18,0,284,0,0,0,0,0,0,0,0,0,0
LGA29499,4,7,7,3,5,11,0,7,16,64,552,1194,679,316,684,757,141,271,102,4695,18,26,10,5,6,13,0,5,7,87,18,91,16,0,0,3,0,0,0,143,48,171,57,16,0,10,3,8,9,315,51,171,111,29,17,30,3,23,7,443,43,207,146,56,32,33,8,28,12,567,72,229,284,112,87,105,23,57,22,986,84,195,268,148,148,160,38,106,31,1183,93,166,239,146,247,293,77,156,32,1464,77,106,141,132,241,425,127,325,49,1634,43,52,63,59,133,275,107,266,24,1021,26,28,39,41,91,203,93,251,16,790,22,10,21,16,41,131,57,205,9,522,35,22,30,26,45,131,65,283,9,641,6,3,3,4,7,24,13,67,0,133,9,6,4,3,5,21,6,63,3,118,11,11,14,8,12,23,11,28,28,138,655,1504,1442,811,1119,1886,638,1860,258,10174,54,70,33,10,6,18,4,14,7,214
LGA29799,0,0,0,0,0,0,0,0,0,0,0,0,0,0,0,0,0,0,0,0,0,0,0,0,0,0,0,0,0,0,0,0,0,0,0,0,0,0,0,0,0,0,0,0,0,0,0,0,0,0,0,0,0,0,0,0,0,0,0,0,0,0,0,0,0,0,0,0,0,0,0,0,0,0,0,0,0,0,0,0,0,0,0,0,0,0,0,0,0,0,0,0,0,0,0,0,0,0,0,0,0,0,0,0,0,0,0,0,0,4,0,0,0,0,0,0,0,0,0,0,0,0,0,0,0,0,0,0,0,0,0,0,0,0,0,0,0,0,0,0,0,0,0,0,0,0,0,0,0,3,3,0,0,0,0,0,0,0,0,5,0,0,0,0,0,0,0,8,0,7,0,0,0,0,0,0,0,0,0,0,6,0,0,0,0,0,0,10,0,28,0,0,0,0,0,0,0,0,0,0
