POW_LGA_CODE_2021,Pro_500_649_A_25_34,Pro_500_649_A_35_44,Pro_500_649_A_45_54,Pro_500_649_A_55_64,Pro_500_649_A_65_74,Pro_500_649_A_75ov,Pro_500_649_Tot,Pro_650_799_A_15_19,Pro_650_799_A_20_24,Pro_650_799_A_25_34,Pro_650_799_A_35_44,Pro_650_799_A_45_54,Pro_650_799_A_55_64,Pro_650_799_A_65_74,Pro_650_799_A_75ov,Pro_650_799_Tot,Pro_800_999_A_15_19,Pro_800_999_A_20_24,Pro_800_999_A_25_34,Pro_800_999_A_35_44,Pro_800_999_A_45_54,Pro_800_999_A_55_64,Pro_800_999_A_65_74,Pro_800_999_A_75ov,Pro_800_999_Tot,Pro_1000_1249_A_15_19,Pro_1000_1249_A_20_24,Pro_1000_1249_A_25_34,Pro_1000_1249_A_35_44,Pro_1000_1249_A_45_54,Pro_1000_1249_A_55_64,Pro_1000_1249_A_65_74,Pro_1000_1249_A_75ov,Pro_1000_1249_Tot,Pro_1250_1499_A_15_19,Pro_1250_1499_A_20_24,Pro_1250_1499_A_25_34,Pro_1250_1499_A_35_44,Pro_1250_1499_A_45_54,Pro_1250_1499_A_55_64,Pro_1250_1499_A_65_74,Pro_1250_1499_A_75ov,Pro_1250_1499_Tot,Pro_1500_1749_A_15_19,Pro_1500_1749_A_20_24,Pro_1500_1749_A_25_34,Pro_1500_1749_A_35_44,Pro_1500_1749_A_45_54,Pro_1500_1749_A_55_64,Pro_1500_1749_A_65_74,Pro_1500_1749_A_75ov,Pro_1500_1749_Tot,Pro_1750_1999_A_15_19,Pro_1750_1999_A_20_24,Pro_1750_1999_A_25_34,Pro_1750_1999_A_35_44,Pro_1750_1999_A_45_54,Pro_1750_1999_A_55_64,Pro_1750_1999_A_65_74,Pro_1750_1999_A_75ov,Pro_1750_1999_Tot,Pro_2000_2999_A_15_19,Pro_2000_2999_A_20_24,Pro_2000_2999_A_25_34,Pro_2000_2999_A_35_44,Pro_2000_2999_A_45_54,Pro_2000_2999_A_55_64,Pro_2000_2999_A_65_74,Pro_2000_2999_A_75ov,Pro_2000_2999_Tot,Pro_3000_3499_A_15_19,Pro_3000_3499_A_20_24,Pro_3000_3499_A_25_34,Pro_3000_3499_A_35_44,Pro_3000_3499_A_45_54,Pro_3000_3499_A_55_64,Pro_3000_3499_A_65_74,Pro_3000_3499_A_75ov,Pro_3000_3499_Tot,Pro_3500mo_A_15_19,Pro_3500mo_A_20_24,Pro_3500mo_A_25_34,Pro_3500mo_A_35_44,Pro_3500mo_A_45_54,Pro_3500mo_A_55_64,Pro_3500mo_A_65_74,Pro_3500mo_A_75ov,Pro_3500mo_Tot,Pro_PINS_A_15_19,Pro_PINS_A_20_24,Pro_PINS_A_25_34,Pro_PINS_A_35_44,Pro_PINS_A_45_54,Pro_PINS_A_55_64,Pro_PINS_A_65_74,Pro_PINS_A_75ov,Pro_PINS_Tot,Pro_Tot_A_15_19,Pro_Tot_A_20_24,Pro_Tot_A_25_34,Pro_Tot_A_35_44,Pro_Tot_A_45_54,Pro_Tot_A_55_64,Pro_Tot_A_65_74,Pro_Tot_A_75ov,Pro_Tot_Tot,TaTW_NNI_A_15_19,TaTW_NNI_A_20_24,TaTW_NNI_A_25_34,TaTW_NNI_A_35_44,TaTW_NNI_A_45_54,TaTW_NNI_A_55_64,TaTW_NNI_A_65_74,TaTW_NNI_A_75ov,TaTW_NNI_Tot,TaTW_1_149_A_15_19,TaTW_1_149_A_20_24,TaTW_1_149_A_25_34,TaTW_1_149_A_35_44,TaTW_1_149_A_45_54,TaTW_1_149_A_55_64,TaTW_1_149_A_65_74,TaTW_1_149_A_75ov,TaTW_1_149_Tot,TaTW_150_299_A_15_19,TaTW_150_299_A_20_24,TaTW_150_299_A_25_34,TaTW_150_299_A_35_44,TaTW_150_299_A_45_54,TaTW_150_299_A_55_64,TaTW_150_299_A_65_74,TaTW_150_299_A_75ov,TaTW_150_299_Tot,TaTW_300_399_A_15_19,TaTW_300_399_A_20_24,TaTW_300_399_A_25_34,TaTW_300_399_A_35_44,TaTW_300_399_A_45_54,TaTW_300_399_A_55_64,TaTW_300_399_A_65_74,TaTW_300_399_A_75ov,TaTW_300_399_Tot,TaTW_400_499_A_15_19,TaTW_400_499_A_20_24,TaTW_400_499_A_25_34,TaTW_400_499_A_35_44,TaTW_400_499_A_45_54,TaTW_400_499_A_55_64,TaTW_400_499_A_65_74,TaTW_400_499_A_75ov,TaTW_400_499_Tot,TaTW_500_649_A_15_19,TaTW_500_649_A_20_24,TaTW_500_649_A_25_34,TaTW_500_649_A_35_44,TaTW_500_649_A_45_54,TaTW_500_649_A_55_64,TaTW_500_649_A_65_74,TaTW_500_649_A_75ov,TaTW_500_649_Tot,TaTW_650_799_A_15_19,TaTW_650_799_A_20_24,TaTW_650_799_A_25_34,TaTW_650_799_A_35_44,TaTW_650_799_A_45_54,TaTW_650_799_A_55_64,TaTW_650_799_A_65_74,TaTW_650_799_A_75ov,TaTW_650_799_Tot,TaTW_800_999_A_15_19,TaTW_800_999_A_20_24,TaTW_800_999_A_25_34,TaTW_800_999_A_35_44,TaTW_800_999_A_45_54,TaTW_800_999_A_55_64,TaTW_800_999_A_65_74,TaTW_800_999_A_75ov,TaTW_800_999_Tot,TaTW_1000_1249_A_15_19,TaTW_1000_1249_A_20_24,TaTW_1000_1249_A_25_34,TaTW_1000_1249_A_35_44,TaTW_1000_1249_A_45_54,TaTW_1000_1249_A_55_64,TaTW_1000_1249_A_65_74,TaTW_1000_1249_A_75ov,TaTW_1000_1249_Tot,TaTW_1250_1499_A_15_19,TaTW_1250_1499_A_20_24,TaTW_1250_1499_A_25_34,TaTW_1250_1499_A_35_44,TaTW_1250_1499_A_45_54,TaTW_1250_1499_A_55_64,TaTW_1250_1499_A_65_74,TaTW_1250_1499_A_75ov,TaTW_1250_1499_Tot,TaTW_1500_1749_A_15_19,TaTW_1500_1749_A_20_24,TaTW_1500_1749_A_25_34,TaTW_1500_1749_A_35_44
LGA20110,3,9,7,0,8,0,28,0,0,14,9,3,7,11,0,46,0,0,8,21,19,11,5,0,62,0,6,23,22,28,22,9,0,103,0,4,31,31,22,19,7,0,108,0,0,22,31,34,24,0,0,115,0,0,7,19,28,19,4,0,78,0,0,22,45,37,26,6,0,144,0,0,4,6,3,4,4,0,19,0,0,8,7,14,10,4,0,42,0,0,0,6,0,3,0,0,5,4,15,147,221,204,155,66,10,830,0,0,0,0,0,6,0,0,4,3,0,0,0,4,0,0,0,3,4,3,0,4,0,0,3,0,11,3,4,4,3,4,4,0,0,22,9,3,3,5,6,6,0,4,38,4,7,6,3,6,4,7,0,47,4,15,19,13,16,15,5,0,88,0,22,27,16,19,33,4,0,125,0,14,48,36,27,28,3,0,150,0,0,23,20,12,13,0,0,71,0,5,12,19
LGA20260,5,3,6,10,0,0,26,0,6,13,6,4,4,0,0,42,0,0,17,19,8,9,5,0,61,0,5,31,18,21,9,10,0,94,0,4,31,14,22,12,7,0,89,0,6,40,29,34,23,11,0,142,0,0,14,30,21,18,7,0,88,0,0,13,31,49,28,11,0,123,0,0,3,7,4,8,0,0,19,0,0,0,4,3,14,0,0,25,0,0,0,0,0,4,0,0,5,4,26,179,166,172,147,55,5,755,0,0,0,0,0,0,0,0,3,0,0,0,0,0,0,0,0,3,4,5,0,0,0,5,0,0,14,6,0,5,0,5,0,4,0,14,8,4,0,4,0,7,4,0,24,12,0,6,5,11,5,4,0,47,4,15,11,6,10,7,3,0,58,0,11,11,15,18,9,3,0,67,0,4,29,14,28,14,0,0,92,0,9,19,15,8,16,5,0,67,0,0,11,6
LGA20570,88,111,55,59,34,9,382,8,34,144,150,83,80,43,3,551,3,96,224,237,170,125,47,3,902,0,145,468,374,257,219,58,8,1532,0,137,593,406,297,238,59,4,1729,0,39,629,458,383,271,40,3,1819,0,11,352,426,385,238,47,5,1465,0,14,385,643,609,377,75,3,2093,0,5,53,103,81,68,20,0,330,0,0,55,189,232,138,40,0,662,0,4,9,6,16,13,6,0,55,58,570,3108,3210,2656,1914,511,51,12064,3,3,0,4,0,11,0,0,21,20,5,0,4,4,9,3,0,43,28,8,10,13,17,9,4,0,99,28,15,19,19,18,19,13,0,132,107,35,40,33,31,24,18,5,284,145,143,68,63,59,67,15,4,575,67,242,173,101,95,96,35,0,801,20,251,368,203,200,144,29,0,1222,14,168,469,296,263,199,25,0,1432,5,71,298,219,202,139,21,0,950,0,21,176,158
LGA20660,124,113,79,52,38,16,481,0,49,158,182,111,92,52,7,654,0,125,284,272,179,139,72,5,1079,0,231,657,435,311,219,94,6,1951,0,159,883,456,370,249,63,5,2186,0,51,964,539,472,323,86,6,2446,0,14,608,516,418,293,69,3,1918,0,9,670,722,651,476,108,11,2644,0,0,120,165,112,78,27,5,504,0,0,92,355,343,183,84,4,1063,0,9,18,25,18,17,3,0,89,59,856,4732,3981,3194,2200,771,83,15878,0,0,8,12,5,4,0,0,36,21,3,7,4,5,3,3,0,47,17,14,5,15,16,11,13,0,81,16,16,34,16,24,17,10,0,133,43,52,34,23,29,26,7,0,224,50,97,68,71,51,40,18,3,398,34,131,136,87,96,81,31,3,604,17,177,253,156,107,99,33,0,852,24,127,323,246,175,137,29,0,1059,3,49,225,146,159,112,17,6,717,3,28,169,133
LGA20740,23,22,23,16,13,0,106,0,3,25,25,26,24,13,0,123,0,11,41,36,41,35,26,7,195,0,17,69,82,64,59,23,3,324,0,22,70,69,57,61,15,4,304,0,4,85,85,75,53,15,5,316,0,6,46,57,57,40,7,0,213,0,0,48,107,118,79,12,6,364,0,0,4,15,14,8,0,0,44,0,0,17,22,23,21,6,4,100,0,0,5,0,5,8,0,0,13,4,82,461,542,518,435,156,27,2227,0,0,0,4,4,0,0,0,11,3,0,3,3,0,3,0,0,20,10,5,4,0,8,4,6,0,37,9,9,3,6,10,15,10,0,60,24,5,8,20,11,15,6,0,97,43,36,22,21,22,31,9,5,174,13,53,46,31,32,30,12,3,221,4,45,111,60,48,33,7,0,313,0,26,101,90,66,47,10,0,341,0,10,64,56,32,30,7,3,198,0,0,25,40
LGA20830,27,30,28,41,13,0,146,0,12,50,39,30,26,18,4,181,0,19,68,73,62,44,16,4,282,0,33,138,91,76,76,21,3,445,0,34,184,115,96,70,28,0,523,0,10,174,133,106,85,22,0,539,0,5,95,100,104,64,15,4,381,0,3,95,165,169,117,34,0,569,0,0,16,24,21,17,0,0,73,0,0,20,49,34,41,17,3,163,0,3,0,0,8,4,9,0,29,20,146,908,882,753,630,213,28,3580,4,0,4,0,4,0,0,0,11,10,0,0,6,5,3,0,0,29,24,4,11,3,8,9,6,0,57,11,3,16,16,17,11,8,0,85,46,9,20,10,16,17,5,0,129,79,54,25,28,28,37,9,5,260,21,88,48,43,28,26,20,4,279,3,87,110,77,57,61,9,4,405,0,62,148,90,90,55,13,0,461,0,17,113,75,71,45,3,0,334,0,16,82,60
LGA20910,63,46,64,57,23,5,294,0,30,54,83,78,76,50,9,387,0,68,113,132,129,140,58,10,643,0,97,263,199,164,151,82,19,983,0,68,368,214,195,146,58,12,1064,0,26,375,248,205,185,57,14,1124,0,14,229,234,220,173,59,8,933,0,13,253,506,495,335,103,21,1721,0,0,35,89,127,90,26,7,374,0,0,39,249,386,244,93,14,1027,0,0,11,8,17,20,12,3,72,70,455,1891,2102,2195,1727,691,134,9264,0,0,5,0,0,0,8,0,24,17,5,4,0,0,3,0,0,38,14,5,10,13,10,10,8,0,55,7,17,22,10,18,16,7,0,96,21,38,24,18,16,27,18,0,161,28,59,56,37,43,29,11,0,265,20,101,89,49,62,53,13,0,381,6,125,193,101,85,70,36,0,617,0,58,227,146,105,90,30,3,668,0,29,167,118,105,52,17,0,497,0,17,90,99
LGA21010,3,11,0,9,5,0,29,0,0,7,12,4,10,8,0,43,0,4,11,18,17,19,3,3,78,0,9,29,19,16,16,5,0,98,0,13,40,13,27,34,0,0,125,0,0,44,24,39,29,10,0,155,0,0,19,26,29,28,7,0,113,0,0,31,50,41,51,5,0,172,0,0,0,5,0,0,0,0,18,0,0,3,9,4,15,3,3,32,0,0,0,0,0,0,3,0,5,0,30,201,194,186,210,68,15,909,0,0,0,5,0,0,0,0,8,5,0,0,0,0,3,0,5,17,0,0,0,0,0,3,0,0,7,0,3,4,0,0,8,5,0,18,10,4,4,0,8,8,0,0,34,22,6,5,7,5,9,3,0,57,7,16,9,11,12,12,10,0,89,0,24,27,22,19,16,5,0,122,0,16,44,32,25,28,9,0,155,0,8,22,18,23,28,5,0,105,0,6,16,19
LGA21110,202,154,125,105,68,26,763,0,108,215,195,151,138,102,19,927,5,165,470,280,216,230,130,24,1520,0,294,921,472,335,319,145,28,2515,3,220,1306,601,430,329,150,27,3063,0,70,1420,881,552,463,129,16,3530,0,21,926,831,590,405,131,26,2938,0,31,1364,2143,1588,1050,283,45,6503,0,0,183,485,394,258,77,9,1406,0,3,192,668,876,600,225,35,2596,0,10,42,26,39,34,15,7,175,186,1351,7470,6986,5517,4106,1579,290,27479,0,4,9,7,7,0,3,0,32,27,17,5,12,3,8,0,0,74,16,38,21,12,23,12,8,0,126,23,30,43,25,12,21,10,0,165,25,48,45,29,33,25,8,3,217,49,91,98,78,40,43,19,0,429,15,127,169,110,82,77,28,4,613,4,139,309,157,120,111,26,4,863,0,99,381,235,132,118,35,3,1004,0,34,282,197,168,114,21,0,812,5,12,175,149
LGA21180,92,75,58,43,17,5,320,4,40,164,141,77,58,34,6,523,0,104,355,251,151,96,44,3,1005,3,205,690,388,271,169,54,5,1789,0,172,907,495,287,193,38,4,2104,0,53,885,505,413,250,73,6,2187,0,12,547,510,390,251,56,0,1775,0,18,618,753,668,385,62,10,2510,0,0,90,108,93,56,20,5,366,0,7,73,176,190,97,34,8,583,0,12,25,13,12,13,10,0,82,72,777,4577,3542,2707,1689,476,55,13885,0,3,19,8,12,12,0,0,63,17,3,15,9,14,6,0,0,60,15,11,21,13,27,10,5,0,104,17,28,30,35,40,42,15,5,204,78,96,81,50,59,46,17,0,432,110,175,109,110,98,61,29,0,686,62,266,233,134,154,103,24,3,973,25,242,439,282,236,172,30,0,1437,17,196,603,437,390,259,49,0,1956,4,94,486,361,310,205,42,0,1502,0,53,337,347
LGA21270,5,0,0,5,0,0,8,0,0,4,5,3,5,0,0,20,0,0,8,8,4,10,3,0,33,0,9,12,5,13,15,3,0,60,0,3,16,6,10,8,4,0,57,0,0,23,13,12,5,0,0,47,0,0,7,9,5,9,4,0,37,0,0,6,17,20,9,3,0,59,0,0,0,0,0,0,0,0,0,0,0,0,0,0,7,0,0,10,0,0,0,0,0,0,0,0,3,0,15,87,69,72,90,27,3,367,0,0,0,0,0,0,0,0,9,0,0,0,0,0,0,0,0,0,3,0,0,0,0,0,0,0,5,3,4,0,0,4,3,0,0,11,9,3,4,0,0,4,0,0,19,0,0,0,0,5,7,0,0,18,0,9,7,4,0,11,3,0,35,0,11,7,5,13,3,3,0,40,0,9,10,18,12,9,4,0,53,0,0,4,4,10,9,3,0,33,0,0,0,6
LGA21370,16,16,16,12,6,0,77,5,6,31,32,17,28,16,5,139,0,27,57,43,46,39,12,4,227,0,37,111,77,59,65,24,0,371,0,33,139,91,75,54,10,3,409,0,13,139,87,73,72,11,0,400,0,5,65,84,69,54,14,0,290,0,0,55,113,114,72,11,0,376,0,0,4,16,12,16,5,0,52,0,0,4,33,27,22,8,3,92,0,0,3,0,3,0,0,0,16,23,143,651,614,536,454,141,16,2566,0,0,5,0,3,0,0,0,15,10,0,3,0,3,3,0,0,22,9,0,0,9,11,5,6,0,36,8,3,3,11,5,14,3,3,50,40,12,11,11,21,17,4,3,120,43,40,30,17,27,26,9,0,192,27,68,55,26,33,29,8,0,246,9,76,95,66,58,57,10,0,368,0,52,131,93,89,51,17,0,433,0,20,75,49,39,28,4,0,215,0,10,49,21
LGA21450,44,50,20,20,11,0,164,0,24,82,58,42,26,7,0,251,0,38,130,88,55,47,26,4,401,0,43,202,150,95,67,23,8,590,0,71,348,165,102,61,20,0,774,0,10,304,166,129,82,26,0,711,0,4,122,171,130,69,10,3,519,0,0,132,272,239,124,20,0,786,0,3,16,31,30,23,3,0,106,0,0,11,61,75,34,18,3,204,0,0,4,8,7,7,0,0,26,39,258,1475,1305,980,604,206,27,4889,0,0,0,5,17,10,0,0,37,18,4,9,15,6,3,0,0,53,19,11,13,7,14,17,5,0,81,18,16,26,22,20,26,7,4,134,71,32,54,27,37,14,4,0,234,134,98,61,47,39,40,11,0,439,39,129,125,74,71,61,10,0,520,18,174,260,128,115,61,20,4,782,5,111,338,199,136,86,16,0,895,0,57,205,150,113,67,13,0,607,0,31,181,135
LGA21610,133,153,86,65,28,12,536,10,65,218,208,149,103,48,9,802,5,127,363,329,204,118,50,0,1203,4,230,694,473,273,211,65,7,1947,0,215,1034,600,409,191,53,3,2499,0,64,968,696,467,250,73,7,2527,0,16,506,621,433,275,50,5,1909,0,18,484,880,730,434,72,6,2616,0,0,76,148,93,63,11,0,398,0,0,49,232,188,135,48,5,656,0,8,21,12,29,14,5,0,92,126,978,4733,4602,3183,1977,544,59,16200,10,6,25,19,14,9,0,0,81,39,13,17,14,19,8,4,0,114,34,32,24,36,27,16,5,0,171,25,46,52,46,48,29,21,0,267,90,102,78,65,62,48,20,4,463,168,205,148,130,122,84,30,9,889,71,295,275,211,173,101,29,5,1165,24,311,549,372,308,174,34,0,1770,15,200,635,472,324,237,48,5,1939,3,98,452,359,304,181,35,0,1438,6,57,338,295
LGA21670,3,3,0,4,11,0,25,0,4,15,11,3,7,6,0,39,0,6,16,9,11,16,10,0,63,0,15,29,17,23,16,8,0,108,0,8,27,9,10,15,5,0,76,0,8,39,21,23,22,3,0,115,0,0,18,9,22,11,3,0,73,0,0,13,30,26,24,10,0,100,0,0,0,3,7,4,0,0,12,0,0,8,4,14,0,0,0,23,0,0,0,0,0,0,0,0,0,0,41,176,129,146,122,63,4,672,0,0,0,0,0,0,0,0,0,4,0,3,0,0,0,0,0,12,4,0,0,6,0,9,3,0,16,4,0,4,6,3,4,3,0,29,18,0,8,6,3,9,5,0,41,12,8,4,0,13,9,3,0,50,3,12,23,11,23,12,0,0,78,0,20,21,26,28,25,3,0,121,0,7,28,29,22,28,0,0,111,0,3,13,8,20,12,3,0,52,0,0,8,10
LGA21750,15,20,7,15,5,0,64,0,3,22,12,16,21,12,0,89,0,5,27,27,13,21,11,0,107,0,8,60,36,36,34,15,0,199,0,12,62,46,34,43,7,0,203,0,5,54,49,41,39,5,0,193,0,0,28,30,27,27,10,0,130,0,0,22,67,58,35,7,0,200,0,0,9,7,8,5,4,3,34,0,0,3,20,13,10,6,0,51,0,0,4,0,0,5,0,0,15,9,57,316,334,277,276,94,10,1367,0,3,6,4,0,0,0,0,6,17,0,0,4,4,0,0,0,30,3,4,4,0,0,0,0,0,20,3,0,9,0,4,9,5,0,32,20,8,3,9,6,10,8,0,68,22,29,5,15,23,12,10,0,117,12,34,32,18,15,22,9,0,143,11,43,80,26,23,21,12,0,212,0,35,98,57,38,27,8,0,264,0,10,48,41,35,17,6,0,161,0,3,35,24
LGA21830,13,3,6,10,6,0,34,0,0,17,9,11,14,8,6,60,0,6,18,15,19,12,4,0,73,0,9,39,20,21,24,8,0,124,0,3,47,29,22,29,3,0,132,0,0,45,38,30,23,11,0,148,0,0,22,20,29,18,10,0,93,0,0,19,32,38,31,7,0,124,0,0,3,5,5,0,0,0,17,0,0,6,14,3,9,8,0,37,0,0,3,0,0,0,0,0,6,3,27,241,198,187,187,66,8,917,0,0,0,0,0,0,0,0,0,5,0,0,0,0,0,0,0,6,5,3,4,5,3,10,0,0,28,0,6,3,4,0,4,0,0,20,10,9,3,4,3,6,0,0,40,20,13,7,3,9,17,3,0,73,10,19,19,7,13,16,0,0,88,0,28,30,19,20,17,4,0,115,0,23,37,24,23,23,8,0,143,0,3,16,16,17,12,3,0,70,0,0,18,12
LGA21890,165,117,70,55,38,3,504,0,44,203,180,115,85,41,0,668,0,71,297,255,182,107,53,11,981,0,103,552,365,276,190,48,10,1546,0,99,760,408,279,204,53,3,1808,0,34,703,502,431,241,72,7,1989,0,7,431,489,348,255,58,5,1596,0,10,389,774,665,431,98,8,2385,0,0,57,115,147,91,25,0,439,0,0,53,154,205,146,62,6,629,0,0,18,25,30,17,6,0,101,51,542,3883,3592,2885,1939,620,71,13583,0,6,8,5,11,3,0,4,32,5,14,3,4,7,5,5,0,47,14,20,15,21,24,14,11,0,122,10,39,31,26,36,14,7,0,163,33,46,45,39,30,25,8,3,228,51,114,136,67,75,61,14,0,517,31,131,206,96,108,81,28,0,682,8,164,323,187,138,103,34,3,963,7,88,407,222,198,144,32,3,1089,0,40,254,196,157,133,31,4,808,0,26,187,165
LGA22110,15,25,11,24,17,0,110,0,8,44,35,33,27,14,3,166,0,10,50,49,41,68,26,3,241,0,17,100,97,81,83,27,3,408,0,28,144,88,83,86,18,0,456,0,14,123,83,109,92,19,0,440,0,9,69,73,85,88,19,0,342,0,0,51,98,125,96,20,0,390,0,0,5,8,14,19,8,0,56,0,0,8,25,31,25,6,0,94,0,0,3,6,3,5,0,0,21,13,96,643,612,638,646,197,32,2874,0,0,5,0,4,0,0,0,10,14,0,7,0,0,4,3,0,26,11,3,3,5,4,10,5,0,42,10,4,12,9,16,16,8,0,80,43,11,6,16,12,28,8,5,125,53,34,28,22,33,45,15,3,237,18,57,49,26,49,57,18,0,264,9,59,102,74,70,51,12,0,370,0,37,116,109,72,77,14,0,426,0,13,65,65,53,41,9,0,239,0,8,52,31
LGA22170,63,81,56,50,30,7,327,4,28,132,148,94,78,36,3,520,0,88,283,236,150,106,42,6,905,0,143,442,333,274,181,50,9,1434,0,122,610,399,294,191,57,5,1672,0,62,662,461,390,237,63,0,1887,0,15,384,399,362,232,40,0,1433,0,8,416,579,505,328,73,0,1908,0,0,51,100,71,36,15,0,267,0,0,60,181,207,145,41,9,642,0,7,14,16,22,13,5,0,72,37,575,3219,3046,2511,1671,489,48,11598,3,5,4,10,9,9,0,0,42,24,5,13,3,6,9,0,0,55,20,14,13,17,16,16,6,0,109,21,18,22,35,25,24,22,4,165,70,35,51,39,37,30,13,0,271,124,129,73,65,68,46,24,0,535,47,206,169,93,88,80,27,4,718,23,215,335,189,159,128,42,4,1099,11,120,403,285,235,178,38,0,1276,7,57,329,256,196,130,32,0,1000,0,30,224,219
LGA22250,3,3,4,4,9,0,24,0,0,4,10,0,6,6,0,29,0,5,7,6,11,19,0,0,48,0,9,20,13,10,8,6,0,66,0,7,27,23,15,15,9,0,96,0,0,27,13,19,22,0,0,73,0,0,7,22,10,19,6,0,61,0,0,11,21,17,13,0,0,63,0,0,0,0,7,0,4,0,13,0,0,0,9,6,4,3,0,21,0,0,5,0,4,0,0,0,4,5,25,113,115,106,111,45,3,518,0,0,0,0,0,0,0,0,3,5,0,0,0,0,0,0,0,7,0,0,0,0,5,0,0,0,9,0,0,0,3,3,7,5,0,18,7,3,3,5,3,0,0,5,31,15,6,0,5,0,9,0,0,44,4,13,8,9,9,9,3,0,60,0,17,23,10,7,17,6,0,76,0,14,20,21,26,15,0,0,102,0,6,12,6,9,16,0,0,52,0,0,7,10
LGA22310,95,82,77,70,55,10,451,0,32,136,152,100,84,60,5,566,4,63,217,228,174,121,68,7,878,5,97,401,294,232,195,87,14,1323,0,91,529,345,281,189,80,4,1523,0,12,563,388,343,231,87,11,1647,0,12,359,353,336,264,91,10,1428,0,8,391,721,636,425,109,21,2314,0,0,51,148,157,93,37,5,496,0,0,55,284,347,217,88,12,1010,0,4,23,20,30,19,9,4,113,91,582,2968,3204,2883,2016,849,127,12721,0,0,6,3,4,3,0,0,17,19,4,4,3,7,0,6,0,50,9,18,12,10,12,15,5,0,83,12,16,20,24,24,19,15,3,130,21,38,34,37,32,30,18,4,215,39,65,70,50,50,43,14,0,334,11,108,134,68,67,64,16,5,473,3,121,217,123,107,75,23,4,679,0,64,272,158,121,103,19,0,747,0,33,184,147,103,78,21,0,573,0,19,122,97
LGA22410,10,14,8,5,11,0,41,0,12,13,23,16,16,6,0,76,0,9,21,22,13,23,10,0,87,0,12,40,34,28,21,6,0,139,0,12,47,26,23,21,16,0,155,0,6,51,39,46,53,8,0,209,0,0,16,23,35,19,9,0,109,0,0,16,42,48,54,7,0,167,0,0,0,14,3,5,0,0,27,0,0,0,4,7,22,10,0,48,0,0,6,7,0,0,0,0,12,3,56,237,249,253,260,89,4,1151,0,0,3,0,0,0,0,0,5,0,0,0,0,0,0,0,0,6,9,0,0,3,5,0,0,0,21,5,0,4,4,0,3,3,0,25,10,11,0,16,0,10,11,0,55,28,15,12,8,15,13,4,0,96,7,28,11,16,30,15,6,0,120,0,25,34,26,35,8,12,0,142,0,17,40,33,28,20,8,0,147,0,14,33,28,30,18,4,0,124,0,8,19,24
LGA22490,3,11,4,0,0,0,31,0,0,14,5,10,4,3,0,43,0,3,11,13,5,3,3,0,39,0,10,36,20,12,8,4,4,93,0,8,48,34,18,8,0,0,119,0,0,33,16,22,9,3,0,86,0,0,14,28,18,7,3,0,69,0,0,21,35,25,17,3,0,97,0,0,0,0,6,3,0,0,17,0,0,3,6,10,7,0,0,32,0,0,0,0,4,4,0,0,6,3,24,196,196,146,86,28,7,696,0,0,0,0,0,0,0,0,0,4,0,0,3,3,0,4,0,14,3,6,4,3,4,3,0,0,18,3,3,3,3,4,0,0,0,29,12,7,4,7,4,0,4,0,42,14,8,11,11,9,14,4,0,75,9,17,17,10,8,5,4,0,75,3,24,22,23,18,10,6,0,102,4,18,24,27,25,13,3,0,110,0,4,19,30,18,15,0,0,89,0,0,18,16
LGA22620,82,79,64,41,45,4,331,0,41,121,128,78,80,36,0,489,0,84,250,227,119,108,38,0,829,0,156,476,336,233,208,68,3,1490,0,128,604,397,299,197,58,3,1684,0,68,660,496,383,296,59,4,1973,0,17,389,393,403,232,48,0,1487,0,15,368,602,609,381,72,9,2062,0,3,42,92,90,48,14,0,287,0,0,39,170,174,121,36,5,546,4,5,9,14,9,16,5,0,65,23,592,3147,3043,2523,1794,518,29,11685,4,3,5,9,3,6,0,0,26,21,0,4,10,8,3,7,0,49,25,8,14,11,16,22,4,0,98,22,13,15,20,22,21,11,4,133,86,42,34,31,30,51,13,5,286,149,139,88,71,70,60,20,0,596,70,209,192,108,84,67,23,6,755,27,220,355,200,179,132,34,6,1136,7,118,383,244,217,184,36,0,1192,0,58,287,197,149,101,22,0,815,4,29,182,178
LGA22670,112,85,45,41,30,3,392,0,80,176,136,106,80,45,10,636,4,153,407,270,193,119,61,8,1216,0,213,864,461,323,250,81,9,2197,0,186,1013,623,424,280,75,10,2609,0,59,950,761,533,364,104,15,2781,0,26,623,610,499,341,84,3,2190,0,8,581,885,920,587,114,11,3110,0,3,79,114,95,70,29,3,398,0,0,55,197,241,156,64,7,720,0,11,24,20,34,19,5,0,118,84,984,5062,4330,3521,2388,743,89,17209,12,9,11,13,21,12,6,0,76,17,10,12,10,10,12,3,0,69,27,18,34,22,19,12,7,0,150,23,54,49,62,41,47,18,3,288,76,87,93,58,50,52,23,5,451,114,203,148,98,110,100,34,3,809,66,322,296,231,207,161,43,6,1333,29,327,706,458,388,311,91,13,2326,21,239,882,719,703,495,105,8,3179,0,104,628,656,555,406,75,4,2428,0,49,466,488
LGA22750,254,189,107,116,77,14,835,5,86,331,354,179,181,92,8,1230,3,178,518,496,313,249,102,12,1876,4,358,1145,775,532,367,109,6,3301,0,266,1336,824,635,466,108,6,3649,0,98,1453,1004,780,514,119,15,3976,0,23,961,949,829,497,96,5,3363,0,17,1066,1769,1444,867,161,10,5333,0,0,139,209,234,138,41,3,763,0,0,146,519,485,344,111,9,1604,0,11,42,25,32,27,7,0,142,70,1270,7678,7398,5746,3930,1134,111,27340,6,3,14,16,6,3,4,0,55,63,17,11,14,10,11,13,0,131,58,40,35,44,41,22,10,0,257,45,65,65,46,39,43,31,4,341,158,118,103,87,71,70,33,6,646,264,274,167,145,114,102,32,7,1107,95,474,408,205,177,163,41,0,1557,40,429,748,388,336,225,41,6,2214,13,332,972,550,453,348,70,8,2745,9,154,642,455,420,246,56,0,1984,0,67,473,473
LGA22830,43,35,23,18,26,4,158,0,21,81,64,31,41,22,3,270,0,46,113,109,72,47,26,3,409,0,86,307,184,124,115,37,5,860,0,84,340,198,139,121,33,0,910,0,35,345,217,181,157,32,0,974,0,3,151,190,193,117,32,0,694,0,8,168,255,269,198,53,3,951,0,0,22,35,34,33,12,0,138,0,0,25,85,73,62,15,3,267,0,4,7,5,7,7,0,0,25,29,329,1659,1426,1175,949,325,24,5919,4,0,6,0,9,0,0,0,13,10,0,0,3,4,3,3,0,29,10,8,6,11,7,4,4,0,52,17,10,18,7,13,19,7,0,82,70,27,21,18,18,26,13,3,196,93,68,45,32,32,31,16,5,319,40,160,82,54,58,57,16,0,467,17,132,196,128,88,86,14,0,664,3,96,278,170,137,121,15,0,820,7,39,159,124,84,81,18,0,506,0,19,110,88
LGA22910,7,10,13,18,11,0,57,0,0,0,14,9,15,3,0,48,0,0,14,18,14,24,4,0,79,0,5,33,25,22,29,10,0,124,0,9,27,32,25,26,11,0,124,0,0,32,34,46,31,14,0,155,0,0,12,15,20,20,0,0,75,0,0,5,32,34,33,15,0,125,0,0,3,11,10,4,0,0,34,0,0,6,8,12,9,4,0,48,0,0,0,0,6,0,0,0,3,6,15,144,219,241,239,100,5,971,0,0,0,0,0,0,0,0,4,0,0,0,5,0,0,0,0,5,4,0,0,3,0,0,0,0,13,0,0,3,3,4,6,0,0,18,5,0,4,5,9,8,5,0,33,6,10,6,9,20,9,9,0,70,0,19,14,21,16,17,4,0,90,0,19,64,25,36,15,3,0,156,0,17,46,36,18,18,6,0,129,0,3,21,25,26,15,3,0,87,0,0,12,24
LGA22980,3,0,3,0,0,0,9,0,0,9,5,3,0,0,0,18,0,0,6,4,3,0,0,0,19,0,10,15,9,10,8,3,0,52,0,4,22,11,10,7,0,0,58,0,3,30,7,10,11,0,0,61,0,0,7,6,7,6,3,0,17,0,0,12,3,8,21,6,0,55,0,0,0,3,0,0,0,0,3,0,0,6,0,0,0,0,0,6,0,0,0,0,0,0,0,0,0,0,18,104,59,61,71,20,0,331,0,0,0,0,0,0,0,0,0,4,0,0,0,0,0,0,0,4,0,0,0,0,0,0,0,0,3,0,0,0,0,0,0,0,0,0,3,0,0,0,0,0,0,0,11,8,0,0,0,0,0,6,0,14,0,0,8,3,3,7,0,0,24,0,4,10,11,0,4,0,0,32,0,5,9,9,5,8,0,0,40,0,0,11,6,3,9,0,0,27,0,0,0,5
LGA23110,54,51,41,32,13,3,216,4,15,54,78,44,42,26,0,275,0,44,137,111,70,52,25,0,435,0,48,232,171,129,81,34,0,692,0,39,338,167,126,81,28,0,781,0,25,314,205,169,122,19,3,850,0,4,189,233,166,81,25,0,700,0,0,272,437,351,220,37,6,1316,0,0,28,83,61,35,9,0,222,0,4,31,124,126,88,27,0,395,0,0,12,10,9,7,7,0,35,33,251,1724,1742,1340,895,253,24,6265,0,0,3,4,3,3,0,0,28,3,0,3,7,7,9,0,0,26,4,7,11,3,4,5,5,0,54,8,18,14,28,13,18,3,0,104,27,38,35,24,17,14,3,0,167,52,84,45,52,29,31,12,4,306,24,112,93,72,49,37,12,5,407,15,121,236,118,90,61,26,0,667,3,61,258,187,156,99,30,0,802,0,40,199,163,137,119,19,0,675,0,24,214,168
LGA23190,26,9,6,3,5,0,56,0,6,15,32,13,16,9,0,84,0,20,55,27,26,22,9,0,147,0,32,87,57,68,38,15,0,294,0,30,98,65,61,32,3,3,295,0,11,108,72,64,59,11,0,320,0,3,48,51,37,47,3,0,196,0,3,64,71,55,56,13,0,262,0,0,6,10,7,12,0,0,32,0,0,11,20,27,23,8,0,83,0,0,6,0,0,3,0,0,12,6,107,538,416,385,316,73,6,1841,0,0,0,5,0,0,0,0,7,9,0,0,0,0,0,0,0,11,8,3,0,3,5,3,6,0,20,4,4,3,3,7,0,9,0,37,30,8,5,7,6,4,0,0,67,41,22,8,13,10,12,8,3,107,10,37,29,26,19,23,10,0,153,6,62,68,39,32,44,12,0,265,0,34,100,51,40,29,8,0,266,0,11,40,29,27,25,5,0,139,0,3,34,19
LGA23270,118,83,64,41,19,5,367,4,52,163,153,78,47,26,4,532,3,97,333,261,138,103,30,8,987,0,172,753,407,241,180,64,8,1813,0,182,957,476,292,179,42,6,2141,0,48,990,600,418,256,53,5,2372,0,17,527,556,387,263,60,0,1799,0,14,697,1162,802,476,98,3,3256,0,4,82,180,152,90,17,3,540,0,0,76,310,393,249,43,0,1076,0,7,31,29,26,20,4,0,116,66,759,4888,4362,3096,1990,481,52,15700,4,0,20,28,14,17,4,0,94,30,9,16,19,13,6,5,5,105,21,28,29,34,35,14,0,0,166,34,49,83,60,62,43,15,0,339,91,128,105,84,76,65,18,5,567,163,222,182,144,106,77,21,3,912,90,360,352,237,170,121,31,0,1356,41,351,683,439,356,236,59,5,2160,26,261,847,582,512,333,66,4,2628,3,133,620,528,459,356,53,0,2158,0,63,486,481
LGA23350,4,4,9,10,7,0,33,0,0,11,12,8,15,7,0,48,0,0,8,13,19,16,4,0,64,0,4,19,25,20,15,13,0,94,0,6,34,33,24,17,3,0,122,0,0,14,32,33,27,12,0,117,0,0,8,23,44,25,3,0,95,0,0,18,37,36,40,13,0,136,0,0,4,6,8,8,0,0,20,0,0,3,6,8,4,3,0,26,0,0,0,0,0,0,0,0,9,0,14,126,203,214,182,76,13,836,0,0,0,0,0,0,0,0,5,6,0,0,4,0,4,0,0,9,5,0,0,0,5,3,4,0,13,0,0,3,4,0,8,0,0,15,12,3,4,5,4,7,3,0,43,19,10,0,8,5,7,0,0,52,6,11,19,15,17,5,3,0,69,3,22,28,23,15,19,0,0,103,0,5,36,20,27,15,3,0,110,0,11,23,20,13,8,5,0,76,0,0,12,15
LGA23430,100,87,72,64,40,6,450,0,68,151,145,109,74,45,5,598,8,126,314,222,191,136,52,5,1050,0,180,618,389,283,179,72,3,1724,0,144,783,459,325,218,78,10,2011,0,40,680,507,436,253,53,11,1987,0,7,403,457,388,247,60,5,1562,0,15,482,842,746,440,105,13,2641,0,0,57,149,159,82,29,9,476,0,0,55,212,251,153,52,8,738,0,12,14,23,14,16,12,0,92,83,811,3796,3644,3100,1963,638,86,14126,4,6,15,6,10,11,6,0,58,35,8,9,9,6,0,0,0,75,27,22,16,24,18,19,6,3,140,28,51,42,24,33,48,22,6,253,79,79,73,44,47,52,22,10,406,136,201,106,94,102,86,43,5,775,52,282,259,138,158,126,59,12,1078,22,314,577,301,296,224,75,8,1828,13,187,646,469,437,344,79,10,2201,0,91,543,419,379,288,56,6,1788,0,40,416,379
LGA23670,92,85,63,63,48,8,407,6,53,138,140,82,89,43,5,558,3,107,278,221,132,127,47,5,915,3,198,601,363,234,167,63,8,1637,0,154,734,453,304,219,66,7,1951,0,48,724,511,398,295,56,7,2038,0,9,432,435,363,237,48,0,1532,0,3,395,817,687,423,87,7,2423,0,0,53,132,145,106,16,3,450,0,0,60,174,217,160,53,3,672,4,3,28,27,14,9,0,0,90,74,762,3686,3530,2745,2010,594,81,13478,0,0,8,8,0,10,4,0,38,41,5,7,3,7,9,7,0,87,36,18,28,22,26,16,6,4,154,29,34,36,34,39,30,22,0,225,75,53,43,37,48,45,17,5,322,121,173,91,74,103,90,37,3,698,58,264,225,143,142,127,39,11,1005,21,279,472,245,253,204,52,3,1536,5,201,589,418,382,299,75,3,1969,3,81,406,334,346,264,46,0,1479,0,34,309,292
LGA23810,38,38,24,24,20,0,164,3,23,66,80,35,49,23,0,287,0,56,121,111,70,76,38,5,474,0,78,265,179,110,112,31,0,785,0,83,344,190,151,132,28,5,928,0,42,380,270,187,137,32,5,1052,0,12,217,210,183,121,39,0,782,0,11,189,299,285,190,28,0,1007,0,6,16,46,41,33,8,3,151,0,0,23,81,101,75,27,3,319,0,0,5,8,10,9,4,0,37,17,346,1729,1565,1230,999,303,30,6223,3,0,5,7,5,6,6,0,29,9,4,5,8,6,7,6,0,42,17,7,11,8,11,12,3,0,64,16,13,16,25,10,26,8,0,112,68,21,17,24,10,30,10,0,187,91,88,49,40,27,43,14,3,362,48,125,92,62,53,45,18,0,444,22,134,195,103,83,74,26,0,636,10,110,235,130,113,97,18,3,721,3,48,154,148,96,72,14,0,540,0,40,143,110
LGA23940,0,3,8,0,3,0,12,0,0,3,3,0,7,0,0,20,0,3,11,4,9,5,0,0,29,0,4,13,10,21,3,5,0,49,0,0,19,8,14,5,0,0,46,0,0,13,8,7,10,4,0,43,0,0,5,8,9,9,0,0,25,0,0,0,15,9,16,3,0,43,0,0,0,3,0,0,0,0,3,0,0,0,0,0,0,0,0,5,0,0,0,0,0,0,0,0,3,0,15,66,66,78,58,18,0,294,0,0,0,0,0,0,0,0,0,0,0,0,0,0,0,0,0,0,0,0,0,0,3,0,0,0,8,3,0,4,0,0,0,0,0,8,0,0,0,0,5,4,0,0,11,0,0,0,3,6,9,0,0,15,0,0,0,5,4,3,0,0,14,0,4,6,8,7,3,0,0,29,0,8,11,3,8,5,3,0,43,0,4,10,6,14,3,0,0,40,0,0,0,8
LGA24130,21,32,40,21,19,6,146,0,3,22,59,49,44,21,0,198,0,12,37,67,62,39,18,5,245,0,15,74,74,75,60,27,4,326,0,18,113,95,83,57,20,4,389,0,7,120,107,97,56,27,9,423,0,0,56,103,90,65,6,0,323,0,0,50,140,154,108,33,8,484,0,0,7,26,34,20,11,0,101,0,0,14,43,70,33,10,6,185,0,0,0,7,10,8,3,0,20,12,86,553,796,800,548,230,36,3060,0,0,0,4,8,6,5,0,18,22,0,5,3,5,9,4,0,40,14,0,4,14,6,9,4,4,57,6,11,14,8,22,12,4,0,77,22,18,18,17,13,12,7,0,113,59,40,21,29,30,25,12,3,224,21,83,31,48,31,36,5,0,258,9,84,77,61,62,54,14,0,357,6,51,124,84,66,56,13,0,407,0,23,67,67,68,32,7,0,266,0,11,49,50
LGA24210,69,63,63,47,27,8,289,0,30,103,103,68,62,33,18,407,0,41,146,109,99,91,47,9,542,0,52,262,187,145,121,35,11,815,0,56,321,190,139,123,50,12,892,0,17,332,220,207,128,51,11,960,0,4,167,189,176,129,40,4,703,0,0,172,365,343,265,65,13,1217,0,0,27,64,74,57,11,6,235,0,0,40,110,172,124,34,7,482,0,3,7,13,12,17,6,0,54,62,316,1743,1750,1597,1256,441,114,7289,0,3,0,6,7,0,3,0,24,18,6,5,0,4,0,0,0,35,17,16,15,12,14,14,0,0,79,9,23,27,25,16,21,3,3,129,25,26,27,25,25,19,12,0,167,36,56,51,44,32,55,16,4,291,19,98,75,64,62,61,17,0,390,9,72,142,93,80,83,21,4,505,3,40,184,137,90,92,22,0,563,3,11,141,82,67,69,6,0,378,0,12,75,68
LGA24250,3,10,4,5,7,0,32,0,0,4,12,11,9,4,0,42,0,0,8,14,13,11,3,0,55,0,9,12,12,16,10,6,0,67,0,4,24,23,15,17,3,0,88,0,5,18,17,21,10,4,0,77,0,0,17,18,23,12,5,0,71,0,0,14,33,18,27,13,0,105,0,0,3,9,3,0,0,0,19,0,0,3,5,12,7,3,0,28,0,0,5,0,4,3,0,0,12,0,18,103,168,146,127,59,4,626,0,0,0,0,5,0,0,0,5,11,0,0,0,0,0,0,0,14,4,0,0,0,3,0,0,0,13,0,0,0,0,3,4,0,0,9,7,0,0,5,9,0,0,0,29,8,3,8,7,7,11,0,0,37,0,15,15,7,15,8,8,0,63,3,20,18,9,8,17,5,0,78,0,13,33,25,15,19,6,0,106,0,10,17,14,21,11,0,0,66,0,0,15,13
LGA24330,89,64,47,38,16,0,283,0,32,123,103,59,43,21,0,381,0,63,200,155,118,87,28,11,659,0,115,409,296,168,130,53,0,1176,0,88,545,367,245,132,37,3,1412,0,27,587,432,293,154,33,0,1525,0,12,409,404,274,178,43,4,1327,0,10,456,594,464,303,50,0,1879,0,0,75,122,95,67,17,0,376,0,0,74,216,184,106,36,4,620,0,5,21,3,11,5,3,0,55,54,490,3115,2866,2035,1296,366,31,10251,0,0,11,7,10,4,0,0,28,7,8,9,4,0,5,4,0,33,12,16,19,10,9,12,4,0,78,7,21,27,19,28,18,6,0,133,13,35,41,26,25,22,0,0,164,24,79,83,48,43,40,11,0,333,11,100,130,66,47,56,15,0,429,4,88,228,121,95,56,11,0,603,0,68,252,170,121,84,16,0,714,0,26,157,140,91,73,19,0,513,0,18,116,119
LGA24410,64,71,50,47,23,11,292,0,37,104,129,67,60,39,3,438,0,57,178,156,116,88,31,11,638,0,117,399,256,235,190,55,9,1263,0,103,475,314,230,195,49,7,1368,0,33,472,355,281,210,49,3,1413,0,10,297,309,282,183,42,0,1124,0,0,310,511,494,338,76,4,1733,0,0,32,71,76,62,8,3,255,0,0,40,128,136,112,37,8,459,0,3,15,9,14,15,0,3,60,41,475,2498,2423,2062,1583,461,75,9612,3,0,5,8,7,12,3,0,43,18,3,11,10,3,8,4,0,54,17,15,8,17,19,14,7,0,104,28,19,18,24,30,22,6,0,145,45,57,25,30,26,30,13,4,224,94,137,74,56,44,47,24,3,474,31,211,150,89,87,73,17,5,662,15,196,261,164,171,128,40,4,979,9,145,366,276,249,204,39,0,1293,4,47,288,190,203,153,26,0,901,0,30,223,184
LGA24600,922,488,234,186,100,20,2508,19,603,1300,835,422,278,170,28,3653,18,1189,2635,1506,686,461,219,29,6742,12,3041,6740,3092,1450,851,351,41,15575,5,2540,10827,4630,1944,1051,318,29,21350,3,1258,12966,7209,3162,1718,404,37,26739,0,480,10660,8346,3783,2011,472,39,25793,0,362,18601,23457,11188,5328,999,80,60010,0,44,3048,6695,3757,1819,356,40,15764,3,43,2928,10904,9483,4644,1144,125,29277,0,66,295,249,161,101,41,6,919,275,11448,72089,68078,36699,18738,4759,520,212602,10,15,27,32,15,12,3,0,105,24,35,20,8,6,11,9,0,110,38,84,73,31,14,17,8,0,279,26,123,148,66,44,26,11,0,442,71,190,231,84,73,35,17,0,710,83,281,418,209,104,97,22,3,1226,54,388,624,313,166,132,31,6,1700,37,465,1170,596,344,230,66,0,2914,24,467,1820,1130,574,394,97,7,4506,13,239,1377,1035,593,399,66,0,3716,3,121,1058,1068
LGA24650,48,55,23,22,4,0,167,3,19,104,107,46,21,18,0,313,0,35,144,103,63,45,15,0,400,0,66,299,208,125,77,16,0,790,0,118,430,244,139,58,22,0,1000,0,37,440,301,179,85,13,0,1056,0,0,234,255,189,92,19,4,787,0,0,259,411,283,112,24,3,1095,0,0,22,51,43,16,9,0,132,0,0,31,80,61,37,4,3,210,0,8,15,13,8,9,0,0,45,32,353,2095,1922,1212,602,155,13,6382,3,4,10,18,12,0,0,0,46,17,3,5,0,15,5,0,0,48,19,12,16,26,13,13,6,0,99,25,30,41,29,17,6,4,0,141,73,61,42,32,30,16,4,0,263,93,117,74,76,54,30,11,0,456,37,174,150,105,73,53,11,0,600,21,157,241,160,108,66,12,4,766,5,117,326,223,145,79,14,0,909,0,58,206,161,105,63,22,0,607,0,30,169,122
LGA24780,30,25,15,11,10,0,104,3,11,52,25,36,33,12,0,179,0,25,101,76,54,50,17,0,320,0,54,190,119,96,67,26,0,548,3,38,239,142,106,80,19,4,634,0,24,245,166,153,105,14,0,710,0,10,120,125,157,86,23,0,515,0,6,123,194,208,134,26,0,692,0,0,16,16,22,19,3,0,79,0,0,20,40,53,37,14,3,165,0,0,7,0,12,6,0,0,28,26,188,1184,965,921,639,176,12,4113,4,0,5,0,0,3,0,0,16,14,0,5,0,5,0,0,3,20,10,0,4,6,5,8,7,0,44,9,10,10,10,10,11,3,0,63,53,21,14,11,15,14,4,0,137,63,52,31,25,30,24,13,0,237,27,99,81,34,43,22,9,0,313,3,122,167,77,90,60,15,0,533,3,73,186,151,99,96,22,0,635,0,28,89,95,68,49,4,0,343,0,12,57,80
LGA24850,15,13,12,11,9,0,66,0,13,25,26,28,13,10,0,123,0,13,35,44,35,25,11,0,158,0,15,95,70,41,44,12,5,283,0,29,123,68,69,40,16,0,350,0,8,152,92,72,64,15,0,406,0,7,59,65,50,43,13,0,240,0,3,61,99,126,80,19,5,389,0,0,7,17,11,6,4,0,45,0,0,10,30,29,20,5,3,93,0,0,7,0,4,0,0,0,12,9,119,608,548,500,367,120,22,2299,0,0,0,7,3,0,0,0,13,15,0,3,11,0,3,0,0,30,7,9,3,4,9,3,0,0,32,7,4,10,4,8,8,0,0,50,16,8,16,11,12,8,4,0,79,30,28,27,21,18,24,7,0,159,21,40,61,23,20,13,8,0,195,7,48,80,48,55,33,13,0,289,0,37,111,76,63,57,13,0,348,0,13,60,54,52,27,12,0,212,0,14,46,52
LGA24900,13,12,5,9,10,0,56,0,4,14,16,13,23,9,0,86,0,10,38,29,17,18,6,0,118,0,12,61,43,37,36,18,0,197,0,14,82,31,40,39,16,0,223,0,0,79,49,47,43,3,3,237,0,0,40,38,53,38,11,0,169,0,0,39,63,68,58,11,0,240,0,0,9,19,10,9,0,0,42,0,0,6,17,19,8,5,0,49,0,0,0,0,5,3,0,0,7,7,61,396,325,316,295,115,4,1514,0,0,0,3,4,5,0,0,16,12,0,3,0,0,0,0,0,15,9,0,0,4,5,5,0,0,22,4,4,4,8,8,6,9,0,34,29,3,4,7,12,8,8,0,71,45,28,10,12,17,13,3,0,128,18,35,27,24,20,28,11,0,161,5,49,84,48,37,33,6,0,260,0,39,96,64,65,24,9,0,297,0,12,50,38,26,21,4,0,153,0,7,32,24
LGA24970,371,201,139,104,67,7,1052,6,172,387,326,187,129,74,11,1295,4,263,687,441,295,223,103,15,2032,0,492,1439,815,480,377,149,21,3768,0,333,1883,996,595,369,107,19,4310,0,131,2059,1325,893,543,139,6,5101,0,38,1353,1375,934,592,122,14,4427,0,28,1589,2736,2024,1180,258,16,7830,0,0,213,465,443,283,57,8,1473,0,6,163,658,774,489,145,20,2258,0,23,38,39,55,34,14,0,200,160,2134,10568,9701,7047,4509,1327,164,35611,0,10,19,9,13,7,0,0,58,35,15,14,13,10,14,6,0,103,17,45,29,31,18,13,10,0,160,19,58,58,38,38,35,14,0,273,42,90,83,61,62,44,15,0,405,84,185,154,122,97,94,35,6,780,40,258,298,179,154,101,28,4,1063,25,289,506,353,241,198,64,0,1671,18,212,731,503,451,345,71,0,2330,0,96,593,457,437,258,52,3,1901,0,38,434,446
LGA25060,64,63,40,41,15,0,268,0,38,119,104,65,44,37,3,418,4,66,184,147,91,83,35,3,610,0,108,344,237,158,104,59,0,1011,0,74,439,257,185,124,55,3,1134,0,24,498,320,260,165,38,6,1312,0,7,310,301,249,195,36,7,1107,0,0,331,622,482,375,93,3,1905,0,3,51,114,129,78,29,5,412,0,0,37,218,243,138,48,3,693,0,10,14,15,15,3,5,0,68,84,487,2509,2503,2006,1423,487,45,9537,0,0,3,0,8,6,0,0,21,13,10,3,7,0,6,0,0,43,11,14,9,6,15,9,7,0,68,9,15,25,15,21,15,6,0,110,31,54,28,22,33,27,9,0,204,46,107,70,41,46,34,19,3,361,17,126,121,79,77,50,13,6,490,12,148,244,137,106,79,24,7,757,0,83,277,180,148,111,18,0,822,0,43,152,138,120,63,16,0,542,0,8,145,134
LGA25150,14,16,12,11,12,0,68,0,7,30,22,12,12,3,0,87,0,9,46,32,18,19,4,0,134,0,16,73,41,34,22,9,0,197,0,27,86,40,46,19,10,0,225,0,3,72,77,64,29,10,0,254,0,0,33,47,40,35,13,0,164,0,3,33,107,85,38,4,0,265,0,0,8,8,15,11,6,0,42,0,0,11,20,26,8,5,0,72,0,0,0,4,0,4,0,0,9,17,83,427,446,384,234,65,10,1662,0,0,5,0,3,0,0,0,14,12,0,0,0,0,0,0,0,16,4,5,6,6,3,7,0,0,28,13,3,4,4,6,5,4,0,44,27,13,6,11,11,13,3,0,86,35,20,16,26,18,12,11,0,142,16,40,35,27,17,13,8,0,160,9,44,67,38,37,19,8,0,226,0,33,71,65,42,26,8,0,245,0,11,61,25,22,22,4,0,149,0,5,45,43
LGA25250,134,104,85,44,24,9,449,5,54,209,149,106,80,22,9,635,0,69,308,228,167,98,40,5,913,3,95,528,379,220,148,61,10,1450,0,72,617,345,247,139,39,4,1460,0,32,521,404,313,170,50,3,1500,0,5,330,367,219,171,33,3,1140,0,0,336,528,412,256,66,6,1600,0,0,47,110,94,55,25,0,331,0,0,64,168,159,99,34,3,525,0,3,24,27,15,14,0,0,82,58,542,3352,3005,2168,1370,435,61,10998,0,0,9,8,5,9,0,0,28,12,8,7,5,11,3,0,3,52,13,22,14,17,22,9,8,0,99,14,27,36,26,25,27,12,4,169,32,61,58,55,43,39,19,0,299,47,110,114,82,68,70,21,4,508,24,114,208,133,108,81,21,4,689,5,126,324,177,149,113,31,0,933,0,99,348,223,190,132,22,4,1013,3,33,239,178,127,95,15,0,687,3,23,145,122
LGA25340,58,99,69,67,58,12,387,4,30,115,115,96,87,62,8,525,7,59,175,193,154,127,86,11,821,7,87,303,282,272,203,86,22,1258,0,92,434,260,262,178,67,4,1297,0,25,426,338,346,231,61,14,1447,0,7,215,269,280,215,67,8,1058,0,3,229,452,549,369,107,12,1733,0,5,43,82,106,51,26,3,317,0,0,36,157,197,171,73,11,649,0,4,8,16,14,26,4,3,81,57,418,2152,2454,2471,1862,781,131,10328,0,0,9,11,10,7,0,0,40,42,9,4,6,8,11,7,0,86,36,13,20,17,18,22,11,0,134,26,21,27,33,35,44,24,7,215,105,68,53,42,52,55,29,3,403,164,191,108,81,101,98,44,4,794,87,267,179,136,139,139,28,4,977,58,371,424,225,237,145,52,10,1520,44,270,513,341,335,216,43,4,1768,13,132,403,255,210,171,39,0,1226,5,43,321,253
LGA25430,6,19,21,21,12,4,86,0,6,12,17,24,30,16,0,111,0,7,18,35,40,35,16,0,152,0,6,25,50,65,56,13,3,216,0,8,32,31,55,45,20,0,198,0,0,43,50,50,45,22,0,196,0,0,18,31,39,32,9,0,142,0,0,20,58,64,47,10,6,196,0,0,4,9,7,6,5,0,28,0,0,7,12,22,18,7,0,60,0,0,4,0,3,0,4,0,6,0,31,200,350,417,367,157,21,1544,0,0,0,0,0,0,0,0,0,0,0,0,0,0,0,4,0,11,4,3,8,4,0,9,0,0,20,0,0,8,9,13,9,0,0,34,13,3,7,4,11,17,4,0,56,11,9,11,12,23,12,4,0,85,9,22,19,11,18,23,4,0,108,3,27,46,23,24,26,10,0,151,0,14,57,31,47,33,11,0,187,0,0,26,31,22,19,0,0,99,0,0,22,17
LGA25490,6,5,0,9,7,0,26,0,7,9,9,14,11,4,0,46,0,7,14,16,7,11,5,0,58,0,6,20,17,13,14,3,0,80,0,0,24,22,16,12,4,0,87,0,4,36,22,29,16,6,0,112,0,0,15,21,24,16,6,0,76,0,0,12,20,32,24,15,0,96,0,0,0,5,0,5,0,0,10,0,0,4,9,9,11,3,0,34,0,0,0,0,0,0,0,0,0,0,24,152,154,153,135,49,3,668,0,0,0,0,0,0,0,0,0,7,0,0,3,0,0,0,0,9,0,0,0,0,6,7,0,0,17,0,0,3,3,6,6,0,0,16,10,3,6,6,5,4,0,0,28,17,9,12,7,10,9,6,0,74,6,21,19,14,8,3,6,0,73,6,12,31,16,24,16,6,0,103,0,11,39,34,20,22,0,0,135,0,3,20,13,25,17,3,0,80,0,5,22,20
LGA25620,10,7,8,10,10,0,39,0,3,8,12,13,15,0,0,43,0,0,15,10,21,20,9,0,73,0,0,25,27,24,17,3,3,105,0,6,25,11,13,18,6,0,80,0,3,38,27,17,24,3,0,110,0,0,9,10,24,13,5,0,61,0,0,8,23,23,22,3,0,86,0,0,0,4,0,4,0,0,17,0,0,0,7,8,7,3,0,25,0,0,0,0,0,0,6,0,15,3,25,139,137,156,152,66,14,697,0,0,0,3,7,0,0,0,7,3,3,0,0,0,3,0,0,15,0,0,0,3,4,0,0,0,15,0,5,0,8,6,3,0,0,22,13,3,5,0,4,12,8,0,46,18,10,6,8,15,16,4,0,72,5,14,14,15,7,11,4,0,73,3,10,24,17,32,17,6,0,111,0,12,44,21,32,17,6,0,135,0,6,21,19,26,7,5,0,91,0,4,16,23
LGA25710,26,44,35,34,25,3,172,0,10,44,72,55,25,22,8,228,0,24,61,59,45,48,23,5,270,0,28,110,95,82,48,25,7,403,0,20,128,85,80,62,27,0,402,0,11,129,95,103,73,27,4,448,0,3,62,86,103,71,23,0,343,0,0,49,146,199,149,23,6,564,0,0,8,32,53,25,3,0,123,0,0,12,60,84,67,21,0,242,0,0,0,3,11,3,0,0,23,18,157,680,844,892,661,252,40,3554,0,0,0,0,0,5,0,0,8,13,4,0,4,5,7,0,0,32,4,9,3,15,10,10,6,0,49,10,14,3,10,4,4,8,4,63,25,12,11,21,14,8,7,0,96,43,52,23,26,31,25,13,0,212,18,71,52,38,33,30,11,0,258,9,68,87,38,48,43,17,0,304,3,36,92,70,59,51,12,0,338,0,26,88,59,48,55,15,0,283,0,6,62,64
LGA25810,7,4,0,6,6,0,26,0,0,3,9,6,4,0,0,19,0,5,13,8,9,8,3,3,52,0,16,19,20,11,17,4,0,84,0,11,43,16,17,18,6,0,118,0,3,28,20,30,20,10,0,108,0,0,23,10,12,7,4,0,66,0,0,19,19,30,20,4,0,89,0,0,0,6,3,0,0,0,13,0,0,0,6,0,0,0,0,14,0,0,0,0,3,0,0,0,0,3,38,164,132,132,108,44,7,635,0,0,0,0,0,3,0,0,3,0,0,0,0,0,4,0,0,4,3,0,3,0,3,0,3,0,12,6,0,3,0,3,5,0,0,18,6,5,0,3,9,7,4,0,29,4,14,6,4,7,5,8,0,45,5,14,12,6,10,3,3,0,60,4,17,23,13,28,12,3,0,99,0,10,43,22,15,16,0,3,114,0,6,20,18,12,12,3,0,66,0,5,10,11
LGA25900,149,111,80,71,47,10,573,8,104,218,153,105,70,50,6,722,4,269,529,252,158,123,68,18,1421,0,393,1339,480,276,193,98,17,2795,0,273,1704,689,350,235,88,10,3343,0,81,1539,897,486,275,84,13,3374,0,37,983,831,468,245,74,17,2656,0,32,1493,2022,1142,592,137,17,5434,0,15,194,528,372,173,60,12,1350,0,0,209,782,839,455,147,27,2461,0,5,31,28,29,22,5,0,123,76,1498,8590,6943,4437,2584,940,171,25230,0,0,15,5,3,6,0,0,29,5,5,5,3,3,5,0,0,35,12,23,7,9,12,9,0,0,72,11,32,39,19,19,6,0,0,135,17,56,54,34,19,18,5,0,209,24,85,98,76,43,29,8,0,366,17,141,221,93,62,40,15,3,587,10,177,358,155,101,76,16,0,895,6,119,515,285,164,105,21,0,1216,3,60,396,252,166,97,17,3,988,0,19,296,248
LGA25990,0,0,0,10,0,0,10,0,0,0,0,0,5,0,0,17,0,4,4,3,9,5,0,0,22,0,3,11,10,11,3,0,0,42,0,4,12,12,9,4,8,0,39,0,0,11,4,11,6,3,0,40,0,0,3,7,10,6,0,0,29,0,0,3,5,6,15,6,0,35,0,0,0,0,0,0,0,0,10,0,0,0,4,0,0,0,0,7,0,0,0,0,0,0,0,0,0,0,7,49,58,59,67,23,0,260,0,0,0,0,0,0,0,0,0,0,0,0,0,0,0,0,0,3,0,0,0,0,0,0,0,0,10,0,0,0,4,0,0,0,0,6,0,0,0,0,0,3,0,0,9,4,0,0,4,3,0,0,0,15,3,4,0,4,4,8,0,0,23,0,8,9,3,9,11,0,0,40,0,5,3,7,7,9,0,0,37,0,0,6,5,8,0,0,0,22,0,0,4,5
LGA26080,6,0,9,3,3,0,14,0,0,0,10,0,7,4,0,24,0,0,0,10,9,5,3,3,25,0,0,9,10,11,9,3,3,41,0,3,7,3,8,7,7,0,31,0,0,11,10,3,12,9,0,47,0,0,7,0,6,10,8,0,34,0,0,6,19,19,19,8,0,74,0,0,0,3,0,4,0,0,10,0,0,0,7,13,6,0,5,35,0,0,0,0,0,0,0,0,0,0,5,44,79,85,90,51,14,363,0,0,0,0,0,0,0,0,4,0,0,0,0,0,0,0,0,3,0,0,0,0,0,0,0,0,9,0,0,0,0,0,5,0,0,4,0,0,0,0,6,0,0,0,11,0,4,3,4,0,4,5,0,18,0,4,9,0,3,0,0,0,21,0,6,7,10,6,0,0,0,31,0,7,11,10,9,7,3,0,43,0,6,13,7,6,5,0,0,30,0,0,10,3
LGA26170,12,15,10,24,9,0,66,0,3,14,26,18,27,16,0,105,0,13,24,32,34,33,10,0,153,0,18,52,53,48,42,18,0,228,0,15,67,58,55,45,14,0,253,0,5,67,53,78,52,21,0,264,0,0,49,46,59,36,12,0,206,0,0,28,80,100,64,16,0,288,0,0,6,14,11,12,0,0,49,0,0,9,23,26,16,11,6,85,0,0,0,3,0,5,0,0,15,8,60,347,417,466,376,145,13,1838,0,0,4,4,0,5,0,0,9,9,0,4,3,0,0,0,0,20,9,0,0,3,6,10,6,0,36,10,3,4,0,7,15,8,0,51,30,14,9,4,14,17,8,0,94,36,26,13,11,26,18,13,0,136,12,46,37,24,22,28,9,0,174,3,39,59,35,36,38,7,0,219,0,20,67,60,54,51,10,0,259,0,12,48,44,33,23,9,0,160,0,13,39,38
LGA26260,11,10,9,11,12,0,48,0,0,22,22,13,7,8,0,82,0,7,18,24,22,18,4,0,98,3,14,60,36,24,33,14,0,184,0,25,54,48,47,32,11,0,209,0,5,65,42,53,49,9,4,218,0,0,29,52,36,30,9,0,151,0,0,35,52,65,46,8,0,213,0,0,5,6,3,3,0,3,22,0,0,3,7,16,11,5,6,48,0,0,0,3,0,0,0,0,3,6,55,322,311,305,254,80,16,1344,0,0,0,0,0,0,0,0,4,9,0,0,0,3,0,0,0,17,4,0,0,4,4,11,5,0,25,0,0,6,3,9,0,3,0,24,23,7,7,8,4,10,0,0,59,11,16,12,10,6,7,9,3,75,9,20,21,12,18,12,0,0,98,0,34,42,26,33,30,7,0,167,4,28,64,38,35,36,8,0,217,0,13,26,14,28,24,0,0,115,0,4,18,18
LGA26350,102,88,71,53,35,8,443,5,89,179,151,96,83,46,14,661,0,186,372,208,157,105,67,18,1110,0,239,845,345,234,167,91,19,1945,0,156,1025,426,301,208,104,13,2231,0,53,1015,530,383,263,81,17,2341,0,24,612,500,338,254,86,17,1820,0,21,816,1021,719,501,160,27,3257,0,0,140,258,190,116,50,18,775,0,4,127,517,631,397,184,53,1919,3,8,31,17,30,33,19,5,131,91,1012,5412,4194,3268,2275,987,228,17464,0,8,3,8,7,0,5,0,29,7,9,3,9,3,5,0,0,41,9,22,22,8,8,5,4,0,89,9,28,36,22,23,15,4,0,134,21,49,61,25,26,21,16,3,224,30,108,123,65,46,34,23,4,431,10,141,210,112,84,63,14,8,632,11,169,358,176,99,87,21,0,917,4,95,445,257,124,109,23,4,1063,0,41,266,210,134,80,14,0,754,0,16,157,159
LGA26430,3,5,3,0,5,4,23,0,5,0,3,7,12,0,0,28,0,6,6,13,14,6,9,0,54,0,6,15,19,10,14,10,0,72,0,3,13,17,3,15,5,0,54,0,0,24,11,8,14,0,0,63,0,0,11,10,13,8,3,0,47,0,0,8,16,16,15,4,0,60,0,0,0,4,3,4,0,0,10,0,0,3,3,8,3,3,0,22,0,0,0,0,0,0,0,0,0,0,19,95,105,96,91,61,3,475,0,0,0,0,0,0,0,0,3,6,0,0,5,0,0,0,0,9,0,0,0,0,0,5,8,0,15,3,3,4,0,0,5,0,0,12,8,0,3,0,0,7,4,0,29,10,14,6,3,4,16,6,0,56,4,10,13,10,10,18,6,0,73,0,19,24,14,13,11,3,0,83,0,8,37,22,16,15,3,0,94,0,0,14,17,14,9,3,0,61,0,0,11,10
LGA26490,18,30,30,17,14,0,110,5,6,41,37,17,19,16,4,148,0,20,45,48,47,25,16,3,197,0,29,65,59,48,28,16,3,249,0,16,104,76,50,34,12,0,291,0,7,100,100,68,38,6,0,319,0,0,46,80,62,32,13,0,221,0,0,45,110,96,52,15,0,319,0,0,0,30,18,14,7,0,71,0,0,8,47,54,35,13,0,158,0,4,5,4,0,0,0,0,14,10,101,493,663,508,340,140,23,2273,0,0,0,0,0,0,0,0,11,12,0,0,5,3,4,0,0,21,9,3,7,4,3,3,0,0,29,11,4,11,10,3,7,3,0,52,12,12,8,11,11,12,7,0,71,20,27,21,15,8,18,12,0,118,13,59,50,24,27,27,6,0,208,10,57,69,36,32,30,5,0,235,4,26,115,70,54,30,9,0,305,0,8,78,64,40,29,5,0,226,0,8,60,54
LGA26610,15,8,5,4,11,0,41,0,3,22,33,8,8,3,0,75,0,9,29,21,17,18,9,0,108,0,19,82,36,40,35,12,0,222,0,22,87,57,33,36,7,0,249,0,9,87,46,54,38,9,0,242,0,3,46,55,53,49,12,0,205,0,4,35,58,65,38,8,0,205,0,0,9,6,8,0,0,0,25,0,0,3,21,10,16,8,0,55,0,0,0,0,5,4,3,0,9,4,84,430,357,296,267,81,8,1529,0,0,3,0,0,3,0,0,9,6,0,0,0,0,0,0,0,16,6,0,0,4,3,3,4,0,14,9,0,8,5,6,0,3,0,26,22,9,6,4,4,12,0,0,67,34,21,9,6,12,10,4,0,91,12,43,33,15,14,18,6,0,140,4,44,57,32,21,30,7,0,193,5,34,90,55,44,41,16,0,280,0,16,50,25,22,32,0,0,143,0,5,22,26
LGA26670,0,0,0,3,0,0,6,0,0,0,5,0,7,3,0,18,0,0,3,4,0,10,0,0,18,0,0,15,17,11,8,0,0,56,0,0,20,9,10,16,3,0,54,0,0,20,9,15,12,3,0,56,0,0,13,4,13,12,0,0,42,0,0,4,22,7,9,3,0,50,0,0,3,6,0,3,0,0,13,0,0,0,0,0,10,3,0,8,0,0,7,0,0,0,0,0,5,0,6,83,86,62,77,27,0,339,0,0,0,0,0,0,0,0,0,0,0,0,0,0,0,0,0,4,0,0,0,0,3,0,0,0,3,0,0,0,0,0,6,0,0,10,4,0,0,3,0,3,3,0,10,3,0,0,5,5,3,3,0,19,4,0,4,0,4,10,4,0,23,0,8,9,4,3,13,3,0,36,0,0,12,3,5,10,0,0,27,0,0,6,8,9,4,3,0,29,0,0,4,0
LGA26700,16,13,23,19,7,3,88,0,10,24,34,25,24,6,0,126,0,21,52,55,48,42,23,3,238,0,36,114,89,75,77,12,0,406,0,29,120,101,71,73,19,0,415,0,11,147,108,91,85,20,0,461,0,0,92,75,98,71,13,0,343,0,4,83,129,130,91,18,0,458,0,0,18,24,18,11,0,0,67,0,0,14,24,23,38,12,0,111,0,0,0,7,4,6,0,0,13,6,104,682,693,621,550,144,14,2815,0,0,4,0,0,0,0,0,9,8,0,0,0,0,0,0,0,15,7,0,3,7,3,4,6,0,36,5,10,5,7,4,4,0,0,42,40,9,10,11,13,9,7,0,88,41,33,8,17,26,15,12,0,151,11,55,33,20,32,28,13,0,181,3,64,102,72,50,44,13,0,350,0,42,101,71,70,53,7,0,348,0,15,63,69,44,35,5,0,233,0,0,31,35
LGA26730,14,31,17,16,12,4,110,0,4,33,70,21,28,20,6,182,0,30,85,86,61,42,15,0,325,0,46,162,123,106,93,21,7,547,0,24,189,135,124,83,19,0,587,0,14,182,144,132,95,17,0,580,0,8,119,103,124,76,15,0,448,0,3,66,153,166,121,12,0,523,0,0,12,16,20,26,4,0,88,0,0,24,59,71,41,15,0,201,0,0,0,0,7,5,0,0,9,14,151,919,969,874,651,161,14,3742,4,0,3,0,0,0,0,0,5,17,4,0,3,0,0,3,0,26,4,4,6,10,3,6,4,0,32,11,3,5,7,4,5,5,0,41,48,10,13,6,11,11,3,0,110,61,49,35,23,28,14,13,4,229,25,73,64,44,26,28,8,0,257,9,67,123,69,51,30,7,0,354,8,30,174,82,78,46,10,0,429,0,10,84,67,69,47,3,0,287,0,6,57,62
LGA26810,26,23,13,18,16,0,105,0,9,37,38,16,32,15,0,149,0,19,46,48,21,36,12,0,190,0,33,109,68,63,40,18,3,348,0,51,137,77,57,45,17,3,395,0,48,163,113,90,69,18,0,495,0,10,94,82,82,79,21,0,367,0,3,127,155,132,129,17,4,563,0,0,25,37,22,11,10,0,107,0,0,21,38,67,45,9,0,180,0,0,0,0,3,4,0,0,14,15,193,813,719,589,541,175,10,3052,0,0,0,4,6,0,0,0,12,10,0,0,0,5,0,5,0,25,4,4,9,8,7,11,3,0,48,9,7,5,3,9,8,4,0,53,49,18,8,14,17,22,11,0,144,64,37,30,26,22,23,11,0,216,25,52,46,40,40,37,6,0,250,10,81,85,45,46,43,13,0,313,5,47,119,72,45,55,15,0,348,0,18,82,86,54,51,3,0,295,0,9,70,69
LGA26890,0,3,0,0,0,0,7,0,0,4,0,8,3,0,0,13,0,3,9,6,14,6,0,0,35,0,0,3,0,3,0,0,0,16,0,4,5,3,3,3,0,0,21,0,0,8,0,3,5,3,0,24,0,0,3,0,4,3,0,0,15,0,0,8,4,10,10,0,0,36,0,0,0,0,0,0,0,0,0,0,0,0,4,0,0,0,0,5,0,0,0,0,0,0,0,0,5,0,11,55,34,49,26,20,0,194,0,0,0,0,0,3,0,0,5,0,0,0,0,0,0,0,0,0,0,4,0,0,0,0,0,0,4,5,0,0,0,0,0,0,0,5,0,0,0,0,0,4,0,0,9,9,0,0,0,0,4,0,0,13,0,0,3,3,4,0,0,0,11,0,0,6,4,0,6,0,0,22,0,6,3,0,6,0,0,0,19,0,0,4,3,0,4,0,0,14,0,0,3,0
LGA26980,218,156,126,100,77,13,793,3,88,292,264,167,151,68,11,1058,0,144,462,367,248,206,107,16,1548,0,303,973,605,406,299,110,23,2726,0,233,1129,607,475,337,106,16,2901,4,88,1195,819,641,423,98,21,3289,0,24,750,811,629,411,95,4,2735,0,13,912,1585,1286,805,171,14,4793,0,3,110,270,263,138,52,12,850,0,0,106,432,482,312,77,6,1411,0,6,32,17,35,26,5,4,127,164,1359,6517,6229,4989,3415,1076,155,23903,7,3,5,3,6,3,3,0,28,34,8,5,17,7,3,5,0,80,15,28,22,24,18,21,11,0,142,12,21,46,41,29,29,16,0,204,25,57,57,46,50,43,4,3,288,63,108,97,103,81,64,27,7,546,25,157,165,111,119,91,31,4,703,16,175,349,218,174,144,39,0,1109,8,118,386,279,224,186,40,0,1246,0,54,261,220,181,116,19,6,856,0,34,189,186
LGA27070,117,103,72,47,19,7,405,3,54,198,155,113,56,34,3,622,0,100,322,270,116,95,40,3,954,0,169,655,424,252,176,44,3,1721,0,167,867,429,262,180,40,0,1951,0,36,909,542,340,192,49,0,2064,0,7,487,473,299,203,39,4,1514,0,14,596,822,539,324,70,3,2369,0,0,80,116,91,45,15,0,350,0,0,61,261,192,117,32,7,671,0,5,29,25,17,13,4,0,87,69,716,4493,3785,2378,1512,428,37,13415,3,4,10,21,6,10,0,0,53,17,8,13,15,9,5,3,0,66,22,20,27,33,27,17,0,3,147,31,29,43,47,33,27,9,3,217,79,66,63,57,51,39,9,0,375,124,127,124,103,98,70,16,6,670,40,244,222,183,131,93,31,3,948,18,243,459,260,195,168,22,5,1368,0,169,580,377,327,217,40,0,1720,0,76,413,317,249,155,34,6,1254,0,45,311,247
LGA27170,19,20,10,18,15,0,101,4,8,41,42,22,18,13,3,144,0,13,88,74,43,39,19,0,280,0,24,163,111,118,65,23,3,503,0,29,207,153,112,92,24,0,617,0,18,216,183,172,105,15,0,702,0,4,107,143,136,79,7,0,486,0,5,90,207,208,127,10,0,654,0,0,7,25,27,15,4,0,75,0,0,18,41,37,33,3,3,131,0,0,3,0,0,0,0,0,14,20,128,979,1034,913,617,157,12,3849,4,4,0,0,4,3,0,0,13,3,3,0,0,0,0,0,0,12,6,4,0,4,7,8,0,0,26,8,8,3,4,7,5,0,0,34,51,18,4,7,11,12,6,0,114,85,55,28,20,18,18,5,0,235,32,104,64,52,28,22,9,4,313,56,138,154,91,51,54,21,0,570,51,147,236,155,93,75,15,0,782,7,53,170,118,80,55,9,0,496,5,24,105,101
LGA27260,131,116,71,42,23,6,438,5,40,189,180,76,65,30,3,581,6,80,313,331,140,105,32,4,1005,0,172,664,483,231,133,46,3,1730,0,205,993,601,349,186,39,0,2385,0,51,990,648,428,193,54,0,2369,0,27,477,568,425,239,41,0,1775,0,13,556,1000,661,389,64,0,2680,0,0,71,196,98,65,14,0,441,0,0,67,275,211,124,41,0,731,0,6,25,29,15,10,5,0,89,121,775,4682,4688,2809,1638,422,30,15155,6,4,16,12,8,10,0,0,54,16,6,15,19,9,3,0,0,66,21,23,24,35,21,14,8,0,143,20,34,57,57,26,21,5,3,219,83,98,79,86,41,23,10,0,423,127,170,142,114,70,50,8,0,680,58,263,284,170,110,90,25,0,1007,21,264,465,304,198,135,26,0,1417,10,206,564,457,284,180,42,0,1731,4,93,448,312,263,168,32,4,1322,0,37,260,309
LGA27350,217,169,89,76,37,5,716,6,174,385,266,154,91,48,6,1131,0,352,771,420,240,156,93,16,2041,5,576,1789,730,370,258,104,17,3845,5,361,2493,1065,448,306,104,11,4794,0,148,2461,1328,685,421,121,6,5179,0,38,1665,1166,611,379,85,11,3957,0,62,2557,2921,1462,729,163,27,7914,0,3,364,591,384,175,63,13,1598,0,7,314,970,827,433,170,25,2753,0,16,63,42,36,15,12,7,185,66,2106,13368,9867,5442,3156,1079,170,35248,0,0,10,10,0,6,4,0,33,18,13,3,5,4,5,0,0,53,13,20,17,15,16,13,5,0,92,14,39,46,24,18,13,13,0,160,23,54,69,32,28,25,16,0,238,32,149,145,64,36,37,20,5,492,26,191,277,103,71,66,15,7,762,18,201,505,226,148,87,30,0,1203,7,163,674,356,212,95,40,0,1544,0,78,499,264,192,112,17,0,1165,0,42,303,286
LGA27450,66,86,48,56,39,7,336,0,33,91,149,81,73,29,11,461,0,43,146,157,110,94,54,5,603,0,68,271,216,190,151,60,5,966,0,79,336,225,184,137,51,6,1018,0,12,347,267,269,160,50,4,1110,0,8,176,228,185,179,47,0,820,0,7,179,384,341,229,62,7,1207,0,0,33,66,58,39,10,0,202,0,0,20,105,112,56,43,3,336,0,0,12,12,14,13,5,0,60,42,313,1784,2067,1722,1293,523,67,7820,4,3,3,6,8,4,4,0,36,50,3,4,7,8,3,3,0,88,48,14,12,21,15,20,17,0,154,29,10,27,34,35,33,12,5,188,99,57,52,45,51,54,24,5,381,148,147,87,82,53,75,34,5,626,51,209,163,113,123,88,44,5,792,24,248,332,156,174,149,48,3,1134,8,144,370,241,210,190,32,0,1191,3,61,289,222,203,142,26,0,946,0,26,200,151
LGA27630,4,0,6,7,5,0,25,0,0,0,0,3,5,0,0,10,0,0,6,0,4,11,0,0,31,0,4,19,9,8,16,0,0,55,0,7,12,5,7,8,4,0,43,0,0,23,8,7,13,0,0,55,0,0,6,6,5,3,0,0,26,0,0,14,13,8,13,5,0,50,0,0,0,0,0,0,0,0,3,0,0,3,4,5,3,0,0,11,0,0,0,0,0,0,0,0,3,0,14,92,54,60,79,28,6,331,0,0,0,0,0,0,0,0,0,0,0,0,0,0,0,0,0,0,3,0,3,0,0,0,0,0,10,3,0,0,0,0,3,0,0,9,3,0,0,0,3,6,3,0,18,4,0,6,0,3,4,0,0,23,0,12,6,0,0,6,0,0,28,0,10,6,8,7,9,0,0,40,0,0,18,11,13,10,6,0,57,0,0,4,10,7,8,0,0,38,0,3,3,0
LGA29399,4,0,0,0,4,0,5,0,0,0,0,0,0,0,0,8,0,3,3,0,0,0,5,0,6,0,0,12,6,6,7,3,0,28,0,0,4,3,5,0,0,0,16,0,0,5,7,0,0,0,0,15,0,0,0,7,0,3,0,0,9,0,0,8,4,0,8,0,0,15,0,0,0,0,3,0,0,0,3,0,0,0,3,7,0,0,0,12,0,0,0,0,0,0,0,0,0,0,11,34,33,24,18,10,0,135,0,0,0,0,0,0,0,0,0,0,0,0,0,0,0,0,0,0,0,0,0,0,0,0,0,0,0,0,0,0,0,0,0,0,0,0,3,0,0,0,0,0,0,0,7,0,6,0,0,0,0,0,0,15,0,8,7,0,0,0,0,0,23,4,12,21,3,9,0,0,0,52,0,6,23,12,6,5,0,0,55,0,8,11,4,3,3,0,0,34,0,0,3,12
LGA29499,235,195,187,149,123,21,1051,3,113,302,240,186,150,100,23,1112,6,146,437,312,242,172,80,20,1409,4,160,558,418,294,247,97,23,1805,0,106,599,345,273,192,76,7,1599,0,48,614,437,300,203,66,9,1674,0,30,443,414,298,176,48,7,1420,5,17,675,845,541,296,75,13,2472,0,0,137,259,169,94,32,4,695,0,13,143,438,379,227,87,16,1298,0,8,29,47,52,27,7,0,157,303,1481,4720,4419,3263,2236,978,191,17584,18,26,58,58,42,38,11,0,254,128,18,24,44,31,41,24,3,320,123,82,83,80,104,135,69,9,681,147,137,146,113,164,222,89,22,1035,526,280,160,190,242,247,125,19,1783,935,903,405,316,395,433,196,31,3625,398,1267,855,569,574,596,204,21,4488,152,1213,1662,1010,903,759,211,22,5927,43,895,2205,1518,1259,980,210,7,7108,20,450,2051,1391,1214,835,167,11,6136,3,300,1759,1397
LGA29799,0,0,0,0,0,0,0,0,0,0,0,0,0,0,0,0,0,0,0,0,0,0,0,0,0,0,0,0,0,0,0,0,0,0,0,0,0,0,0,0,0,0,0,0,0,0,0,0,0,0,0,0,0,0,0,6,0,0,0,0,6,0,0,4,3,3,4,0,0,9,0,0,0,3,4,0,0,0,5,0,0,0,5,4,4,0,0,11,0,0,0,0,0,0,0,0,0,0,5,3,15,5,9,0,0,36,0,0,0,0,0,0,0,0,0,0,0,0,0,0,0,0,0,0,0,0,0,0,0,0,0,0,0,0,0,0,0,0,0,0,0,0,0,0,0,0,0,0,0,0,0,0,0,0,0,0,0,0,0,0,0,0,0,0,0,0,0,0,0,0,0,0,0,0,0,0,0,0,0,0,0,0,0,0,0,0,0,0,0,0,0,0,0,0,0,0,0,0,0,0
