SUA_CODE_2021,P_AdvDi_Di_AdvDi_AsDe_Mng,P_AdvDi_Di_AdvDi_AsDe_Pro,P_AdvDi_Di_AdvDi_AsDe_TTW,P_AdvDi_Di_AdvDi_AsDe_CPS,P_AdvDi_Di_AdvDi_AsDe_CA,P_AdvDi_Di_AdvDi_AsDe_Sal,P_AdvDi_Di_AdvDi_AsDe_MOD,P_AdvDi_Di_AdvDi_AsDe_Lab,P_AdvDi_Di_AdvDi_AsDe_IDNS,P_AdvDi_Di_AdvDi_AsDe_Tot,P_AdvDi_Di_Dip_Mng,P_AdvDi_Di_Dip_Pro,P_AdvDi_Di_Dip_TTW,P_AdvDi_Di_Dip_CPS,P_AdvDi_Di_Dip_CA,P_AdvDi_Di_Dip_Sal,P_AdvDi_Di_Dip_MOD,P_AdvDi_Di_Dip_Lab,P_AdvDi_Di_Dip_IDNS,P_AdvDi_Di_Dip_Tot,P_Cert_CertIII_IV_Mng,P_Cert_CertIII_IV_Pro,P_Cert_CertIII_IV_TTW,P_Cert_CertIII_IV_CPS,P_Cert_CertIII_IV_CA,P_Cert_CertIII_IV_Sal,P_Cert_CertIII_IV_MOD,P_Cert_CertIII_IV_Lab,P_Cert_CertIII_IV_IDNS,P_Cert_CertIII_IV_Tot,P_Cert_CertI_II_Mng,P_Cert_CertI_II_Pro,P_Cert_CertI_II_TTW,P_Cert_CertI_II_CPS,P_Cert_CertI_II_CA,P_Cert_CertI_II_Sal,P_Cert_CertI_II_MOD,P_Cert_CertI_II_Lab,P_Cert_CertI_II_IDNS,P_Cert_CertI_II_Tot,P_Cert_Cert_nfd_Mng,P_Cert_Cert_nfd_Pro,P_Cert_Cert_nfd_TTW,P_Cert_Cert_nfd_CPS,P_Cert_Cert_nfd_CA,P_Cert_Cert_nfd_Sal,P_Cert_Cert_nfd_MOD,P_Cert_Cert_nfd_Lab,P_Cert_Cert_nfd_IDNS,P_Cert_Cert_nfd_Tot,P_LE_ID_Mng,P_LE_ID_Pro,P_LE_ID_TTW,P_LE_ID_CPS,P_LE_ID_CA,P_LE_ID_Sal,P_LE_ID_MOD,P_LE_ID_Lab,P_LE_ID_IDNS,P_LE_ID_Tot,P_LE_NS_Mng,P_LE_NS_Pro,P_LE_NS_TTW,P_LE_NS_CPS,P_LE_NS_CA,P_LE_NS_Sal,P_LE_NS_MOD,P_LE_NS_Lab,P_LE_NS_IDNS,P_LE_NS_Tot,P_Tot_Mng,P_Tot_Pro,P_Tot_TTW,P_Tot_CPS,P_Tot_CA,P_Tot_Sal,P_Tot_MOD,P_Tot_Lab,P_Tot_IDNS,P_Tot_Tot
2000,3758,2746,1232,2144,1844,644,321,780,197,13664,4104,3271,2061,5732,3245,1181,549,1442,302,21878,14056,3078,28104,10506,7135,4225,7118,9447,1430,85100,691,218,446,682,806,599,297,834,48,4620,968,324,470,893,819,448,401,644,91,5067,267,298,138,148,161,63,59,159,38,1327,1401,648,733,866,630,624,564,1213,755,7436,39012,47407,35625,26698,19934,9448,9866,16795,3608,208400
2001,73,83,64,83,92,26,26,20,5,480,126,137,112,266,197,49,48,52,10,996,310,129,1237,421,395,165,303,264,63,3289,16,3,16,19,30,26,9,22,0,148,31,14,28,35,35,20,15,11,0,181,5,8,7,10,14,0,4,0,0,49,17,18,25,26,23,19,15,22,33,193,953,1892,1608,1137,1049,397,477,450,141,8112
2002,33,47,13,47,35,22,8,14,5,228,68,103,28,136,82,30,11,24,13,500,182,68,569,284,208,142,137,178,26,1789,17,4,10,10,17,12,10,20,0,95,6,12,6,20,18,10,3,16,3,96,0,7,3,4,0,0,0,5,0,34,14,9,14,22,15,3,6,27,13,121,459,990,687,643,474,250,186,336,75,4090
2003,349,431,189,331,305,123,62,89,21,1894,474,558,392,1076,683,239,102,175,43,3734,1189,506,4079,1920,1390,812,770,1089,150,11909,61,41,59,106,144,131,49,110,0,705,65,65,58,161,124,95,40,66,6,675,25,62,20,32,25,11,7,20,6,200,64,96,71,105,83,72,47,75,90,706,4457,11266,5441,5154,4143,1940,1288,1957,451,36096
2004,232,384,171,300,243,73,47,65,18,1539,453,609,299,1085,536,222,107,204,40,3553,1136,546,3849,1967,1210,729,865,1188,178,11674,53,22,70,97,138,101,40,136,14,657,70,49,61,140,144,61,45,84,7,672,25,63,18,26,23,10,6,27,3,202,48,107,68,113,79,69,62,83,95,720,3634,10000,4902,4880,3437,1638,1308,2114,448,32363
2005,34,60,17,35,24,17,3,13,6,211,54,58,42,81,36,12,7,15,6,319,65,47,287,118,81,38,50,74,11,780,7,0,7,10,9,3,0,11,0,45,8,7,8,14,13,4,0,0,0,57,0,3,3,3,3,0,0,0,0,12,9,16,12,9,9,5,3,8,6,72,453,1334,464,432,300,132,80,177,52,3426
2006,35,28,16,63,27,10,3,19,10,204,51,35,27,96,45,21,8,34,0,331,163,63,495,304,125,90,135,262,29,1668,10,0,4,11,15,11,6,24,0,82,16,0,9,22,11,6,8,15,0,89,0,3,4,9,0,0,0,8,0,25,7,8,11,21,12,9,15,29,18,120,379,615,606,598,293,171,195,478,60,3389
2007,58,74,32,57,46,18,5,12,5,314,103,100,78,208,107,49,8,40,10,694,370,93,1014,408,247,163,205,288,39,2824,14,0,18,16,19,16,0,18,7,115,22,10,12,31,33,17,14,11,0,148,6,6,6,8,3,0,0,5,0,34,23,18,18,29,20,19,15,29,14,187,919,1595,1241,951,609,348,268,455,83,6472
2008,1017,1492,677,1039,927,319,183,276,91,6030,1506,1589,1299,2801,1719,703,398,546,111,10683,2940,1304,11084,4906,2969,1799,1998,2757,507,30251,126,91,163,238,260,221,131,253,14,1490,253,163,175,416,362,220,133,194,26,1946,76,168,61,97,75,34,38,52,23,626,182,258,206,330,209,156,121,232,303,2001,13193,31040,15643,13862,10557,5116,3851,5607,1537,100407
2009,88,150,48,88,93,29,14,17,6,540,126,147,103,191,163,57,23,29,10,851,328,117,1061,228,247,100,162,163,46,2440,17,9,12,17,21,11,7,7,3,96,21,26,14,31,48,15,18,16,3,189,10,18,4,11,7,4,0,5,0,55,18,27,13,20,24,14,11,10,22,166,1396,2586,1388,836,901,323,259,304,116,8117
2010,78,82,21,64,37,22,3,9,5,317,93,106,33,195,105,28,15,28,7,605,281,105,741,320,222,144,171,175,32,2189,3,5,9,23,38,22,9,17,0,123,13,11,8,28,27,10,3,25,0,123,0,6,3,3,6,0,0,0,0,31,21,16,5,15,12,10,12,20,19,135,713,1407,869,791,549,264,228,291,81,5186
2011,17200,21078,12407,13542,16385,6942,4832,5259,1391,99034,25734,25387,22351,38080,28873,13490,9344,10432,2618,176309,36605,17015,127374,46654,36981,20289,25221,29840,6175,346150,1943,1285,2177,3070,4238,2642,1713,2601,261,19930,4589,3394,3575,6269,7221,3806,2599,3304,636,35390,2100,4049,1664,1560,1865,1082,986,1154,438,14892,3601,5272,3496,4117,4308,2669,2475,3353,6141,35437,267410,609215,216716,185077,210929,95555,69778,83954,31556,1770192
2012,141,189,58,163,109,34,19,47,9,767,275,311,164,488,234,93,51,110,41,1765,716,289,1872,878,656,405,437,568,104,5932,39,20,28,63,71,59,31,85,4,404,52,22,28,79,67,46,22,50,9,374,18,19,3,15,13,5,5,20,5,99,71,59,44,66,44,44,37,104,78,547,2016,3741,2348,2154,1503,771,648,1165,276,14623
2013,46,44,24,43,47,7,13,9,0,235,83,100,55,201,106,36,19,26,9,643,226,108,1129,511,340,145,263,303,63,3091,8,7,14,21,24,16,12,22,0,129,12,6,6,22,25,13,10,12,7,111,3,4,5,7,0,4,0,5,0,26,9,23,16,32,16,25,8,41,23,191,515,1007,1296,977,670,272,346,455,114,5647
2014,22,43,8,23,21,10,9,3,3,143,35,42,26,118,44,17,13,10,5,307,104,61,463,226,119,64,154,139,34,1370,0,5,10,8,16,8,10,13,0,71,5,10,3,25,10,7,13,10,0,86,6,11,4,0,0,0,0,5,0,25,9,15,5,20,4,7,9,16,10,98,287,691,533,514,260,124,209,214,63,2894
2015,41,79,21,57,31,10,4,8,8,258,95,89,53,173,89,21,8,14,7,557,159,71,561,293,161,103,97,161,34,1641,7,4,13,16,17,16,3,20,0,101,15,10,8,18,12,12,4,11,0,89,3,0,5,0,6,0,6,3,0,25,19,12,8,11,12,10,4,14,9,101,599,1348,737,709,432,209,136,258,68,4493
2016,136,156,55,131,117,28,24,48,9,702,295,302,162,555,276,100,67,137,19,1920,625,245,1815,850,576,357,329,601,97,5503,19,9,16,38,55,53,22,64,6,299,41,24,34,68,70,49,28,69,3,384,8,31,12,15,3,9,6,22,0,110,38,59,41,50,32,42,36,89,62,445,1826,4036,2306,2149,1469,767,591,1285,245,14665
2017,19,40,15,31,28,9,3,10,4,151,57,81,33,109,56,21,5,29,10,399,197,70,432,184,151,89,69,129,21,1341,11,5,4,20,13,11,4,19,0,78,9,3,4,21,17,20,0,20,3,97,4,5,3,4,0,0,0,5,0,20,7,14,12,15,6,3,4,25,13,96,437,844,528,467,324,167,97,268,54,3188
2018,85,131,61,105,97,21,7,18,12,536,186,241,126,383,245,67,32,50,25,1368,427,217,1758,743,652,293,456,524,87,5149,17,15,34,41,56,34,13,39,5,259,31,9,15,52,43,23,22,21,0,222,13,21,16,14,9,6,6,9,0,88,33,36,41,45,33,28,33,50,26,323,1193,3067,2210,1685,1462,564,606,776,197,11765
2019,56,61,29,77,52,21,6,16,4,317,93,116,47,242,98,38,14,37,14,707,235,86,755,402,241,167,181,260,31,2355,10,0,9,25,24,26,11,19,0,128,12,8,18,38,17,16,4,21,7,133,5,6,4,3,12,0,0,8,0,32,19,19,11,33,18,16,16,23,27,184,672,1623,952,1007,575,329,259,427,88,5925
2020,114,188,79,131,136,44,18,48,11,775,226,228,146,447,238,101,40,93,23,1543,629,212,1967,714,546,317,471,629,84,5575,28,7,22,40,52,40,19,44,3,263,39,26,34,95,59,34,29,41,5,361,16,23,7,16,15,5,5,8,0,101,32,47,26,59,43,25,25,52,54,357,1724,3363,2414,1917,1426,670,647,1085,209,13458
2021,108,149,51,108,90,39,19,38,7,603,166,183,122,386,192,95,27,82,19,1272,488,171,1460,723,439,279,258,469,72,4363,22,11,13,27,45,39,12,56,0,221,20,10,32,56,54,29,9,36,7,251,3,11,7,6,4,6,6,7,0,53,26,34,20,45,28,36,17,66,33,306,1390,3312,1855,1696,1163,615,387,895,164,11477
