CED_CODE_2021,F_ID_NS_0,F_ID_NS_1_19,F_ID_NS_20_29,F_ID_NS_30_34,F_ID_NS_35_39,F_ID_NS_40_44,F_ID_NS_45_49,F_ID_NS_50_over,F_ID_NS_hours_NS,F_ID_NS_Tot,F_Tot_0,F_Tot_1_19,F_Tot_20_29,F_Tot_30_34,F_Tot_35_39,F_Tot_40_44,F_Tot_45_49,F_Tot_50_over,F_Tot_hours_NS,F_Tot_Tot,P_AgriForestFish_0,P_AgriForestFish_1_19,P_AgriForestFish_20_29,P_AgriForestFish_30_34,P_AgriForestFish_35_39,P_AgriForestFish_40_44,P_AgriForestFish_45_49,P_AgriForestFish_50_over,P_AgriForestFish_hours_NS,P_AgriForestFish_Tot,P_Min_0,P_Min_1_19,P_Min_20_29,P_Min_30_34,P_Min_35_39,P_Min_40_44,P_Min_45_49,P_Min_50_over,P_Min_hours_NS,P_Min_Tot,P_Mnfg_0,P_Mnfg_1_19,P_Mnfg_20_29,P_Mnfg_30_34,P_Mnfg_35_39,P_Mnfg_40_44,P_Mnfg_45_49,P_Mnfg_50_over,P_Mnfg_hours_NS,P_Mnfg_Tot,P_EGW_WS_0,P_EGW_WS_1_19,P_EGW_WS_20_29,P_EGW_WS_30_34,P_EGW_WS_35_39,P_EGW_WS_40_44,P_EGW_WS_45_49,P_EGW_WS_50_over,P_EGW_WS_hours_NS,P_EGW_WS_Tot,P_Cnstn_0,P_Cnstn_1_19,P_Cnstn_20_29,P_Cnstn_30_34,P_Cnstn_35_39,P_Cnstn_40_44,P_Cnstn_45_49,P_Cnstn_50_over,P_Cnstn_hours_NS,P_Cnstn_Tot,P_WTrade_0,P_WTrade_1_19,P_WTrade_20_29,P_WTrade_30_34,P_WTrade_35_39,P_WTrade_40_44,P_WTrade_45_49,P_WTrade_50_over,P_WTrade_hours_NS,P_WTrade_Tot,P_RTrade_0,P_RTrade_1_19,P_RTrade_20_29,P_RTrade_30_34,P_RTrade_35_39,P_RTrade_40_44,P_RTrade_45_49,P_RTrade_50_over,P_RTrade_hours_NS,P_RTrade_Tot,P_AccomFoodS_0,P_AccomFoodS_1_19,P_AccomFoodS_20_29,P_AccomFoodS_30_34,P_AccomFoodS_35_39,P_AccomFoodS_40_44,P_AccomFoodS_45_49,P_AccomFoodS_50_over,P_AccomFoodS_hours_NS,P_AccomFoodS_Tot,P_TransPostWhse_0,P_TransPostWhse_1_19,P_TransPostWhse_20_29,P_TransPostWhse_30_34,P_TransPostWhse_35_39,P_TransPostWhse_40_44,P_TransPostWhse_45_49,P_TransPostWhse_50_over,P_TransPostWhse_hours_NS,P_TransPostWhse_Tot,P_InfoMedTelecom_0,P_InfoMedTelecom_1_19,P_InfoMedTelecom_20_29,P_InfoMedTelecom_30_34,P_InfoMedTelecom_35_39,P_InfoMedTelecom_40_44,P_InfoMedTelecom_45_49,P_InfoMedTelecom_50_over,P_InfoMedTelecom_hours_NS,P_InfoMedTelecom_Tot,P_FinInsurS_0,P_FinInsurS_1_19,P_FinInsurS_20_29,P_FinInsurS_30_34,P_FinInsurS_35_39,P_FinInsurS_40_44,P_FinInsurS_45_49,P_FinInsurS_50_over,P_FinInsurS_hours_NS,P_FinInsurS_Tot,P_RentHirREserv_0,P_RentHirREserv_1_19,P_RentHirREserv_20_29,P_RentHirREserv_30_34,P_RentHirREserv_35_39,P_RentHirREserv_40_44,P_RentHirREserv_45_49,P_RentHirREserv_50_over,P_RentHirREserv_hours_NS,P_RentHirREserv_Tot,P_ProScieTechServ_0,P_ProScieTechServ_1_19,P_ProScieTechServ_20_29,P_ProScieTechServ_30_34,P_ProScieTechServ_35_39,P_ProScieTechServ_40_44,P_ProScieTechServ_45_49,P_ProScieTechServ_50_over,P_ProScieTechServ_hours_NS,P_ProScieTechServ_Tot,P_AdminSupServ_0,P_AdminSupServ_1_19,P_AdminSupServ_20_29,P_AdminSupServ_30_34,P_AdminSupServ_35_39,P_AdminSupServ_40_44,P_AdminSupServ_45_49,P_AdminSupServ_50_over,P_AdminSupServ_hours_NS,P_AdminSupServ_Tot,P_PubAdmiSafety_0,P_PubAdmiSafety_1_19,P_PubAdmiSafety_20_29,P_PubAdmiSafety_30_34,P_PubAdmiSafety_35_39,P_PubAdmiSafety_40_44,P_PubAdmiSafety_45_49,P_PubAdmiSafety_50_over,P_PubAdmiSafety_hours_NS,P_PubAdmiSafety_Tot,P_EducTrain_0,P_EducTrain_1_19,P_EducTrain_20_29,P_EducTrain_30_34,P_EducTrain_35_39,P_EducTrain_40_44,P_EducTrain_45_49,P_EducTrain_50_over,P_EducTrain_hours_NS,P_EducTrain_Tot,P_HealthCareSocA_0,P_HealthCareSocA_1_19,P_HealthCareSocA_20_29,P_HealthCareSocA_30_34,P_HealthCareSocA_35_39,P_HealthCareSocA_40_44,P_HealthCareSocA_45_49,P_HealthCareSocA_50_overr,P_HealthCareSocA_hours_NS,P_HealthCareSocA_Tot,P_ArtRecServ_0,P_ArtRecServ_1_19,P_ArtRecServ_20_29,P_ArtRecServ_30_34,P_ArtRecServ_35_39,P_ArtRecServ_40_44,P_ArtRecServ_45_49,P_ArtRecServ_50_over,P_ArtRecServ_hours_NS,P_ArtRecServ_Tot
CED201,63,247,218,145,401,234,34,60,223,1632,2333,7625,6652,4139,8733,6008,1427,2040,488,39450,12,28,34,25,63,67,14,30,3,272,11,7,5,3,17,26,11,32,0,114,195,507,446,381,2334,2039,536,826,35,7296,26,35,38,40,228,280,70,138,7,857,226,544,547,527,1647,2899,681,1246,102,8420,99,227,232,219,1141,1065,285,387,14,3661,494,2388,1413,676,1594,1224,357,492,78,8718,391,1826,644,251,471,359,66,204,62,4272,141,244,309,194,597,699,255,373,34,2841,63,117,107,61,402,381,113,138,3,1386,97,146,239,177,855,1223,207,349,13,3302,46,109,104,74,298,280,68,132,4,1125,168,535,554,336,1625,2025,420,706,26,6396,137,497,379,228,554,455,88,167,21,2527,224,252,316,224,1082,1005,270,325,20,3709,319,1325,990,662,1490,1062,436,744,29,7055,608,1765,2177,1682,2431,1680,321,537,76,11291,158,286,129,71,218,131,35,64,4,1090
CED202,70,173,98,65,156,90,17,50,194,914,2526,7461,6146,4229,6329,4518,1232,2046,459,34948,75,289,204,160,299,437,143,653,45,2311,35,32,25,8,42,95,53,233,7,535,197,461,330,258,1229,1363,489,674,39,5038,25,32,38,31,153,226,69,145,4,717,225,478,462,353,1282,2379,633,1294,94,7194,54,123,119,56,349,371,133,167,13,1380,395,1907,1171,633,1152,823,254,361,61,6756,568,2115,745,289,502,324,90,268,52,4956,152,263,224,169,486,531,176,509,29,2544,63,95,84,43,239,187,114,83,0,917,61,69,117,80,292,328,98,171,5,1223,21,75,65,46,188,192,63,128,8,789,125,431,461,309,741,1024,253,512,25,3876,140,506,344,182,343,248,57,132,30,1972,307,285,370,303,1346,1187,277,409,24,4508,346,1155,1005,732,1529,1039,455,901,49,7219,870,1826,2379,2135,2359,1910,418,712,86,12696,130,323,176,114,230,207,51,132,14,1368
CED203,59,191,114,70,134,107,11,48,203,951,2469,7413,6225,4330,6433,4361,1146,2029,494,34890,47,247,195,127,268,371,113,419,29,1822,88,47,43,25,67,240,120,540,20,1198,234,541,422,358,1526,1649,492,704,56,5971,46,30,51,66,155,292,70,122,3,834,219,462,381,372,1168,2172,549,1158,82,6565,42,125,93,78,281,303,105,190,15,1219,431,2022,1173,583,1121,721,223,379,77,6732,439,1978,698,309,429,315,78,256,64,4567,142,216,243,153,397,437,167,500,45,2308,38,98,74,51,201,144,39,70,5,728,103,120,205,142,694,515,154,230,10,2181,28,77,54,40,187,138,40,122,6,699,122,447,402,293,710,726,216,459,16,3391,105,542,311,199,391,216,55,113,22,1963,324,312,376,367,1320,1134,285,396,35,4543,305,1043,909,651,1348,834,393,752,36,6268,876,1807,2422,2256,2335,1835,420,718,101,12765,119,294,182,108,196,146,24,102,12,1181
CED204,66,257,209,133,439,265,27,66,306,1779,1982,7009,6060,3900,8597,5314,1078,1655,653,36242,18,58,47,33,106,79,30,32,8,401,3,0,3,0,13,33,4,40,3,104,177,578,632,445,3242,2381,646,806,70,8966,22,45,38,43,245,238,71,112,3,825,263,686,698,612,2036,3156,869,1124,196,9637,78,187,193,180,1036,855,210,276,13,3035,467,2261,1369,675,1623,1097,261,407,85,8249,350,1759,770,259,498,328,71,252,73,4355,183,384,487,312,913,1020,338,535,65,4244,56,103,82,51,338,262,59,76,7,1037,96,98,181,138,770,877,131,242,24,2549,44,86,85,62,282,218,60,73,10,919,116,435,430,260,1253,1406,234,472,33,4630,116,561,515,256,670,409,72,147,43,2798,159,265,299,236,991,845,163,279,27,3268,233,1017,764,574,1427,851,284,506,51,5708,473,1628,2081,1711,2516,1558,282,519,125,10901,143,239,112,55,145,120,19,34,10,876
CED205,72,256,196,103,341,222,21,41,379,1635,2047,6296,5501,3449,8079,4890,833,1417,781,33301,8,27,25,16,76,71,6,9,5,240,8,3,4,0,13,23,6,26,0,81,155,474,507,364,2352,1818,514,704,76,6960,24,28,29,36,256,206,51,90,14,738,214,656,788,543,1679,2592,569,1075,209,8323,50,121,166,109,699,545,129,180,17,2012,441,1925,1267,589,1573,860,239,305,85,7285,394,1703,836,289,574,312,75,178,86,4462,349,745,998,501,1581,1762,490,930,152,7506,42,87,67,35,283,235,42,59,14,864,113,96,135,121,820,898,105,177,21,2490,30,85,79,54,272,196,53,85,14,865,101,309,312,197,1095,1224,182,299,39,3758,105,605,552,214,736,427,79,139,40,2902,217,308,399,242,1443,991,224,267,49,4148,227,836,754,550,1470,792,195,396,64,5285,468,1458,1688,1536,2287,1468,192,445,148,9689,118,164,73,50,134,91,27,30,9,688
CED206,79,238,192,99,254,201,40,56,228,1389,2974,8530,6961,4356,6917,5154,1412,2145,551,38996,80,285,208,153,356,389,76,258,29,1834,21,10,5,4,12,27,16,56,0,163,247,623,504,398,1880,1787,503,861,44,6852,38,40,51,63,251,295,70,151,12,967,413,816,750,673,2025,4227,1005,1993,158,12062,77,192,213,159,707,695,233,373,17,2661,496,1979,1156,605,1236,939,286,497,62,7254,604,1852,567,209,291,270,68,171,34,4066,130,225,232,151,423,576,220,387,32,2372,57,106,85,53,225,231,81,139,7,985,73,106,150,129,444,490,145,224,9,1780,67,121,96,91,227,217,59,116,7,1003,200,581,560,421,1004,1293,338,676,28,5103,162,588,316,206,388,444,100,206,28,2433,326,247,316,300,1015,1134,294,420,25,4072,444,1339,1188,696,1396,1088,523,943,53,7681,700,1863,2161,1701,1975,1280,326,484,85,10586,184,350,170,103,201,191,60,50,18,1330
CED207,63,260,257,137,339,291,39,51,279,1716,2262,8325,6756,3964,8641,7283,1533,2455,519,41735,13,26,33,23,47,49,14,32,0,235,7,6,3,13,19,40,12,41,0,135,106,468,397,271,1491,1434,363,567,24,5129,19,33,34,32,242,293,63,91,3,813,143,480,530,391,1073,1744,403,824,61,5635,95,264,296,172,872,895,192,314,11,3111,540,2474,1481,703,1565,1214,283,534,75,8868,542,2407,1224,413,642,487,103,277,60,6155,127,393,441,184,662,743,167,319,29,3066,58,159,128,69,502,545,108,190,9,1771,147,238,352,232,1173,2002,340,594,36,5114,47,176,160,95,370,417,87,175,11,1546,236,897,826,575,2413,3456,633,1233,57,10329,150,657,600,209,552,434,79,170,24,2877,147,247,296,215,1254,905,251,345,26,3688,350,2026,1089,604,1773,1472,457,908,40,8726,526,1849,2156,1663,2433,1978,480,795,81,11957,199,354,149,69,185,202,32,67,5,1266
CED208,63,203,167,107,261,225,47,82,246,1397,2618,7009,6359,4452,8497,7347,2036,3001,498,41811,24,37,37,41,71,71,11,27,8,329,0,4,6,4,12,22,9,41,0,102,136,347,367,264,1158,1120,333,542,53,4309,24,26,46,53,253,206,70,82,4,760,157,410,442,340,1002,1894,493,1007,60,5818,61,134,145,120,515,500,135,221,13,1831,515,1888,1101,537,1223,976,290,395,68,6992,613,1880,914,399,594,402,136,245,61,5242,159,307,410,187,634,733,203,353,45,3025,96,187,175,128,493,555,135,280,9,2058,149,112,195,208,911,1328,328,497,16,3746,35,105,93,68,273,253,76,150,3,1056,279,708,836,707,1997,2838,727,1397,37,9532,136,481,488,229,513,439,102,161,23,2565,345,344,485,477,2011,1460,450,622,34,6225,410,1507,1204,818,1924,1511,616,1093,44,9129,595,1648,2090,1873,2399,2344,530,786,82,12340,257,431,278,190,347,340,75,193,13,2122
CED209,62,183,129,69,109,129,25,45,187,947,2834,8397,6672,4266,6220,4750,1222,1974,486,36829,40,200,146,89,160,231,52,265,25,1203,23,12,9,11,13,46,11,64,3,189,147,452,283,190,862,1085,346,555,25,3946,34,45,40,33,244,217,73,137,0,830,252,625,530,526,1428,3168,759,1680,111,9094,76,143,123,104,397,527,172,253,11,1797,526,2308,1224,582,1217,1030,252,421,53,7621,623,2217,716,283,461,358,105,213,50,5037,186,284,265,135,352,537,202,495,30,2483,51,97,71,42,137,160,45,104,3,703,104,113,196,178,572,590,144,265,11,2165,35,96,85,75,237,228,70,144,14,985,175,584,553,399,873,1164,294,645,38,4723,125,596,304,172,294,267,82,128,25,1997,393,350,389,305,1237,1334,360,443,38,4835,385,1283,1075,703,1606,1153,471,859,51,7585,884,2013,2506,2034,2258,1602,419,582,101,12388,152,307,188,108,225,184,42,90,12,1304
CED210,62,190,156,89,182,136,21,63,217,1105,2526,7894,6546,4201,7162,5200,1292,2089,486,37400,29,126,89,69,139,157,47,117,7,776,18,5,4,6,12,37,17,79,4,184,154,407,333,227,1246,1534,398,672,53,5012,43,24,63,51,272,274,89,137,6,966,201,464,460,398,1457,2781,742,1521,89,8110,84,122,133,100,523,535,190,265,10,1966,483,2198,1273,667,1438,1062,301,471,73,7965,557,2370,826,293,497,336,81,209,57,5223,192,304,325,194,541,797,271,637,62,3323,33,85,69,50,167,173,45,84,9,710,96,95,199,160,607,614,142,275,6,2206,37,99,73,58,221,213,48,148,6,897,148,504,465,304,1043,1210,307,623,19,4619,116,648,365,180,390,305,72,139,24,2234,318,358,432,275,1313,1388,334,414,37,4866,358,1111,1038,642,1644,1181,479,831,40,7339,745,2060,2453,2121,2464,1857,438,755,85,12992,141,321,117,73,165,153,45,111,8,1138
CED211,68,221,172,114,297,210,41,46,216,1378,2561,8083,6924,4562,8109,6416,1569,2412,443,41067,14,46,48,30,75,59,13,29,3,330,8,4,5,3,16,27,18,37,0,122,112,461,388,307,1823,1581,500,730,20,5918,33,45,45,43,264,294,73,115,0,902,237,533,565,442,1450,2798,656,1359,77,8112,71,177,221,147,761,805,242,346,13,2788,527,2264,1298,650,1413,1144,310,532,50,8194,409,1937,668,250,417,363,96,184,39,4368,109,270,255,138,501,599,208,332,32,2440,53,156,121,65,391,449,96,170,10,1521,138,162,264,231,921,1399,262,481,10,3865,50,114,116,83,315,308,58,146,9,1203,223,714,688,509,1804,2439,560,1067,39,8041,131,527,386,218,552,465,108,162,24,2564,267,364,368,317,1259,1242,361,418,27,4624,382,1542,1190,805,1616,1309,587,1164,49,8633,717,1942,2284,1935,2353,1804,419,614,73,12152,208,344,141,84,204,203,48,83,10,1323
CED212,70,224,159,107,260,194,33,66,265,1380,2769,7258,6516,4412,7300,5572,1376,2159,524,37889,27,57,51,52,124,103,33,55,6,503,12,4,9,7,21,31,12,51,6,147,198,435,401,310,1886,1909,574,839,32,6590,31,45,50,36,210,331,79,160,8,951,332,607,604,567,1889,3711,910,1759,117,10493,69,152,175,158,732,747,251,355,11,2649,555,2109,1250,686,1457,1056,306,509,56,7992,428,1782,640,247,388,281,92,165,45,4077,133,251,257,157,549,669,230,445,26,2720,63,98,70,60,221,256,58,110,3,947,86,97,164,117,468,598,157,274,15,1983,48,104,108,71,282,272,82,173,10,1144,169,534,499,356,870,1278,313,655,25,4695,146,555,369,215,480,405,79,182,33,2461,284,237,317,288,946,1093,272,384,21,3843,356,984,981,687,1390,1027,479,913,50,6870,714,1765,2164,1929,2285,1684,326,613,80,11553,196,293,164,87,225,183,24,89,13,1271
CED213,83,262,156,80,156,124,25,60,242,1188,2794,7485,5932,3729,5086,4028,1081,2028,551,32720,58,171,160,103,186,236,60,178,12,1173,19,10,13,10,20,41,16,71,0,197,168,485,313,258,917,1125,407,708,33,4421,30,25,34,33,143,202,71,109,6,659,355,791,690,605,1625,3325,780,1518,154,9832,72,146,149,107,355,460,131,246,11,1679,489,1983,1135,588,986,809,209,443,86,6744,694,1746,710,290,438,362,94,228,65,4628,127,214,185,125,262,330,128,283,28,1670,38,70,42,32,100,120,36,109,9,556,54,135,165,94,234,349,77,241,8,1351,74,188,154,88,234,262,71,170,20,1273,172,656,567,411,668,860,235,655,28,4251,246,615,364,258,366,342,81,162,32,2465,247,248,287,258,905,1194,335,497,37,4009,369,946,841,583,1012,863,413,811,52,5881,669,1620,1880,1501,1521,1181,285,462,88,9209,225,328,153,115,259,200,50,139,21,1478
CED214,91,266,257,120,369,256,28,76,388,1865,2440,6382,5854,3796,8814,6597,1569,2474,716,38642,11,63,58,42,113,91,26,26,6,435,11,4,0,9,12,30,14,31,3,116,131,511,563,386,2274,1616,386,548,54,6467,25,23,42,40,297,244,68,90,9,840,185,415,563,325,1086,1787,464,909,107,5842,53,168,173,129,657,556,159,176,8,2094,444,1851,1378,658,1554,1030,250,404,101,7663,577,2033,1215,464,759,489,125,287,92,6030,265,616,805,435,1377,1402,388,619,110,6009,73,143,108,77,414,413,105,179,20,1527,164,107,213,192,1149,1566,265,434,24,4106,57,97,88,52,293,246,47,128,8,1005,183,475,474,418,1691,2019,438,854,40,6592,156,584,727,265,770,507,107,184,45,3346,254,263,340,320,1716,1216,353,472,40,4966,269,994,773,528,1488,1064,393,719,25,6258,537,1323,1614,1499,2129,1847,353,581,99,9987,271,292,193,127,281,255,69,113,11,1614
CED215,64,194,203,107,307,277,48,72,320,1588,2796,6921,6312,4310,9387,8348,1763,2970,634,43447,10,34,39,36,87,86,26,54,5,373,9,9,4,4,18,49,14,57,3,175,152,391,342,254,1631,1610,465,746,36,5620,32,49,54,60,443,452,81,151,13,1330,209,486,587,393,1344,2465,631,1556,117,7787,80,165,180,139,804,797,235,349,16,2763,482,1940,1182,602,1527,1215,306,565,76,7894,478,1923,870,314,631,436,104,273,53,5080,295,541,741,396,1501,1849,506,1032,115,6964,79,124,108,94,573,641,130,241,17,2011,218,167,303,267,1438,2333,330,646,37,5733,66,151,131,105,440,442,106,225,15,1683,245,584,680,512,2051,3491,583,1183,67,9398,168,493,526,245,689,560,130,217,35,3061,276,322,392,338,1778,1654,464,627,37,5893,374,1154,970,710,1638,1314,422,842,41,7475,603,1408,1786,1595,2204,1809,363,617,90,10473,283,346,176,118,284,331,79,118,19,1750
CED216,86,184,124,84,122,98,16,47,258,1025,2254,6742,5807,3906,5482,3846,1037,1999,605,31673,174,529,452,321,499,717,269,1485,105,4551,98,21,25,28,131,181,87,312,17,895,150,320,305,248,1061,954,553,438,53,4082,100,83,103,81,642,559,192,353,23,2140,227,405,323,307,1076,2157,558,1112,102,6260,45,125,78,75,262,321,99,186,11,1199,361,1778,1025,583,1099,712,193,360,81,6199,461,1759,664,239,378,302,81,323,75,4278,109,230,234,147,323,405,144,487,35,2112,30,65,46,36,179,100,22,47,11,531,45,76,97,51,177,166,35,79,11,736,25,75,69,59,183,107,43,114,4,681,93,344,291,182,409,479,115,258,18,2183,96,474,293,176,268,205,47,81,34,1664,373,389,459,321,1379,1271,329,536,46,5109,290,878,816,624,1080,640,335,647,53,5358,744,1538,2100,1809,1762,1529,345,541,91,10452,84,202,72,49,147,69,19,44,11,696
CED217,68,271,201,105,202,258,67,118,210,1505,2353,7975,5946,3891,5952,6876,1863,3692,442,38987,6,37,32,22,39,53,17,40,3,252,7,5,9,9,17,54,25,77,3,209,88,408,263,232,705,963,367,783,13,3823,18,39,21,30,153,270,60,158,4,747,153,462,419,316,718,1720,441,1305,49,5582,68,219,213,173,461,674,220,485,8,2520,495,2066,1034,526,951,1086,345,720,51,7273,547,1922,606,234,356,346,75,278,41,4401,105,228,201,114,310,508,169,381,12,2036,91,143,130,123,293,504,141,354,0,1787,153,289,338,300,805,1757,505,1232,24,5409,48,217,222,125,284,511,149,402,19,1975,308,1192,1027,750,1716,3325,923,2438,72,11739,124,396,293,198,350,476,120,273,22,2250,216,271,320,257,985,974,273,472,12,3782,374,1681,993,617,1186,1258,467,1051,43,7674,462,1796,1794,1354,1598,1655,411,906,47,10019,236,479,194,138,197,310,71,208,14,1842
CED218,74,232,221,126,362,245,38,58,393,1744,2495,6878,6232,3852,9046,6299,1159,1769,770,38498,3,40,49,36,104,81,18,28,4,364,11,12,6,4,25,31,5,34,0,121,178,437,446,324,2323,1801,496,665,46,6709,36,24,37,53,298,252,56,92,9,874,214,605,607,482,1700,2730,667,1309,159,8462,65,154,193,123,867,653,169,253,18,2509,579,2324,1463,645,1697,1073,254,345,111,8488,464,1990,756,303,534,342,76,186,82,4739,320,586,780,490,1958,2015,524,1001,135,7805,50,74,73,36,354,298,46,86,9,1016,170,137,251,189,1023,1404,213,309,32,3741,45,94,91,61,319,274,66,106,6,1067,142,358,359,272,1258,1602,255,464,32,4743,143,515,496,245,732,475,87,138,30,2854,213,271,328,238,1454,1189,247,360,29,4330,284,930,814,604,1500,909,298,519,50,5910,531,1301,1704,1534,2189,1721,265,489,118,9851,203,218,131,81,208,180,27,56,8,1116
CED219,61,203,137,92,269,168,19,41,277,1272,2560,6663,5724,3777,8032,5429,1232,1951,615,35981,19,80,72,63,138,184,33,152,9,755,14,9,9,5,22,68,22,118,5,264,166,331,276,215,1469,1421,445,647,42,5008,35,34,32,40,280,297,81,154,10,975,264,601,609,472,1830,3412,904,1709,185,9978,77,125,124,112,641,633,180,300,18,2213,521,1948,1277,645,1509,983,253,359,75,7569,483,1840,605,244,397,264,76,149,64,4124,347,498,632,424,1627,1859,612,1317,106,7419,56,74,57,40,270,201,50,85,10,829,105,84,157,105,703,748,110,201,22,2232,40,91,95,54,292,254,82,134,9,1054,103,359,338,235,909,1033,179,370,17,3557,138,484,351,191,574,344,74,163,34,2347,300,296,391,278,1585,1465,326,487,57,5172,333,901,912,766,1600,905,411,676,36,6537,548,1294,1618,1451,2001,1321,245,463,104,9041,195,208,106,88,213,141,38,80,7,1089
CED220,87,237,184,105,298,323,65,150,214,1662,2460,7313,5764,3840,8503,9035,2530,4513,450,44408,17,57,41,16,50,73,17,71,0,335,8,14,20,8,18,58,29,67,3,222,82,313,253,179,734,965,307,644,14,3489,5,32,38,31,239,266,73,146,3,824,116,292,341,221,750,1487,403,1193,49,4844,61,196,211,134,532,753,219,417,12,2525,499,1803,1094,557,1390,1355,368,756,65,7885,615,1802,916,377,618,453,147,344,63,5335,100,259,242,97,397,564,148,318,16,2140,74,152,132,101,519,664,187,353,18,2198,192,315,362,301,1216,2235,623,1583,38,6867,55,215,191,129,450,633,180,518,15,2377,337,1145,966,745,2628,4465,1179,3033,58,14543,121,401,400,209,540,629,156,296,15,2769,185,244,265,247,1325,1170,316,487,17,4256,338,1568,952,570,1510,1353,570,1074,48,7981,587,1815,1821,1556,2164,2414,658,1359,63,12444,252,431,244,144,288,352,117,244,17,2087
CED221,71,269,216,141,515,284,41,54,362,1949,2455,6875,6815,4462,10281,5881,1186,1641,735,40323,24,119,106,70,262,163,61,96,9,906,10,4,5,3,18,32,14,40,3,126,235,536,577,524,3918,2808,759,974,69,10396,39,39,65,41,357,330,101,153,9,1123,271,580,647,628,2207,3335,885,1301,162,10027,86,195,201,161,1294,950,267,326,19,3499,497,2047,1414,733,2013,1296,324,405,108,8840,341,1706,860,265,570,368,94,149,50,4401,184,437,641,385,1260,1485,432,862,100,5782,48,75,72,64,376,298,47,69,6,1045,105,92,202,120,810,804,125,171,24,2447,41,74,77,51,334,245,70,94,15,996,136,325,327,214,1137,1301,192,359,29,4024,160,544,518,266,704,465,96,140,52,2943,193,254,290,216,979,840,161,240,32,3202,267,736,682,540,1448,708,253,416,34,5078,702,1796,2673,2221,3320,1713,306,647,164,13543,140,240,132,73,199,142,26,90,11,1064
CED222,80,361,291,165,619,323,45,66,421,2364,2387,7923,6902,4241,10203,6919,1498,2174,766,43025,27,145,150,120,333,169,59,67,15,1080,0,3,0,0,16,22,3,17,0,81,189,756,759,546,3648,2357,577,725,88,9641,29,39,39,37,274,249,63,86,3,819,193,587,605,402,1439,2086,483,827,107,6721,98,205,220,154,1088,848,194,269,21,3096,490,2274,1598,704,1840,1254,306,536,91,9097,511,2317,1235,408,738,532,132,348,98,6311,172,524,708,314,1008,1075,265,484,74,4628,60,106,100,67,471,415,99,124,12,1463,145,157,250,221,1119,1629,261,410,31,4213,29,82,109,77,321,301,72,120,0,1122,183,624,597,408,2066,2529,447,822,52,7721,180,733,747,265,785,476,110,164,48,3509,149,268,294,221,1126,847,191,266,30,3390,279,1425,908,553,1603,1070,351,635,43,6872,580,1679,2192,1876,2712,1925,399,618,123,12100,185,298,121,78,187,155,25,64,8,1138
CED223,70,191,162,88,162,123,25,48,264,1129,2566,7127,6055,4451,6272,4860,1277,2456,705,35765,192,625,597,420,554,993,319,1555,137,5396,38,12,14,11,27,41,24,124,0,291,277,500,402,313,1585,1704,515,846,64,6207,31,29,39,22,169,185,54,92,7,620,283,521,428,413,1196,2305,582,1468,128,7319,51,114,107,87,304,382,132,255,9,1438,397,1793,1016,665,1138,905,261,454,97,6720,603,1968,718,339,612,476,121,481,88,5400,155,274,270,175,452,577,238,734,57,2931,23,60,41,16,110,85,31,52,5,423,58,75,110,107,241,221,59,113,10,992,35,91,93,58,158,127,33,103,4,705,102,385,363,291,525,586,193,367,30,2845,154,594,319,173,387,240,84,140,41,2131,347,353,426,359,1484,1812,394,493,60,5729,343,908,853,643,1437,868,368,731,55,6216,808,1548,2161,2047,1872,1588,347,655,121,11154,86,193,111,70,216,148,42,103,15,977
CED224,65,229,196,122,327,299,33,79,220,1570,2377,7316,6475,4375,8207,6778,1652,2695,477,40349,7,37,37,36,127,96,30,65,3,441,16,5,3,6,16,45,15,36,0,148,163,552,482,379,1909,1838,542,890,36,6788,37,41,54,44,211,288,69,125,3,876,260,527,502,470,1486,2879,690,1448,110,8365,87,195,218,194,841,908,266,382,12,3104,468,2154,1230,593,1430,1108,333,603,66,7987,397,1827,633,230,392,363,114,265,44,4280,132,265,294,167,591,765,203,409,28,2859,64,111,82,70,347,377,114,189,11,1362,139,157,250,238,891,1470,294,536,6,3982,47,116,137,87,314,336,89,186,3,1321,192,644,644,482,1516,2247,512,1069,22,7338,134,408,348,224,498,432,111,191,17,2364,284,262,367,302,1303,1152,342,450,25,4484,366,1185,980,680,1521,1282,514,1001,35,7568,572,1585,1950,1679,2185,1794,418,589,75,10837,174,337,164,81,240,217,62,115,8,1406
CED225,57,208,176,98,175,182,30,57,163,1151,2699,7886,6616,4401,7135,6364,1635,2819,356,39914,11,30,35,26,47,66,14,28,0,260,8,5,12,4,14,41,18,49,0,159,116,442,311,234,972,1200,390,717,22,4404,26,36,39,41,222,250,66,118,0,798,228,590,522,451,1164,2694,654,1491,71,7851,65,183,152,124,484,637,178,353,11,2187,456,1976,1005,490,990,921,241,465,38,6576,465,1688,566,185,332,291,72,196,31,3821,159,286,258,164,517,682,232,358,22,2674,96,121,106,67,350,405,110,186,7,1457,128,169,258,207,779,1395,286,618,17,3849,53,124,124,77,258,297,90,182,6,1218,235,822,819,598,1677,2406,619,1350,32,8550,119,491,328,192,387,361,89,178,20,2164,336,375,425,394,1582,1633,515,618,30,5909,483,1612,1288,788,1749,1368,618,1233,37,9170,805,2010,2270,1960,2219,2224,503,845,70,12912,229,426,177,113,224,248,60,112,7,1598
CED226,81,247,169,93,221,240,39,99,208,1398,2292,8693,6184,3880,6983,7591,2095,3981,408,42111,20,61,37,30,32,60,18,59,3,322,6,17,13,7,14,54,21,54,0,186,80,416,246,191,611,837,300,646,12,3346,17,14,42,43,165,219,62,137,3,697,101,360,374,228,598,1430,360,1036,42,4525,62,231,234,156,473,681,191,402,10,2444,521,2412,1191,519,1061,1107,316,695,51,7879,543,2071,782,283,474,409,120,316,45,5031,100,237,213,112,328,508,150,272,13,1937,92,196,116,103,358,494,124,321,13,1814,144,315,399,305,933,1994,471,1383,28,5972,47,255,229,149,374,551,147,374,17,2140,290,1290,1098,771,2175,3755,980,2683,48,13082,90,414,329,143,360,417,104,232,21,2106,175,277,270,217,1075,1038,315,543,14,3926,405,1886,1026,622,1359,1482,605,1198,37,8617,564,2312,2126,1694,2153,2344,688,1527,68,13469,254,462,198,129,229,254,49,174,16,1758
CED227,87,211,176,107,322,245,30,68,270,1506,2694,7592,6663,4444,8810,5762,1319,2069,633,39974,50,232,176,110,254,299,75,319,20,1535,21,12,12,7,29,50,21,73,6,218,204,455,399,356,2439,2129,684,980,60,7711,34,32,39,40,274,292,84,157,8,957,271,636,645,540,2092,3488,928,1863,161,10612,86,171,182,161,942,869,232,382,20,3051,526,1973,1313,699,1714,1235,376,514,70,8424,395,1906,633,250,483,306,76,171,50,4257,179,342,416,247,816,1069,354,738,70,4234,45,90,84,57,354,298,58,100,9,1095,103,103,194,132,772,795,145,216,17,2470,44,113,125,62,321,260,82,154,12,1168,128,457,408,291,1132,1411,262,534,23,4633,140,465,379,208,517,411,76,171,36,2404,249,244,285,245,1062,1045,260,346,32,3768,377,1032,931,685,1579,1025,385,800,51,6874,683,1754,2317,2023,2697,1722,349,571,123,12244,168,259,137,98,243,141,36,98,13,1195
CED228,77,208,237,124,380,259,27,51,397,1769,2485,7027,6609,4369,10287,7154,1198,1816,813,41763,18,120,151,84,249,155,50,130,20,973,4,4,0,6,17,34,8,59,0,143,153,341,351,282,2127,1680,459,548,45,5988,44,36,52,45,487,390,70,157,13,1307,208,543,763,453,1590,2567,640,1124,158,8053,69,166,177,119,836,763,178,263,17,2589,570,2210,1524,866,2018,1334,258,361,119,9273,452,1946,980,407,736,411,91,183,68,5270,377,709,1074,638,2132,2397,702,1353,162,9552,56,106,83,50,561,527,66,101,15,1565,174,135,235,188,1370,1992,181,289,37,4601,51,102,122,73,453,339,83,140,12,1381,153,388,436,305,1751,2849,281,437,65,6665,161,651,594,268,861,509,119,163,53,3379,238,341,407,254,1798,1273,299,393,48,5041,268,951,895,643,1798,1007,261,523,48,6389,572,1535,2073,1853,2723,1651,304,527,147,11376,232,289,160,93,266,175,27,46,13,1297
CED229,97,257,192,137,365,393,96,152,293,1985,2784,7322,6455,4081,10009,10635,2778,5085,561,49710,18,31,26,26,42,51,20,45,5,264,15,9,9,9,28,57,19,84,0,237,99,303,320,170,834,1071,321,669,13,3786,24,29,49,36,273,339,90,147,6,987,151,332,447,278,826,1862,558,1417,43,5915,53,172,176,143,581,752,222,411,12,2520,435,1522,1104,587,1503,1344,396,697,48,7652,847,2080,1300,557,893,644,213,362,83,6973,170,279,372,155,551,725,164,416,33,2858,96,216,196,142,602,843,222,541,13,2869,196,267,324,273,1466,2512,600,1402,36,7075,71,192,211,138,469,614,173,455,19,2338,453,1101,1132,895,3220,5408,1290,3053,65,16615,119,547,797,249,746,826,168,356,25,3842,221,220,306,269,1712,1401,390,677,26,5214,379,1750,1105,581,1692,1509,563,1184,51,8813,535,1658,1690,1496,2306,2400,616,1127,78,11909,358,482,350,213,445,609,128,312,31,2918
CED230,76,204,141,78,182,112,24,55,359,1233,2169,6952,5840,4262,6508,4639,1176,2377,797,34733,366,1127,996,781,1625,2409,809,3876,251,12247,49,25,25,17,62,119,55,300,3,653,157,432,302,254,1290,1300,347,552,56,4694,29,33,43,35,188,338,79,113,15,875,170,370,314,287,945,1723,468,936,90,5298,57,147,125,99,433,572,177,285,22,1910,381,1900,1061,620,1245,811,261,420,102,6796,363,1521,674,282,512,290,67,398,62,4170,132,311,315,165,450,648,204,761,62,3054,25,60,39,28,101,76,24,31,6,395,39,68,119,75,209,205,49,89,3,867,17,46,38,45,139,109,23,64,3,491,65,264,245,186,496,451,126,268,19,2121,98,481,276,215,431,291,83,141,42,2058,257,322,342,275,1122,1052,204,299,30,3905,250,840,847,590,1230,744,345,704,52,5596,744,1478,1859,1906,2165,1866,319,578,117,11028,74,178,95,69,163,98,20,52,13,761
CED231,69,194,166,88,290,180,31,92,242,1353,2553,6617,5915,3798,7973,7074,1907,3197,476,39501,4,28,24,19,36,59,8,33,7,213,9,0,6,3,12,35,16,42,0,129,102,387,306,217,1073,1077,319,632,18,4137,26,25,37,40,235,233,85,135,4,815,184,434,482,356,1157,2271,600,1502,94,7062,67,165,165,109,574,623,150,317,6,2182,533,1876,1030,515,1108,898,249,446,46,6708,504,1693,775,319,465,396,94,263,49,4550,266,384,441,295,987,1056,339,574,46,4395,76,98,95,77,366,458,128,214,10,1522,167,172,292,219,1051,1594,368,701,20,4588,46,117,129,77,332,336,119,234,5,1390,240,675,761,537,1771,2451,665,1468,51,8612,127,442,382,179,550,437,100,191,16,2430,295,286,388,333,1886,1525,445,647,37,5839,394,1292,1056,652,1497,1321,542,1032,45,7839,524,1338,1635,1424,1907,2033,432,781,50,10129,269,388,191,129,321,299,79,163,14,1847
CED232,78,215,160,109,212,184,29,52,197,1247,2736,7811,6522,4258,7241,5579,1374,2375,569,38467,44,147,149,98,142,213,55,229,27,1106,13,10,6,8,10,51,13,89,7,200,190,499,339,257,1419,1467,494,843,42,5555,23,23,44,49,236,273,79,165,14,912,338,703,620,618,1948,4056,1020,2163,195,11658,71,177,138,131,538,602,207,309,20,2188,421,1889,1050,539,1175,889,252,427,61,6698,419,1823,539,213,374,254,80,139,57,3903,260,438,441,278,948,1138,370,734,68,4675,41,104,90,49,293,243,59,112,8,997,102,114,181,161,569,816,159,336,9,2445,47,96,100,65,238,225,71,147,14,1004,135,511,511,347,952,1320,334,694,37,4843,117,460,330,191,451,405,105,189,26,2283,377,363,419,333,1409,1565,409,536,50,5462,400,1189,1070,725,1587,1031,499,936,67,7508,748,1661,2092,1742,2100,1629,326,522,89,10893,173,283,127,82,237,193,39,105,19,1256
CED233,90,308,276,125,357,408,83,147,375,2160,3603,10149,7935,4572,12222,12595,3363,5530,730,60700,18,68,50,21,73,69,17,30,0,342,13,7,5,6,21,55,13,56,0,178,106,317,371,217,986,1101,313,529,19,3948,25,49,48,56,346,355,102,142,0,1121,135,318,424,218,700,1522,428,1213,44,4995,67,163,201,78,534,642,160,299,6,2150,663,2336,1608,645,1781,1437,373,663,89,9587,1605,4486,2848,876,1447,948,298,502,161,13173,175,426,506,177,565,728,185,333,35,3137,135,266,238,178,821,1052,248,518,20,3468,216,234,282,292,1719,2912,603,1274,33,7556,54,143,166,85,455,574,138,344,9,1974,502,1372,1365,1036,4857,7668,1808,3452,116,22164,171,665,988,251,824,743,182,264,33,4123,318,313,347,406,2398,1834,597,842,27,7080,424,2407,1126,713,2195,2030,703,1345,75,11019,720,1819,1949,1830,2754,3111,814,1529,54,14601,413,582,432,250,573,698,159,355,22,3496
CED234,75,284,215,123,291,212,24,78,275,1575,2305,8509,6795,4031,7646,6574,1425,2509,497,40291,15,46,32,15,30,59,11,32,3,240,3,16,5,7,12,29,8,31,0,116,110,445,352,239,1098,1172,318,640,20,4390,17,33,34,41,187,236,52,99,0,699,199,622,593,427,1070,2111,466,1203,76,6761,78,254,240,177,687,792,231,392,7,2854,561,2564,1385,618,1433,1255,288,573,68,8750,539,2080,986,378,553,441,130,329,51,5493,148,316,287,165,508,616,180,342,24,2578,46,140,113,79,388,518,99,207,5,1598,121,204,319,228,1087,1751,327,701,24,4765,66,178,189,132,388,503,103,194,18,1783,202,950,886,574,2105,2857,581,1326,37,9512,140,550,391,191,467,412,90,186,19,2451,193,284,299,243,1144,968,247,384,20,3792,326,1559,1037,635,1452,1184,363,813,31,7397,584,1990,2179,1663,2271,1947,470,799,87,11993,196,366,131,85,153,188,37,82,7,1251
CED235,102,189,123,63,110,108,20,56,234,1001,2373,7202,5658,3578,5024,3602,933,1999,604,30985,162,699,554,371,513,748,231,1605,151,5029,47,12,14,12,59,66,48,149,9,410,153,396,259,211,947,934,440,564,57,3955,61,58,69,66,376,364,109,222,16,1345,253,560,488,426,1241,2512,544,1441,133,7601,71,147,130,89,331,351,132,214,14,1470,383,1663,966,518,968,710,180,344,81,5811,485,1551,569,257,334,305,57,209,73,3838,129,244,286,157,292,388,140,454,53,2145,29,86,72,45,149,107,25,55,3,573,72,99,119,84,275,247,63,108,5,1081,41,80,73,59,202,187,32,113,8,795,103,446,347,253,486,615,182,389,24,2835,174,547,278,167,294,232,43,102,27,1860,257,275,295,196,804,798,190,269,21,3097,310,975,851,615,1017,738,317,699,58,5585,703,1649,1981,1540,1490,1108,262,448,88,9263,152,301,170,120,236,164,22,70,11,1250
CED236,74,196,131,64,146,130,24,49,289,1091,2211,6819,5706,4148,6190,4697,1176,2224,722,33886,240,771,687,481,1085,1341,442,2240,203,7484,31,7,5,4,20,42,32,110,4,252,262,520,348,315,1551,1935,884,927,75,6819,73,38,49,46,234,413,97,161,13,1127,240,430,352,317,1246,2234,614,1255,112,6799,39,137,91,84,330,393,120,235,20,1461,381,1740,1084,614,1195,794,230,393,97,6526,464,1757,634,252,488,342,71,306,94,4397,155,281,296,169,453,646,233,727,47,3003,24,64,44,24,111,82,10,30,4,393,42,60,78,77,241,216,54,99,7,873,39,81,61,27,158,119,37,88,3,604,90,298,303,202,564,529,130,350,11,2476,92,441,285,166,385,294,54,161,32,1910,212,263,237,200,904,1061,281,424,23,3616,267,712,691,583,1184,802,354,647,43,5283,677,1523,2009,1947,1954,1637,306,594,111,10759,95,155,100,72,131,112,26,73,14,773
CED237,75,231,187,116,337,202,28,49,315,1546,2188,6698,6121,3874,8747,5298,1044,1545,636,36154,12,18,28,31,88,78,22,23,7,306,8,7,7,0,19,21,9,37,0,102,146,442,489,354,2376,1857,490,618,55,6821,20,32,36,35,269,214,68,73,7,759,211,574,628,476,1763,2819,598,1063,151,8279,63,145,156,123,756,587,137,175,15,2163,531,2180,1469,695,1765,1001,239,342,102,8320,380,1636,854,277,564,371,86,206,78,4456,245,482,666,352,1177,1397,423,648,93,5480,51,110,79,68,369,256,48,75,6,1066,108,111,185,136,858,1042,126,212,33,2824,34,63,76,46,286,197,56,97,5,866,124,358,376,230,1217,1340,203,404,29,4287,130,548,520,221,689,391,75,104,43,2719,207,343,318,257,1492,982,249,331,42,4231,201,928,791,547,1554,826,263,461,38,5602,574,1579,2053,1922,2804,1881,271,530,118,11740,140,234,106,48,157,108,11,29,5,841
CED238,78,210,123,72,110,106,20,49,264,1034,2488,7772,6061,4122,5476,4539,1158,2555,684,34855,294,1099,815,596,843,1730,608,4013,258,10262,46,19,10,11,33,68,35,149,4,363,300,484,373,287,1430,1894,691,794,53,6317,43,39,44,43,154,254,72,114,6,769,235,406,308,357,950,2005,517,985,91,5851,49,165,118,106,356,404,128,250,16,1585,373,1989,949,555,1103,757,248,389,93,6446,554,1959,719,316,482,385,108,364,90,4970,151,275,253,141,335,464,209,692,54,2562,41,80,51,39,111,91,29,33,3,480,57,69,120,63,217,197,62,116,9,916,34,70,69,43,143,122,32,101,10,630,89,402,331,241,481,502,150,349,21,2569,142,564,323,118,292,224,52,82,33,1836,270,389,388,290,1075,1045,203,264,28,3959,285,910,841,622,1034,743,354,681,38,5512,848,1674,2197,1904,1818,1680,305,587,131,11133,112,191,117,74,141,148,27,90,12,909
CED239,75,171,170,95,270,207,47,69,246,1348,2733,6768,6190,4397,8873,7550,1929,3119,518,42079,10,42,43,18,46,53,7,17,0,249,11,9,5,3,6,29,11,30,5,95,129,350,348,237,1066,1166,319,528,31,4185,26,25,50,39,248,250,73,100,12,821,175,391,411,376,1018,2014,498,1077,81,6037,54,135,145,96,499,545,135,204,8,1816,499,1815,1134,570,1282,935,239,412,69,6947,646,2128,1117,438,725,490,144,243,75,6005,187,418,492,248,748,843,251,384,55,3628,105,195,150,136,480,544,109,272,8,1996,153,108,193,199,1040,1457,314,527,17,4013,42,72,91,57,246,262,69,144,3,977,309,678,755,651,2208,3086,740,1353,42,9821,111,479,601,204,602,444,101,187,34,2766,334,318,518,490,2141,1530,456,636,52,6468,382,1568,1219,829,2010,1688,611,1149,49,9501,622,1514,1917,1852,2419,2217,475,743,77,11841,289,432,274,177,376,361,80,170,13,2172
CED294,8,3,9,5,7,3,0,0,7,44,85,190,111,71,129,98,29,43,16,771,6,8,12,7,8,20,6,15,0,76,0,0,0,0,0,5,0,7,0,6,3,8,5,9,37,23,13,18,4,120,0,5,5,0,7,4,0,3,0,22,5,13,25,8,33,60,14,21,8,190,0,5,4,0,15,10,6,9,0,39,16,36,16,8,20,21,4,5,7,126,28,70,32,16,18,10,3,12,0,202,14,25,8,4,19,21,7,11,0,108,0,4,0,0,5,7,0,4,0,25,5,0,0,0,17,22,5,8,0,53,0,5,0,0,0,3,0,4,0,23,6,10,13,9,22,23,4,11,5,99,9,20,10,0,13,10,0,8,4,74,3,7,10,6,25,36,15,18,3,115,4,27,12,9,17,13,0,3,0,97,24,36,40,34,32,28,6,6,3,205,0,20,7,0,10,8,4,0,0,46
CED297,0,0,0,0,0,0,0,0,0,0,0,0,0,0,0,0,0,0,0,0,0,0,0,0,0,0,0,0,0,0,0,0,0,0,0,0,0,0,0,0,0,0,0,0,0,0,0,0,0,0,0,0,0,0,0,0,0,0,0,0,0,0,0,0,0,0,0,0,0,0,0,0,0,0,0,0,0,0,0,0,0,0,0,0,0,0,0,0,0,0,0,0,0,0,0,0,0,0,0,0,0,0,0,0,0,0,0,8,0,9,0,0,0,0,0,0,0,0,0,0,0,0,0,0,0,0,0,0,0,0,0,0,0,0,0,0,0,0,0,0,0,0,0,0,0,0,0,0,0,0,0,0,0,0,0,0,0,0,0,0,0,0,0,0,0,0,0,0,0,0,0,0,0,0,0,0,0,0,0,0,0,0,0,0,0,0,0,0,0,0,0,0,0,0,0,0,0,0,0,0
