CED_CODE_2021,Count_home_Census_Nt_0_14_yr,Count_hom_Census_Nt_15_24_yr,Count_hom_Census_Nt_25_34_yr,Count_hom_Census_Nt_35_44_yr,Count_hom_Census_Nt_45_54_yr,Count_hom_Census_Nt_55_64_yr,Count_hom_Census_Nt_65_74_yr,Count_hom_Census_Nt_75_84_yr,Count_hom_Census_Nt_85ov,Counted_home_Census_Night_Tot,VisSame_SA2_0_14_yr,VisSame_SA2_15_24_yr,VisSame_SA2_25_34_yr,VisSame_SA2_35_44_yr,VisSame_SA2_45_54_yr,VisSame_SA2_55_64_yr,VisSame_SA2_65_74_yr,VisSame_SA2_75_84_yr,VisSame_SA2_85ov,VisSame_SA2_Total,VisDiff_SA2_NSW_0_14_yr,VisDiff_SA2_NSW_15_24_yr,VisDiff_SA2_NSW_25_34_yr,VisDiff_SA2_NSW_35_44_yr,VisDiff_SA2_NSW_45_54_yr,VisDiff_SA2_NSW_55_64_yr,VisDiff_SA2_NSW_65_74_yr,VisDiff_SA2_NSW_75_84_yr,VisDiff_SA2_NSW_85ov,VisDiff_SA2_NSW_Total,VisDiff_SA2_VIC_0_14_yr,VisDiff_SA2_VIC_15_24_yr,VisDiff_SA2_VIC_25_34_yr,VisDiff_SA2_VIC_35_44_yr,VisDiff_SA2_VIC_45_54_yr,VisDiff_SA2_VIC_55_64_yr,VisDiff_SA2_VIC_65_74_yr,VisDiff_SA2_VIC_75_84_yr,VisDiff_SA2_VIC_85ov,VisDiff_SA2_VIC_Total,VisDiff_SA2_QLD_0_14_yr,VisDiff_SA2_QLD_15_24_yr,VisDiff_SA2_QLD_25_34_yr,VisDiff_SA2_QLD_35_44_yr,VisDiff_SA2_QLD_45_54_yr,VisDiff_SA2_QLD_55_64_yr,VisDiff_SA2_QLD_65_74_yr,VisDiff_SA2_QLD_75_84_yr,VisDiff_SA2_QLD_85ov,VisDiff_SA2_QLD_Total,VisDiff_SA2_SA_0_14_yr,VisDiff_SA2_SA_15_24_yr,VisDiff_SA2_SA_25_34_yr,VisDiff_SA2_SA_35_44_yr,VisDiff_SA2_SA_45_54_yr,VisDiff_SA2_SA_55_64_yr,VisDiff_SA2_SA_65_74_yr,VisDiff_SA2_SA_75_84_yr,VisDiff_SA2_SA_85ov,VisDiff_SA2_SA_Total,VisDiff_SA2_WA_0_14_yr,VisDiff_SA2_WA_15_24_yr,VisDiff_SA2_WA_25_34_yr,VisDiff_SA2_WA_35_44_yr,VisDiff_SA2_WA_45_54_yr,VisDiff_SA2_WA_55_64_yr,VisDiff_SA2_WA_65_74_yr,VisDiff_SA2_WA_75_84_yr,VisDiff_SA2_WA_85ov,VisDiff_SA2_WA_Total,VisDiff_SA2_TAS_0_14_yr,VisDiff_SA2_TAS_15_24_yr,VisDiff_SA2_TAS_25_34_yr,VisDiff_SA2_TAS_35_44_yr,VisDiff_SA2_TAS_45_54_yr,VisDiff_SA2_TAS_55_64_yr,VisDiff_SA2_TAS_65_74_yr,VisDiff_SA2_TAS_75_84_yr,VisDiff_SA2_TAS_85ov,VisDiff_SA2_TAS_Total,VisDiff_SA2_NT_0_14_yr,VisDiff_SA2_NT_15_24_yr,VisDiff_SA2_NT_25_34_yr,VisDiff_SA2_NT_35_44_yr,VisDiff_SA2_NT_45_54_yr,VisDiff_SA2_NT_55_64_yr,VisDiff_SA2_NT_65_74_yr,VisDiff_SA2_NT_75_84_yr,VisDiff_SA2_NT_85ov,VisDiff_SA2_NT_Total,VisDiff_SA2_ACT_0_14_yr,VisDiff_SA2_ACT_15_24_yr,VisDiff_SA2_ACT_25_34_yr,VisDiff_SA2_ACT_35_44_yr,VisDiff_SA2_ACT_45_54_yr,VisDiff_SA2_ACT_55_64_yr,VisDiff_SA2_ACT_65_74_yr,VisDiff_SA2_ACT_75_84_yr,VisDiff_SA2_ACT_85ov,VisDiff_SA2_ACT_Total,VisDiff_SA2_OT_0_14_yr,VisDiff_SA2_OT_15_24_yr,VisDiff_SA2_OT_25_34_yr,VisDiff_SA2_OT_35_44_yr,VisDiff_SA2_OT_45_54_yr,VisDiff_SA2_OT_55_64_yr,VisDiff_SA2_OT_65_74_yr,VisDiff_SA2_OT_75_84_yr,VisDiff_SA2_OT_85ov,VisDiff_SA2_OT_Total,VisDiff_SA2_Tot_0_14_yr,VisDiff_SA2_Tot_15_24_yr,VisDiff_SA2_Tot_25_34_yr,VisDiff_SA2_Tot_35_44_yr,VisDiff_SA2_Tot_45_54_yr,VisDiff_SA2_Tot_55_64_yr,VisDiff_SA2_Tot_65_74_yr,VisDiff_SA2_Tot_75_84_yr,VisDiff_SA2_Tot_85ov,VisDiff_SA2_Tot_Total,Vis_Tot_Visitrs_0_14_yr,Vis_Tot_Visitrs_15_24_yr,Vis_Tot_Visitrs_25_34_yr,Vis_Tot_Visitrs_35_44_yr,Vis_Tot_Visitrs_45_54_yr,Vis_Tot_Visitrs_55_64_yr,Vis_Tot_Visitrs_65_74_yr,Vis_Tot_Visitrs_75_84_yr,Vis_Tot_Visitrs_85ov,Vis_Tot_Visitrs_Total,Total_0_14_yr,Total_15_24_yr,Total_25_34_yr,Total_35_44_yr,Total_45_54_yr,Total_55_64_yr,Total_65_74_yr,Total_75_84_yr,Total_85ov,Total_Total
CED201,26788,18486,19724,21941,21190,20084,15412,8567,3399,155584,7,11,10,7,9,16,20,17,18,110,9,13,7,4,3,4,3,3,0,52,335,428,413,311,258,219,229,208,157,2555,0,9,6,8,10,11,9,5,0,62,0,0,0,0,3,5,0,0,0,22,0,5,3,0,0,0,3,3,0,16,0,5,0,0,0,0,0,0,0,9,0,0,0,0,0,0,0,0,0,5,0,0,0,0,0,0,0,0,0,3,0,0,0,0,0,0,0,0,0,0,345,458,442,326,282,246,246,219,161,2712,350,466,452,329,287,262,263,244,177,2822,27136,18947,20172,22267,21481,20347,15666,8803,3576,158406
CED202,27463,16953,18152,17997,18975,18578,16293,8555,3363,146328,21,23,14,18,24,39,55,40,16,257,6,20,18,19,9,12,10,5,3,102,531,880,647,514,511,484,392,218,132,4310,4,9,11,4,18,17,17,0,0,89,0,7,4,0,0,3,11,0,0,34,3,4,6,3,8,3,8,0,0,34,3,0,0,0,0,3,0,0,0,12,0,7,0,0,0,0,0,0,0,3,0,0,0,0,0,0,0,0,0,3,0,0,0,0,0,0,0,0,0,0,549,928,687,542,552,530,440,223,142,4594,570,955,702,559,577,567,493,265,161,4846,28035,17903,18856,18562,19553,19146,16785,8813,3520,151172
CED203,27002,16099,17676,17716,18493,19203,17243,9619,3872,146919,11,15,14,21,22,34,41,47,18,220,8,29,12,12,11,26,25,15,4,137,424,858,700,485,497,543,391,212,140,4254,0,14,16,14,11,14,19,0,0,86,0,10,3,7,9,6,7,6,0,54,0,7,7,3,4,13,7,0,3,41,5,7,0,4,0,7,8,0,0,33,0,4,0,5,0,3,0,0,0,12,0,0,4,0,0,0,0,0,0,14,0,0,0,0,0,0,0,0,0,0,435,931,738,527,539,609,467,238,150,4633,451,943,754,553,559,646,513,281,162,4854,27449,17042,18435,18266,19055,19848,17753,9900,4034,151778
CED204,33171,22839,25863,24587,22564,20879,14848,7785,3098,175636,19,11,26,26,29,24,31,27,4,192,0,3,12,3,10,9,4,3,0,48,393,429,595,418,318,314,221,218,144,3048,3,5,6,10,15,8,0,6,0,57,0,5,3,5,3,6,0,4,0,27,3,0,0,3,3,4,3,0,0,21,0,0,10,4,0,3,0,0,0,19,0,0,3,4,0,0,0,0,0,8,0,0,0,0,0,0,0,0,0,4,0,0,0,0,0,0,0,0,0,0,404,453,627,439,357,348,234,232,143,3231,419,464,651,473,385,370,258,255,147,3428,33591,23302,26520,25061,22943,21249,15102,8043,3250,179062
CED205,44300,24975,31684,29319,21156,17596,10429,4811,1438,185710,19,11,31,17,12,17,25,15,8,168,6,11,16,6,3,18,6,0,0,70,332,345,469,291,219,216,140,80,31,2123,3,4,7,8,6,11,8,6,0,46,0,4,5,0,0,5,0,0,0,17,4,0,6,0,3,0,0,0,0,17,0,5,3,0,0,0,5,0,0,16,0,0,6,0,0,0,0,0,0,6,0,0,0,0,0,0,0,0,0,3,0,0,0,0,0,0,0,0,0,0,343,373,512,303,237,249,163,88,27,2289,370,382,541,323,252,266,186,102,40,2459,44671,25359,32226,29639,21407,17859,10619,4918,1475,188166
CED206,28695,17599,18621,20030,21149,19697,15564,8267,2595,152218,5,17,12,11,12,34,27,15,6,146,0,7,9,5,11,10,16,0,0,51,398,578,480,326,293,275,193,102,45,2688,0,0,11,4,7,6,21,3,0,59,0,5,0,3,0,0,3,0,0,8,0,3,0,0,3,4,0,0,0,14,0,0,0,0,0,5,3,5,0,15,0,3,0,0,0,0,0,0,0,0,0,0,0,0,0,0,0,0,0,9,0,0,0,0,0,0,0,0,0,0,398,607,493,335,316,304,232,112,50,2853,405,624,510,348,330,332,263,130,56,2996,29098,18219,19128,20375,21482,20038,15827,8400,2652,155217
CED207,27747,25949,25428,23797,23047,19414,15799,12162,6175,179517,6,15,21,17,20,12,27,20,15,143,8,53,33,12,12,11,11,10,0,149,308,646,570,391,306,290,208,162,108,2988,9,27,13,5,4,10,10,4,0,81,0,9,10,4,3,4,6,0,4,39,3,19,4,5,4,4,0,0,4,39,0,21,17,0,0,0,3,0,0,48,0,9,3,0,0,0,0,0,0,13,0,7,0,4,0,0,0,0,0,17,0,0,0,0,0,0,0,0,0,0,331,791,640,425,326,326,240,180,118,3367,338,805,660,439,345,340,263,196,131,3519,28089,26755,26092,24236,23388,19755,16060,12358,6300,183028
CED208,23140,16309,28798,24566,20925,15714,10729,7400,3913,151494,11,36,26,12,23,26,29,29,13,205,0,31,13,12,13,11,7,4,0,93,287,511,657,381,368,283,151,124,79,2836,5,15,9,7,3,10,8,6,0,53,3,9,9,3,0,10,3,0,0,34,0,7,8,4,0,7,0,0,0,22,0,7,0,4,0,6,5,4,0,25,0,4,4,0,0,0,0,0,0,8,0,0,0,0,0,0,0,0,0,3,0,0,0,0,0,0,0,0,0,0,292,571,700,409,390,322,181,137,82,3075,303,604,726,428,414,347,210,163,96,3279,23437,16915,29524,24989,21337,16060,10942,7566,4005,154775
CED209,28393,16137,17637,19322,17931,16954,16674,9157,3685,145895,18,16,19,21,12,29,50,37,17,222,6,27,16,5,10,18,17,5,0,96,485,764,565,409,419,562,478,231,109,4033,5,10,5,0,3,16,14,5,0,53,6,7,0,5,4,4,5,8,0,28,0,5,0,3,4,0,0,0,0,22,0,3,4,0,0,9,9,0,0,23,0,4,0,0,5,0,5,0,0,15,0,9,0,0,0,0,3,0,0,12,0,0,0,0,0,0,0,0,0,0,505,828,594,428,447,607,524,250,109,4285,524,849,612,444,462,634,568,285,127,4513,28920,16985,18251,19769,18393,17591,17247,9440,3814,150407
CED210,27060,18648,22914,19946,19651,18250,15026,8713,3594,153807,30,29,22,33,37,43,48,33,18,286,8,39,23,8,21,17,4,3,0,125,396,767,691,427,438,406,317,239,142,3824,10,14,14,19,20,16,17,0,0,98,4,10,0,6,9,7,3,0,0,38,8,3,0,9,0,4,0,0,0,32,0,0,3,3,4,3,3,0,0,21,0,5,0,0,0,0,0,0,0,10,0,0,0,0,0,5,0,0,0,5,0,0,0,0,0,0,0,0,0,0,436,838,735,472,483,454,339,253,142,4153,463,867,757,503,518,491,391,278,160,4439,27528,19515,23674,20446,20170,18746,15420,8992,3754,158246
CED211,29382,18427,20090,23596,21991,19014,15453,10029,4664,162653,0,10,6,4,18,17,18,10,10,91,0,12,12,5,9,12,6,0,0,52,347,456,449,334,283,225,255,175,166,2686,0,6,3,0,5,11,8,4,3,38,0,0,3,3,3,3,3,3,0,25,0,4,0,6,0,8,0,0,0,20,0,0,0,0,3,3,3,0,0,18,0,0,0,0,3,0,5,0,0,5,0,0,0,0,0,0,0,0,0,8,0,0,0,0,0,0,0,0,0,0,352,480,475,342,310,259,282,182,168,2850,352,490,477,351,326,279,298,196,178,2942,29738,18915,20573,23945,22319,19292,15747,10225,4843,165593
CED212,29113,17152,19453,21331,21468,18780,14378,8298,3387,153349,11,22,11,17,13,31,31,21,10,164,3,10,7,4,6,6,16,4,0,64,427,524,506,361,347,287,304,240,169,3181,6,3,7,5,5,21,10,0,0,58,5,0,0,3,4,3,9,0,0,21,0,0,6,0,0,9,6,0,0,25,0,0,3,0,0,7,3,4,0,23,0,0,0,0,0,4,0,0,0,11,0,0,0,0,0,0,0,0,0,4,0,0,0,0,0,0,0,0,0,0,440,541,535,378,368,344,353,254,174,3376,447,560,542,393,382,365,385,276,179,3538,29563,17710,19995,21726,21847,19147,14762,8569,3569,156891
CED213,23108,14363,13025,15171,18945,19411,19948,13396,5217,142587,22,15,15,26,25,36,51,48,33,265,11,63,35,15,13,12,16,4,0,177,821,821,723,618,777,907,827,441,188,6118,7,73,20,12,15,16,19,8,0,163,9,6,11,3,3,5,0,0,0,32,0,22,18,4,5,6,3,0,0,69,0,9,0,3,0,3,0,0,0,16,0,8,8,0,0,0,3,0,0,13,0,9,0,0,3,0,0,0,0,19,0,0,0,0,0,0,0,0,0,0,843,1004,813,658,821,949,870,452,194,6609,864,1021,831,685,847,985,915,495,223,6874,23972,15387,13857,15851,19797,20392,20867,13895,5443,149453
CED214,27751,20186,34443,26912,21273,17777,13251,7351,3326,172260,25,20,28,28,31,29,46,24,5,241,0,13,14,7,17,14,5,6,0,70,326,442,606,444,378,338,225,129,67,2948,5,12,18,7,11,17,9,0,0,77,0,8,3,6,8,3,9,0,0,35,4,5,4,3,0,3,3,0,0,22,0,0,8,0,0,0,0,0,0,15,0,0,4,0,0,0,0,0,0,7,0,0,0,0,0,0,0,0,0,6,0,0,0,0,0,0,0,0,0,0,333,472,650,473,411,376,254,142,63,3181,359,492,677,499,441,409,305,166,72,3420,28108,20675,35124,27408,21715,18184,13548,7518,3397,175681
CED215,43250,18910,28072,35827,23720,16656,11395,5880,2432,186144,17,15,17,17,26,19,16,15,10,155,9,15,28,21,18,25,17,5,0,126,298,348,458,298,269,226,186,112,65,2245,6,3,9,13,12,20,14,3,0,83,0,4,3,4,3,7,5,0,0,26,3,0,10,3,3,5,0,0,0,38,3,4,8,0,0,0,3,0,0,31,0,0,0,6,4,0,3,0,0,14,0,0,3,5,4,4,0,0,0,12,0,0,0,0,0,0,0,0,0,0,316,379,516,349,311,287,223,119,71,2575,334,398,535,368,335,311,238,140,85,2735,43585,19303,28604,36196,24062,16963,11631,6014,2518,188878
CED216,25358,14924,16503,16188,17634,21242,20434,10943,3728,146951,50,30,37,36,42,59,93,50,20,414,6,35,27,22,22,17,30,13,5,176,643,819,813,630,671,859,772,441,245,5880,4,20,37,23,22,33,13,0,0,158,7,8,9,6,4,12,10,0,0,51,3,3,5,6,3,11,6,0,0,48,0,5,0,4,4,9,0,0,0,21,0,4,3,4,0,5,4,0,0,20,0,3,4,5,4,6,0,0,0,28,0,0,0,0,0,0,0,0,0,0,667,899,900,698,723,944,836,460,246,6380,714,929,931,734,762,1010,934,517,269,6790,26069,15855,17441,16920,18394,22248,21361,11462,3990,153743
CED217,26525,17941,14400,19053,23516,19399,15029,9146,4628,149631,16,13,10,6,13,16,16,13,10,114,0,24,20,7,13,20,15,6,3,103,352,350,392,295,287,291,231,165,97,2467,0,5,4,0,12,8,12,6,5,57,0,4,3,3,0,4,0,0,0,16,0,0,0,5,0,0,9,6,0,26,0,0,0,0,3,11,5,3,0,23,0,0,0,0,0,0,0,0,0,0,0,4,3,5,3,3,0,0,0,11,0,0,0,0,0,0,0,0,0,0,358,392,418,315,316,344,275,186,99,2702,373,406,433,321,329,358,288,193,115,2816,26895,18353,14831,19375,23844,19751,15327,9337,4738,152454
CED218,37079,22682,25649,27839,23324,18289,12924,5798,1810,175397,3,3,14,9,13,20,24,18,10,119,0,13,9,4,6,8,9,0,0,45,330,280,401,321,262,175,137,100,44,2047,3,3,8,0,6,6,0,0,0,33,4,0,9,3,3,0,4,0,0,18,0,0,4,0,3,5,0,0,0,16,0,0,0,0,0,5,3,0,0,7,0,0,0,0,0,0,0,0,0,3,0,0,0,0,0,0,0,0,0,0,0,0,0,0,0,0,0,0,0,0,341,295,425,333,283,204,151,99,45,2182,345,302,435,346,300,226,173,121,53,2302,37419,22984,26086,28182,23619,18516,13101,5922,1863,177697
CED219,36480,19235,24345,24016,20199,16749,12961,5739,1819,161544,25,15,17,18,12,25,38,26,10,187,9,11,12,6,7,20,9,5,0,68,430,431,523,310,254,207,174,91,58,2472,6,10,12,12,6,11,9,0,0,59,0,6,7,5,4,6,4,0,0,21,8,0,5,0,0,5,3,0,0,22,4,0,4,7,3,0,4,0,0,28,0,0,0,0,0,0,4,0,0,3,0,0,0,0,0,0,0,0,0,4,0,0,0,0,0,0,0,0,0,0,458,452,559,336,271,243,205,97,56,2681,482,464,578,358,284,266,241,121,67,2870,36961,19700,24922,24377,20489,17015,13203,5857,1893,164413
CED220,19806,18080,30415,21672,18821,15691,12420,8168,3672,148749,40,8,15,15,14,19,30,27,53,217,3,78,104,20,31,34,21,10,3,312,242,497,723,401,367,344,336,235,144,3285,0,12,20,7,11,12,26,0,0,96,0,4,11,5,10,4,0,0,0,42,0,8,8,3,4,5,7,4,4,37,4,0,10,0,0,10,7,6,0,41,0,0,3,0,0,0,0,0,0,7,0,4,3,0,6,0,0,0,0,16,0,0,0,0,0,0,0,0,0,0,254,602,882,441,415,411,398,266,153,3837,294,610,902,459,432,433,428,291,204,4051,20097,18688,31318,22138,19247,16124,12848,8457,3878,152797
CED221,45187,23537,30075,30934,21682,16183,10063,4684,1556,183899,27,17,17,19,16,6,13,15,4,140,4,3,9,5,5,0,3,0,0,35,410,448,451,280,199,175,118,78,26,2189,10,3,5,3,3,14,9,3,0,45,7,0,8,4,0,3,5,0,0,26,5,0,0,3,0,0,5,0,0,22,0,0,0,0,0,0,4,4,0,8,0,0,0,0,0,0,0,0,0,0,0,0,0,0,0,0,0,0,0,8,0,0,0,0,0,0,0,0,0,0,429,465,475,301,218,196,140,84,26,2337,457,482,496,322,232,199,158,105,35,2476,45640,24018,30571,31253,21916,16385,10219,4778,1593,186373
CED222,31222,25006,33691,27432,23424,20013,15815,10240,4742,191581,15,15,24,14,25,17,36,29,14,189,6,15,15,12,8,5,4,0,9,70,372,498,615,433,366,318,241,180,140,3160,0,0,7,3,3,10,11,4,0,39,10,0,9,0,4,5,4,0,0,26,7,4,4,3,0,0,0,0,0,20,0,3,8,0,0,0,8,0,0,15,0,3,0,0,0,0,0,0,0,6,4,0,9,5,3,0,0,0,0,17,0,0,0,0,0,0,0,0,0,0,390,525,667,456,379,336,269,183,151,3355,406,540,689,470,404,355,306,213,163,3546,31629,25545,34376,27903,23827,20368,16119,10453,4907,195133
CED223,26214,15004,15497,16764,19092,21757,19817,10873,4030,149053,65,55,22,24,43,61,66,32,24,399,72,187,141,75,85,97,53,23,6,747,1067,1397,1140,990,1036,988,758,285,147,7818,22,148,105,32,31,40,52,7,0,439,16,110,60,17,23,22,23,0,0,284,7,53,20,13,10,12,12,3,0,125,8,29,17,10,8,8,16,0,0,85,3,3,9,8,0,10,4,0,0,42,6,8,3,6,3,4,0,0,0,30,0,0,0,0,0,0,0,0,0,0,1193,1939,1504,1148,1202,1188,912,329,161,9571,1253,1997,1523,1169,1242,1253,982,359,183,9962,27472,17001,17018,17939,20340,23007,20794,11232,4208,159014
CED224,28957,17177,19224,23412,22952,18464,13933,8477,3941,156540,11,0,12,15,10,11,29,25,17,133,5,4,13,13,7,6,10,6,0,60,289,364,385,296,300,276,213,173,140,2447,0,0,9,0,9,20,16,8,0,57,0,4,0,0,0,3,8,0,0,20,0,4,3,0,0,3,8,0,0,16,0,0,0,0,0,13,4,8,0,21,0,0,0,0,5,0,0,0,0,8,0,0,0,0,0,0,0,0,0,3,0,0,0,0,0,0,0,0,0,0,299,376,410,315,317,327,256,192,144,2633,310,377,419,330,329,343,284,218,162,2774,29270,17562,19649,23743,23274,18806,14216,8696,4100,159312
CED225,28140,17467,18375,21754,21535,18915,15636,8904,3710,154436,20,6,21,13,14,20,27,15,11,157,11,14,15,12,4,5,14,0,0,93,313,449,524,403,350,359,338,260,214,3212,3,30,23,11,10,10,16,4,0,109,0,16,14,0,5,4,3,0,0,35,0,3,11,0,4,3,6,0,0,30,4,0,4,7,0,0,5,0,0,24,0,5,3,5,0,0,0,0,0,12,0,0,3,0,0,0,3,0,0,8,0,0,0,0,0,0,0,0,0,0,327,516,592,440,377,387,378,266,219,3513,345,525,616,455,398,412,406,286,228,3664,28487,17994,18995,22215,21930,19330,16039,9186,3934,158096
CED226,25081,22678,20079,19349,22314,19299,14964,9166,4798,157743,3,6,7,10,12,10,15,12,13,91,7,38,18,12,13,14,13,7,0,124,274,487,539,348,304,338,286,186,111,2878,4,7,8,6,13,14,15,0,3,76,0,3,5,0,0,0,4,4,5,24,0,9,8,3,0,0,5,0,0,27,0,6,8,5,5,0,5,0,0,34,0,6,0,0,0,0,0,0,0,9,0,3,3,0,0,0,0,0,0,7,0,0,0,0,0,0,0,0,0,0,297,563,587,374,344,369,327,199,119,3169,307,568,591,380,347,383,339,217,129,3262,25388,23244,20670,19731,22662,19685,15310,9385,4930,161006
CED227,39173,20055,25481,26297,20518,15098,10870,6069,1988,165546,13,11,12,15,14,12,23,25,7,129,8,7,14,7,8,7,6,3,4,63,414,514,478,295,243,262,227,144,81,2661,0,0,7,7,0,10,9,0,0,40,7,3,3,0,3,5,0,0,0,34,0,3,0,4,0,3,5,0,0,18,0,0,0,0,0,0,5,0,0,7,0,0,3,0,0,4,0,0,0,9,3,0,0,0,0,0,0,0,0,4,0,0,0,0,0,0,0,0,0,0,431,536,507,313,263,292,254,149,81,2840,446,551,516,330,280,304,279,172,91,2969,39616,20603,25998,26630,20801,15402,11146,6243,2074,168519
CED228,48503,23885,35290,36022,20988,16400,10730,4661,1549,198021,21,12,25,12,7,23,19,9,0,141,15,9,22,8,6,15,11,0,0,82,440,461,589,342,252,192,125,98,43,2540,8,0,9,9,10,7,14,0,0,59,0,5,7,5,9,0,0,4,0,27,0,7,8,3,3,6,4,0,0,28,3,4,7,0,3,6,0,0,0,27,5,0,7,0,6,0,0,0,0,15,0,0,7,0,0,0,0,0,0,8,0,0,0,0,0,0,0,0,0,0,471,487,638,370,288,222,160,108,42,2790,490,503,659,386,299,244,179,120,46,2930,48990,24389,35948,36406,21287,16646,10900,4781,1596,200949
CED229,19127,16454,39229,27526,20615,16362,12492,6531,2749,161095,7,9,11,18,25,14,22,20,9,147,6,50,88,35,47,55,28,9,0,315,314,641,993,672,496,538,396,207,122,4376,3,130,80,33,33,35,27,7,0,363,0,16,21,21,11,15,10,9,0,104,0,35,24,11,11,21,15,6,0,124,0,4,20,9,14,9,7,0,0,59,5,4,4,3,0,0,0,0,0,17,3,9,13,5,4,0,3,0,0,29,0,0,0,0,0,0,0,0,0,0,336,892,1242,791,615,678,484,232,125,5388,345,905,1250,811,633,687,506,254,134,5536,19470,17356,40480,28339,21256,17054,13002,6786,2884,166633
CED230,28183,16277,18672,17193,19528,23051,20337,12153,5222,160613,47,50,45,32,46,63,84,53,26,448,28,51,53,36,48,41,29,13,0,301,446,800,795,564,660,955,788,325,166,5503,4,10,28,9,34,45,18,0,0,143,10,42,23,18,27,39,25,7,0,193,0,5,4,8,7,9,26,0,0,58,0,0,0,0,5,12,7,3,0,32,0,5,3,0,4,7,3,0,0,23,0,0,0,0,0,0,0,0,0,0,0,0,0,0,0,0,0,0,0,0,498,918,901,640,784,1106,889,357,165,6258,546,967,946,674,827,1166,974,405,195,6705,28725,17244,19618,17863,20357,24213,21313,12562,5418,167318
CED231,24166,17001,23186,21953,20341,16749,13391,8532,3672,148997,24,5,17,21,20,22,30,32,17,190,11,18,29,17,14,11,12,7,0,125,283,385,486,349,341,279,213,80,60,2479,4,18,27,45,28,13,13,10,0,162,0,14,16,22,5,9,8,0,0,68,0,5,9,11,18,8,4,4,0,54,0,3,17,11,5,9,12,0,0,48,0,0,5,3,7,0,0,0,0,19,0,7,0,0,0,5,0,0,0,16,0,0,0,0,0,0,0,0,0,0,301,446,589,451,414,337,263,103,60,2968,325,452,607,481,435,362,293,139,69,3161,24493,17456,23796,22430,20775,17113,13683,8666,3748,152160
CED232,35547,18179,19956,23616,21139,16958,12563,5901,1674,155529,24,19,12,17,21,21,31,27,13,183,9,21,5,3,10,6,9,3,0,72,336,492,375,260,239,219,171,122,55,2266,3,6,5,0,8,5,10,0,6,50,0,3,0,0,6,3,4,0,0,23,5,4,6,0,3,6,3,0,0,24,0,3,0,4,3,6,0,0,0,14,0,0,3,0,0,0,0,0,0,4,0,0,0,0,0,0,0,0,0,3,0,0,0,0,0,0,0,0,0,0,353,533,394,268,269,239,198,135,60,2450,374,554,404,288,291,264,233,155,69,2630,35925,18730,20364,23900,21429,17224,12793,6055,1749,158157
CED233,15649,34121,64743,29998,17244,13516,9519,4817,1902,191509,19,74,64,45,34,28,13,17,7,301,41,170,171,107,107,106,54,15,3,766,592,1602,2051,1396,996,894,700,405,220,8859,18,117,93,50,55,56,24,4,0,418,17,39,36,25,12,20,17,0,4,176,4,46,35,19,34,31,20,0,0,193,9,48,41,29,21,24,28,7,0,211,12,25,9,6,4,6,0,0,0,68,7,30,4,10,3,3,5,0,0,59,0,0,0,0,0,0,0,0,0,0,710,2074,2451,1634,1235,1138,841,435,223,10750,731,2149,2512,1684,1263,1168,858,452,236,11051,16377,36270,67254,31676,18511,14681,10376,5270,2140,202554
CED234,27987,20441,20059,22816,22988,20628,16187,12116,5550,168770,12,3,8,13,11,16,9,19,25,121,5,15,17,12,7,21,11,10,0,88,332,387,486,386,308,280,286,248,159,2868,0,8,6,9,5,5,9,4,0,53,0,4,3,3,5,0,3,0,0,25,0,0,5,0,0,0,6,0,0,20,0,0,3,4,0,0,0,0,0,17,0,0,0,0,0,0,0,0,0,7,0,3,0,0,0,0,0,0,0,8,0,0,0,0,0,0,0,0,0,0,339,418,521,416,330,313,318,261,161,3083,350,418,534,428,339,328,333,281,189,3206,28339,20863,20588,23244,23325,20961,16515,12398,5739,171977
CED235,24517,13367,14797,15266,17019,20096,19691,10631,3817,139205,20,20,19,16,42,61,46,40,14,283,14,10,10,12,7,12,13,0,5,84,529,722,709,452,548,776,627,251,116,4727,6,3,13,6,18,21,8,4,0,76,0,4,3,0,0,3,4,0,0,17,0,4,5,0,7,8,6,0,0,38,0,6,3,0,3,4,6,0,0,19,0,0,8,0,0,3,0,0,0,8,3,0,0,0,0,0,5,0,0,16,0,0,0,0,0,0,0,0,0,0,552,748,747,472,588,832,673,259,116,4984,568,773,761,491,631,892,719,302,131,5267,25086,14139,15559,15758,17651,20985,20410,10939,3947,144472
CED236,27970,16655,17646,16973,19301,20816,18264,10901,4299,152825,38,46,24,37,37,61,61,50,19,364,32,63,72,28,31,43,35,20,8,325,438,864,787,516,642,675,544,252,107,4809,3,74,41,16,17,18,15,11,0,188,3,23,14,8,11,6,0,3,0,59,3,0,8,7,4,3,15,3,0,40,3,3,3,0,4,11,10,7,0,36,0,5,4,0,0,0,0,0,0,14,0,0,0,0,0,0,0,0,0,9,0,0,0,0,0,0,0,0,0,0,491,1035,918,568,704,757,610,285,115,5490,529,1079,936,609,740,820,677,337,134,5853,28495,17729,18584,17581,20039,21639,18940,11239,4435,158678
CED237,33117,20504,25864,26058,20593,17927,13318,7229,2806,167415,8,14,12,11,17,23,18,18,11,128,4,12,27,15,10,11,14,0,0,80,346,367,498,344,308,308,208,151,101,2630,9,11,4,8,6,4,3,0,0,37,0,3,8,4,3,5,0,3,0,27,0,0,3,5,4,5,3,0,0,28,0,4,3,5,3,6,0,0,0,18,0,4,0,3,0,8,0,0,0,13,0,0,0,4,0,3,4,0,0,16,0,0,0,0,0,0,0,0,0,0,364,397,544,384,332,342,234,161,105,2855,369,412,559,393,351,364,249,174,119,2982,33487,20913,26423,26450,20944,18287,13566,7405,2925,170389
CED238,25143,14871,16033,16123,18952,21677,19437,10573,4294,147106,16,37,32,34,46,64,81,54,29,388,3,17,13,5,14,12,23,3,0,99,568,846,918,629,713,1026,806,339,197,6040,7,6,16,10,12,46,34,7,0,137,11,37,16,10,16,19,19,7,9,135,8,0,3,6,4,11,7,0,0,39,0,0,3,4,0,11,13,0,0,34,0,0,8,0,7,4,8,0,0,25,0,0,0,3,4,0,0,0,0,12,0,0,0,0,0,0,0,0,0,0,598,916,976,662,777,1127,906,348,203,6511,612,943,999,694,822,1191,988,403,232,6896,25756,15816,17034,16824,19774,22865,20420,10976,4528,154002
CED239,24109,17691,33090,25559,18538,14187,9518,6880,4306,153863,12,5,13,20,17,14,25,23,16,140,3,11,20,10,10,18,12,0,0,87,216,357,605,370,312,284,187,141,116,2588,0,6,7,4,9,11,8,5,0,46,0,3,14,4,5,5,3,0,0,33,0,0,8,0,3,0,5,5,0,21,0,5,6,0,8,0,5,0,0,28,4,0,4,9,0,0,0,0,0,17,0,6,0,0,0,0,3,0,0,4,0,0,0,0,0,0,0,0,0,0,224,379,662,395,341,325,228,151,118,2829,238,388,674,411,359,345,250,167,138,2969,24345,18080,33761,25970,18895,14528,9765,7042,4440,156833
CED294,0,0,0,0,0,0,0,0,0,0,0,0,0,0,0,0,0,0,0,0,0,0,0,0,0,0,0,0,0,0,0,0,0,0,0,0,0,0,0,0,0,0,0,0,0,0,0,0,0,0,0,0,0,0,0,0,0,0,0,0,0,0,0,0,0,0,0,0,0,0,0,0,0,0,0,0,0,0,0,0,0,0,0,0,0,0,0,0,0,0,0,0,0,0,0,0,0,0,0,0,0,0,0,0,0,0,0,0,0,0,0,0,0,0,0,0,0,0,0,0,0,0,0,0,0,0,0,0,0,0,0,0,0,0,0,0,0,0,0,0
CED297,0,0,6,16,3,14,5,0,0,40,0,0,0,0,0,0,0,0,0,0,0,0,0,10,21,0,0,0,0,31,0,0,26,57,107,77,12,0,0,270,0,0,0,15,9,14,0,0,0,37,0,0,0,13,12,8,0,0,0,27,0,0,10,3,9,0,0,0,0,25,0,4,11,32,26,46,4,0,0,119,0,0,0,0,0,0,0,0,0,0,0,0,0,0,0,0,0,0,0,0,0,0,0,0,0,0,0,0,0,0,0,9,45,129,176,145,12,0,0,525,0,9,45,129,176,145,16,0,0,524,0,9,52,140,182,158,16,0,0,565
