POW_SA3_CODE_2021,Lab_3500mo_A_35_44,Lab_3500mo_A_45_54,Lab_3500mo_A_55_64,Lab_3500mo_A_65_74,Lab_3500mo_A_75ov,Lab_3500mo_Tot,Lab_PINS_A_15_19,Lab_PINS_A_20_24,Lab_PINS_A_25_34,Lab_PINS_A_35_44,Lab_PINS_A_45_54,Lab_PINS_A_55_64,Lab_PINS_A_65_74,Lab_PINS_A_75ov,Lab_PINS_Tot,Lab_Tot_A_15_19,Lab_Tot_A_20_24,Lab_Tot_A_25_34,Lab_Tot_A_35_44,Lab_Tot_A_45_54,Lab_Tot_A_55_64,Lab_Tot_A_65_74,Lab_Tot_A_75ov,Lab_Tot_Tot,OIDNS_NNI_A_15_19,OIDNS_NNI_A_20_24,OIDNS_NNI_A_25_34,OIDNS_NNI_A_35_44,OIDNS_NNI_A_45_54,OIDNS_NNI_A_55_64,OIDNS_NNI_A_65_74,OIDNS_NNI_A_75ov,OIDNS_NNI_T,OIDNS_1_149_A_15_19,OIDNS_1_149_A_20_24,OIDNS_1_149_A_25_34,OIDNS_1_149_A_35_44,OIDNS_1_149_A_45_54,OIDNS_1_149_A_55_64,OIDNS_1_149_A_65_74,OIDNS_1_149_A_75ov,OIDNS_1_149_T,OIDNS_150_299_A_15_19,OIDNS_150_299_A_20_24,OIDNS_150_299_A_25_34,OIDNS_150_299_A_35_44,OIDNS_150_299_A_45_54,OIDNS_150_299_A_55_64,OIDNS_150_299_A_65_74,OIDNS_150_299_A_75ov,OIDNS_150_299_T,OIDNS_300_399_A_15_19,OIDNS_300_399_A_20_24,OIDNS_300_399_A_25_34,OIDNS_300_399_A_35_44,OIDNS_300_399_A_45_54,OIDNS_300_399_A_55_64,OIDNS_300_399_A_65_74,OIDNS_300_399_A_75ov,OIDNS_300_399_T,OIDNS_400_499_A_15_19,OIDNS_400_499_A_20_24,OIDNS_400_499_A_25_34,OIDNS_400_499_A_35_44,OIDNS_400_499_A_45_54,OIDNS_400_499_A_55_64,OIDNS_400_499_A_65_74,OIDNS_400_499_A_75ov,OIDNS_400_499_T,OIDNS_500_649_A_15_19,OIDNS_500_649_A_20_24,OIDNS_500_649_A_25_34,OIDNS_500_649_A_35_44,OIDNS_500_649_A_45_54,OIDNS_500_649_A_55_64,OIDNS_500_649_A_65_74,OIDNS_500_649_A_75ov,OIDNS_500_649_T,OIDNS_650_799_A_15_19,OIDNS_650_799_A_20_24,OIDNS_650_799_A_25_34,OIDNS_650_799_A_35_44,OIDNS_650_799_A_45_54,OIDNS_650_799_A_55_64,OIDNS_650_799_A_65_74,OIDNS_650_799_A_75ov,OIDNS_650_799_T,OIDNS_800_999_A_15_19,OIDNS_800_999_A_20_24,OIDNS_800_999_A_25_34,OIDNS_800_999_A_35_44,OIDNS_800_999_A_45_54,OIDNS_800_999_A_55_64,OIDNS_800_999_A_65_74,OIDNS_800_999_A_75ov,OIDNS_800_999_T,OIDNS_1000_1249_A_15_19,OIDNS_1000_1249_A_20_24,OIDNS_1000_1249_A_25_34,OIDNS_1000_1249_A_35_44,OIDNS_1000_1249_A_45_54,OIDNS_1000_1249_A_55_64,OIDNS_1000_1249_A_65_74,OIDNS_1000_1249_A_75ov,OIDNS_1000_1249_T,OIDNS_1250_1499_A_15_19,OIDNS_1250_1499_A_20_24,OIDNS_1250_1499_A_25_34,OIDNS_1250_1499_A_35_44,OIDNS_1250_1499_A_45_54,OIDNS_1250_1499_A_55_64,OIDNS_1250_1499_A_65_74,OIDNS_1250_1499_A_75ov,OIDNS_1250_1499_T,OIDNS_1500_1749_A_15_19,OIDNS_1500_1749_A_20_24,OIDNS_1500_1749_A_25_34,OIDNS_1500_1749_A_35_44,OIDNS_1500_1749_A_45_54,OIDNS_1500_1749_A_55_64,OIDNS_1500_1749_A_65_74,OIDNS_1500_1749_A_75ov,OIDNS_1500_1749_T,OIDNS_1750_1999_A_15_19,OIDNS_1750_1999_A_20_24,OIDNS_1750_1999_A_25_34,OIDNS_1750_1999_A_35_44,OIDNS_1750_1999_A_45_54,OIDNS_1750_1999_A_55_64,OIDNS_1750_1999_A_65_74,OIDNS_1750_1999_A_75ov,OIDNS_1750_1999_T,OIDNS_2000_2999_A_15_19,OIDNS_2000_2999_A_20_24,OIDNS_2000_2999_A_25_34,OIDNS_2000_2999_A_35_44,OIDNS_2000_2999_A_45_54,OIDNS_2000_2999_A_55_64,OIDNS_2000_2999_A_65_74,OIDNS_2000_2999_A_75ov,OIDNS_2000_2999_T,OIDNS_3000_3499_A_15_19,OIDNS_3000_3499_A_20_24,OIDNS_3000_3499_A_25_34,OIDNS_3000_3499_A_35_44,OIDNS_3000_3499_A_45_54,OIDNS_3000_3499_A_55_64,OIDNS_3000_3499_A_65_74,OIDNS_3000_3499_A_75ov,OIDNS_3000_3499_T,OIDNS_3500mo_A_15_19,OIDNS_3500mo_A_20_24,OIDNS_3500mo_A_25_34,OIDNS_3500mo_A_35_44,OIDNS_3500mo_A_45_54,OIDNS_3500mo_A_55_64,OIDNS_3500mo_A_65_74,OIDNS_3500mo_A_75ov,OIDNS_3500mo_T,OIDNS_PINS_A_15_19,OIDNS_PINS_A_20_24,OIDNS_PINS_A_25_34,OIDNS_PINS_A_35_44,OIDNS_PINS_A_45_54,OIDNS_PINS_A_55_64,OIDNS_PINS_A_65_74,OIDNS_PINS_A_75ov,OIDNS_PINS_T,OIDNS_Tot_A_15_19,OIDNS_Tot_A_20_24,OIDNS_Tot_A_25_34,OIDNS_Tot_A_35_44,OIDNS_Tot_A_45_54,OIDNS_Tot_A_55_64,OIDNS_Tot_A_65_74,OIDNS_Tot_A_75ov,OIDNS_Tot_Tot,Tot_NNI_A_15_19,Tot_NNI_A_20_24,Tot_NNI_A_25_34,Tot_NNI_A_35_44,Tot_NNI_A_45_54,Tot_NNI_A_55_64,Tot_NNI_A_65_74,Tot_NNI_A_75ov,Tot_NNI_Tot,Tot_1_149_A_15_19,Tot_1_149_A_20_24,Tot_1_149_A_25_34,Tot_1_149_A_35_44,Tot_1_149_A_45_54,Tot_1_149_A_55_64,Tot_1_149_A_65_74,Tot_1_149_A_75ov,Tot_1_149_Tot,Tot_150_299_A_15_19,Tot_150_299_A_20_24,Tot_150_299_A_25_34,Tot_150_299_A_35_44,Tot_150_299_A_45_54
20101,3,4,8,0,0,18,6,4,4,6,16,3,6,4,48,804,645,950,784,928,884,249,17,5264,13,4,6,5,3,0,5,0,25,12,0,0,0,0,3,0,0,23,14,3,4,0,6,0,0,0,25,4,3,7,0,3,3,12,9,41,0,9,3,0,0,3,9,8,42,3,12,15,7,7,11,0,0,54,0,13,13,7,19,13,3,0,65,0,7,29,11,4,14,0,0,65,3,9,32,21,22,14,5,0,99,0,6,12,19,13,14,3,0,80,0,4,9,16,16,8,0,0,53,0,0,8,11,7,7,3,0,40,0,0,5,12,12,5,3,0,42,0,0,0,0,0,0,0,0,3,0,8,3,10,11,0,6,0,25,5,9,20,13,17,15,7,4,89,53,88,164,133,159,115,46,27,788,66,18,26,42,41,42,16,0,245,1530,87,60,66,47,44,22,0,1855,713,272,183,137,145
20102,3,0,0,0,0,4,0,0,6,0,6,7,0,0,16,160,104,180,170,199,232,64,14,1132,0,0,0,0,0,0,0,4,3,6,0,0,0,0,0,0,0,8,0,0,0,0,0,3,0,0,8,0,0,0,0,9,0,0,0,10,0,0,0,0,4,4,0,4,11,0,0,0,0,0,6,0,0,6,0,0,4,0,3,0,0,0,11,0,0,4,0,6,0,0,0,14,0,0,0,0,5,4,5,0,15,0,0,4,3,4,0,0,0,12,0,0,0,0,3,4,0,0,3,0,0,3,4,0,0,0,0,4,0,0,0,3,0,0,0,0,8,0,0,0,0,0,0,0,0,0,0,0,0,0,0,3,0,0,4,5,0,4,0,0,0,0,0,17,7,9,21,18,28,29,12,10,135,24,3,14,12,20,20,13,6,113,206,10,7,24,15,22,12,8,303,104,54,46,44,36
20103,0,0,0,0,0,0,0,0,0,0,3,3,0,0,14,108,101,176,136,190,231,66,14,1016,0,0,0,0,0,0,0,0,0,8,0,0,0,0,0,0,0,8,0,0,0,0,0,5,3,0,7,4,0,0,3,0,0,0,0,11,0,0,0,0,6,3,0,0,6,4,0,4,0,0,6,5,3,13,0,0,5,0,0,4,0,0,9,0,0,5,0,6,3,3,0,17,0,0,0,3,3,0,0,0,15,0,0,0,3,0,0,0,0,7,0,0,0,0,0,4,0,0,3,0,0,0,0,7,5,0,0,10,0,0,0,0,0,0,0,0,5,0,0,0,0,0,0,0,0,0,0,0,0,0,0,0,0,0,0,0,5,4,0,4,8,0,0,20,12,9,22,21,27,39,9,7,141,14,0,11,8,26,33,10,0,100,187,8,12,16,21,23,9,7,269,60,31,27,19,30
20201,0,7,3,0,0,15,8,10,8,6,4,15,0,0,41,842,559,809,670,696,756,205,27,4560,12,5,3,3,4,4,3,0,19,21,7,0,3,0,3,0,0,28,6,5,4,3,0,4,0,0,21,3,0,6,3,4,0,9,8,28,5,0,4,11,7,4,3,3,38,5,9,9,10,8,8,3,0,55,0,8,13,11,17,13,7,0,69,0,12,29,12,7,9,3,5,73,0,12,18,17,12,23,0,0,79,0,9,12,13,15,11,0,0,57,0,0,11,6,19,9,6,0,54,0,0,11,13,12,11,0,0,43,0,0,6,9,16,3,9,0,48,0,0,0,0,0,0,0,0,8,0,0,3,0,0,0,0,0,9,0,11,21,6,21,9,6,8,83,49,80,145,126,127,117,53,19,710,51,23,42,28,31,26,14,0,220,1353,71,46,46,30,47,21,3,1634,735,241,149,130,92
20202,0,0,0,0,0,3,0,3,4,5,3,9,0,0,26,295,391,689,522,510,504,130,15,3060,4,0,0,3,4,5,0,0,13,10,0,4,0,0,0,0,0,15,9,3,0,4,0,0,3,0,18,0,4,0,0,5,3,0,7,13,0,0,0,0,4,0,0,0,7,0,0,10,3,3,0,0,0,20,0,4,3,6,6,4,3,0,30,4,5,6,8,11,3,5,0,41,0,0,7,9,6,10,0,0,32,0,0,0,3,10,8,0,0,27,0,0,6,5,0,6,0,0,13,0,0,3,3,5,3,0,0,18,0,0,0,0,9,0,0,0,12,0,0,0,6,0,0,3,0,9,0,0,0,0,5,0,0,0,5,4,0,6,10,8,10,3,9,39,33,17,44,58,75,59,19,12,321,19,5,7,26,31,23,26,7,147,468,17,19,39,33,29,27,8,643,198,73,60,64,67
20203,0,3,0,0,0,7,0,0,3,3,8,5,0,0,17,45,72,111,102,113,121,31,11,605,0,0,0,0,0,4,0,0,4,3,0,0,0,0,0,0,0,3,0,0,0,0,0,4,0,0,4,0,0,0,0,0,0,0,0,0,0,0,0,0,0,0,0,0,3,0,0,0,0,4,0,0,0,8,0,0,3,0,0,0,0,0,9,0,0,0,0,3,0,0,0,8,0,5,0,0,3,0,0,0,6,0,0,5,0,0,0,0,0,5,0,0,0,0,0,0,0,0,0,0,0,0,0,6,4,0,0,4,0,0,0,3,0,0,0,0,3,0,0,0,0,0,0,0,0,0,0,0,0,5,0,0,0,4,9,0,0,3,5,0,0,0,0,8,8,9,14,12,13,12,6,6,75,12,6,6,16,14,28,9,3,87,70,4,10,6,6,16,10,0,107,21,8,10,22,12
20301,0,3,0,0,0,4,0,0,0,0,0,0,0,0,10,106,92,97,107,146,105,45,11,707,0,0,0,0,0,0,0,0,6,0,0,0,0,0,0,0,0,0,0,0,0,0,0,0,0,0,3,0,0,0,0,0,0,0,0,3,0,0,0,0,0,0,0,0,0,0,0,0,0,0,0,0,0,4,0,0,0,0,0,0,0,0,3,0,0,0,0,0,3,0,3,12,0,4,4,0,0,0,0,0,11,0,0,0,0,0,0,0,0,5,0,0,3,0,5,0,0,0,10,0,0,6,0,0,0,0,0,5,0,0,0,3,0,0,0,0,7,0,0,0,0,0,0,0,0,0,0,0,0,0,0,0,0,0,0,0,0,0,0,5,0,3,0,8,0,4,19,12,21,9,9,3,75,5,0,13,10,15,17,9,5,78,136,13,10,5,14,20,11,0,213,62,24,23,28,23
20302,7,12,7,0,0,50,8,5,20,11,24,18,11,0,97,1355,1214,1916,1520,1581,1488,459,54,9587,5,4,10,22,6,11,0,0,58,31,9,3,7,5,4,0,0,60,10,9,0,15,3,16,5,0,60,4,11,11,4,13,5,8,7,62,7,14,21,12,15,7,4,4,93,4,12,27,19,24,18,6,8,114,5,24,19,24,18,12,10,0,118,3,22,54,40,32,14,4,0,171,0,26,71,43,35,29,11,0,220,0,11,50,27,34,36,9,0,164,0,4,40,37,32,26,0,0,147,0,4,22,24,35,12,4,0,104,0,0,31,48,33,14,3,0,123,0,0,4,4,10,5,0,0,25,0,3,4,12,14,16,0,4,58,14,23,52,51,56,26,10,9,241,84,172,425,383,372,246,78,41,1800,87,50,104,113,77,72,21,7,527,2552,233,131,125,104,110,59,6,3319,1330,727,329,291,237
20303,0,5,0,0,0,10,3,4,8,0,3,3,0,0,19,544,345,412,334,371,359,132,20,2514,0,0,3,0,3,5,0,0,20,8,0,0,0,0,0,0,0,14,0,0,5,6,0,0,3,0,13,0,0,0,4,5,0,0,0,16,0,0,0,3,0,5,3,0,11,0,3,4,11,4,4,3,0,26,0,3,5,4,0,5,7,0,23,0,3,13,3,3,9,0,5,37,0,0,8,8,7,10,4,0,44,0,0,4,7,4,5,9,0,28,0,0,5,12,6,0,0,0,20,0,0,4,7,0,5,3,0,16,0,0,0,5,6,4,0,0,25,0,0,0,4,4,5,0,0,12,0,0,4,0,12,0,5,0,19,6,6,7,9,17,3,3,0,50,23,27,53,81,76,62,38,6,365,41,7,21,37,31,37,14,0,175,1087,74,31,37,23,40,30,4,1321,434,181,69,122,85
20401,0,3,3,5,0,14,0,3,3,3,8,10,0,0,33,417,320,479,406,511,623,194,35,2986,7,0,4,5,4,3,0,0,24,9,0,0,0,0,4,0,0,18,6,0,0,0,6,6,4,0,25,0,8,0,0,4,0,0,0,17,0,9,5,0,4,6,0,0,24,6,3,4,3,4,4,4,0,27,6,9,4,6,3,12,4,0,39,0,7,5,14,9,13,3,3,48,3,6,11,7,17,12,9,0,70,0,0,11,5,7,9,3,0,37,0,0,4,7,3,4,4,0,20,0,0,0,7,5,3,3,0,13,0,0,0,4,3,9,3,0,16,0,0,0,0,0,0,0,0,3,0,0,0,3,3,3,4,7,14,3,9,11,16,5,7,8,8,64,34,46,64,77,72,88,46,24,462,37,11,26,31,52,52,29,11,247,549,34,22,48,40,54,29,15,781,262,85,71,78,102
20402,0,0,3,0,0,18,7,0,4,3,8,11,0,0,32,415,249,396,382,536,562,175,22,2747,3,0,0,0,0,0,0,0,10,15,0,0,0,0,0,0,0,18,0,3,0,0,0,0,0,5,15,0,0,0,0,5,0,9,0,12,0,3,3,0,5,3,3,0,28,0,4,8,8,3,3,0,6,28,3,3,6,6,6,3,0,0,26,0,3,3,3,6,6,3,0,38,0,8,9,17,17,3,0,0,54,0,0,7,11,14,11,5,0,34,0,0,4,0,8,10,0,0,22,0,0,3,3,0,7,0,0,19,0,0,0,8,6,0,0,0,13,0,0,0,0,0,0,0,0,0,0,0,0,5,0,3,0,0,8,8,0,13,4,10,6,0,5,43,33,28,55,64,82,64,33,16,376,27,3,12,15,44,40,29,9,175,602,11,22,21,25,34,19,9,746,245,60,48,41,76
20403,3,0,6,0,0,18,5,9,9,9,3,9,3,0,38,540,420,740,598,631,727,237,39,3936,7,4,3,0,0,6,0,3,25,10,0,0,0,0,0,0,0,15,9,3,0,0,0,0,0,4,26,3,4,0,6,0,3,3,0,19,0,0,7,7,5,0,0,7,26,4,5,7,10,7,3,3,9,46,0,5,11,12,5,6,3,6,55,6,11,13,13,13,17,8,0,84,8,3,24,16,12,11,0,4,80,0,4,10,7,9,14,6,0,50,0,0,5,10,7,8,0,0,35,0,0,5,5,6,10,0,0,28,0,0,4,10,3,11,0,0,26,0,0,0,3,0,0,0,0,3,0,0,3,0,0,0,4,0,10,4,6,12,14,18,13,3,3,70,48,49,106,111,108,97,37,33,589,48,13,25,24,39,50,30,7,236,861,36,24,41,38,42,23,10,1080,374,87,78,75,94
20501,3,0,3,0,0,14,4,0,4,11,10,11,3,0,41,394,322,582,404,508,417,135,27,2792,0,0,0,3,0,0,0,0,13,4,0,0,0,0,3,0,0,13,0,0,0,0,0,0,3,0,3,0,0,0,3,0,3,3,0,15,0,0,3,0,3,0,0,0,15,0,3,3,3,5,3,0,5,16,4,3,9,6,4,0,0,4,27,0,6,11,7,5,4,4,3,38,0,5,13,5,5,6,0,0,38,0,0,10,9,6,4,0,0,28,0,0,8,5,5,5,0,0,22,0,0,3,3,3,5,0,0,14,0,0,7,0,5,0,0,0,17,0,0,0,0,0,0,0,0,4,0,0,0,3,0,3,0,0,12,0,8,6,11,11,6,3,3,48,11,24,74,67,54,45,16,21,317,23,10,29,27,34,37,13,9,177,559,40,25,38,25,31,25,8,752,319,97,80,77,86
20502,0,0,6,0,0,4,4,3,4,4,7,3,7,5,38,258,215,402,402,427,492,158,21,2371,4,5,4,4,0,0,0,0,15,7,0,9,0,0,0,0,0,15,4,0,0,0,4,3,0,0,17,0,0,4,3,3,3,3,0,24,0,0,4,3,0,6,3,0,19,3,4,11,10,4,6,6,0,37,0,5,11,7,4,6,6,3,37,0,4,11,10,18,4,4,0,56,0,6,4,7,6,11,5,0,49,0,0,9,8,9,5,0,0,30,0,0,6,0,0,6,0,0,11,0,0,4,5,4,3,0,0,16,0,0,3,8,3,3,0,0,12,0,0,4,0,0,0,0,0,4,0,0,0,0,0,3,0,5,8,3,3,4,5,4,9,6,9,35,28,26,69,65,60,83,37,25,383,26,10,19,16,18,32,26,5,156,432,26,32,21,24,36,23,10,604,163,30,57,59,74
20503,0,3,3,0,0,10,0,4,9,6,10,16,6,0,50,354,267,449,427,529,612,218,27,2883,5,3,7,5,4,6,0,0,23,30,0,0,0,0,0,0,0,35,11,0,0,4,0,3,4,0,19,3,3,0,0,6,4,5,0,26,0,0,3,0,4,6,4,0,27,3,0,3,0,3,0,4,4,23,0,4,6,7,11,15,4,0,44,0,0,9,10,12,16,11,3,69,0,4,9,9,14,21,5,3,64,0,0,0,4,6,5,0,0,19,0,0,5,5,3,4,0,5,30,0,0,3,0,9,4,0,0,17,0,0,3,8,9,3,0,0,26,0,0,0,0,0,0,0,0,0,0,0,0,4,0,0,9,0,12,5,3,6,12,18,9,4,6,63,55,20,60,70,106,94,50,28,494,29,5,33,39,60,65,22,6,266,726,39,40,32,44,52,41,9,978,297,94,76,103,116
20504,9,8,6,0,0,35,4,4,6,11,12,12,5,0,49,427,268,572,577,651,624,131,11,3264,0,0,5,3,4,5,0,0,19,10,0,5,0,0,4,4,0,23,11,0,6,0,0,7,0,4,26,0,0,5,0,6,3,0,0,26,8,0,3,3,0,4,5,4,35,0,11,3,6,12,10,4,0,51,6,8,10,5,5,8,4,0,38,3,11,21,14,9,10,3,0,70,0,10,18,18,10,12,8,0,66,0,0,13,10,11,8,4,0,46,0,3,6,14,9,4,0,0,37,0,0,9,9,7,10,4,0,38,0,0,7,5,13,8,0,5,33,0,0,6,4,3,5,0,0,14,0,0,7,5,7,5,0,0,19,3,11,22,19,17,16,6,3,107,48,51,143,122,112,110,47,19,643,44,16,32,30,33,35,16,4,204,805,49,41,37,35,51,37,3,1049,417,119,97,97,77
20505,5,5,0,0,0,10,3,4,3,4,6,3,3,0,28,245,214,363,367,369,385,120,18,2079,0,0,0,3,3,4,3,5,26,8,0,0,0,0,0,0,0,8,5,0,3,0,0,0,0,0,9,0,0,4,5,3,5,0,5,17,0,6,6,3,0,0,5,4,18,0,0,3,0,3,10,0,0,28,0,0,6,8,3,8,6,4,32,0,3,11,3,0,10,4,4,36,0,0,7,3,10,9,0,0,37,0,5,11,4,8,10,6,0,31,0,0,4,12,3,3,0,0,18,0,0,7,9,3,5,0,0,14,0,0,3,9,5,9,0,0,18,0,0,0,4,0,0,0,0,9,0,0,0,4,5,4,0,0,9,0,0,12,20,4,6,4,3,43,21,19,71,74,55,76,31,26,369,25,11,17,27,32,43,28,3,180,458,17,28,32,29,42,22,5,626,168,48,74,68,59
20601,0,0,0,0,0,9,0,0,3,3,7,6,0,0,18,249,308,475,249,313,270,80,16,1956,0,0,5,6,3,4,0,0,17,3,3,3,0,0,0,0,0,11,5,6,9,0,0,0,0,0,21,0,0,10,4,3,0,0,0,15,0,9,4,0,3,8,0,5,27,0,6,16,7,4,3,0,0,34,0,3,14,9,4,5,6,0,43,0,4,15,13,6,3,0,0,43,0,5,15,16,7,7,4,0,53,0,3,8,7,5,0,0,0,27,0,0,17,7,5,0,3,0,42,0,0,13,4,6,5,0,0,26,0,0,10,6,9,4,3,0,40,0,0,0,0,4,0,0,0,12,0,0,6,7,5,0,0,0,15,3,7,18,16,13,9,0,0,63,13,48,146,111,89,50,16,9,478,22,19,25,39,37,27,9,0,177,505,106,42,41,41,24,13,9,784,305,275,143,94,96
20602,0,0,0,0,0,0,0,0,3,0,0,0,0,0,5,151,161,262,147,162,147,56,6,1088,0,0,3,9,0,0,0,0,10,0,0,0,0,0,0,0,0,4,0,0,0,4,0,0,4,0,8,0,4,0,0,0,5,0,0,8,0,0,4,5,4,3,0,0,17,0,5,8,6,3,3,0,4,22,0,8,0,8,7,10,0,0,28,0,3,10,9,6,9,4,0,38,0,7,6,10,10,8,0,0,33,0,3,10,4,5,5,0,0,31,0,0,5,3,3,4,0,0,11,0,0,0,4,0,0,0,0,6,0,0,8,3,3,3,0,0,20,0,0,0,0,0,0,0,0,3,0,0,0,3,3,4,0,0,12,0,8,3,3,12,8,0,0,41,9,28,68,65,61,59,14,5,294,8,11,17,21,17,9,6,8,98,311,68,28,18,33,16,10,4,482,165,126,71,81,63
20603,0,0,0,0,0,4,3,0,4,0,3,0,0,0,15,299,222,299,223,223,163,71,21,1514,6,3,0,4,4,0,0,0,22,3,0,0,0,0,0,0,0,5,0,0,0,0,0,4,0,0,9,0,4,3,6,0,0,0,0,17,0,0,4,5,0,5,0,0,9,0,6,3,6,6,6,3,0,24,0,8,12,4,6,4,3,0,31,0,5,14,12,11,11,0,0,48,0,6,25,9,9,8,0,0,48,0,0,13,10,9,9,0,0,39,0,0,13,12,11,0,0,0,39,0,0,0,6,3,0,0,0,12,0,0,0,6,11,8,0,0,28,0,0,0,0,4,3,0,0,8,0,0,0,5,3,3,0,4,15,0,6,14,19,10,5,0,0,55,8,41,101,98,76,55,19,3,413,40,12,21,31,34,16,9,0,161,664,104,28,26,25,13,10,8,869,358,236,104,76,81
20604,54,68,38,11,0,208,10,18,31,23,28,21,10,0,140,875,2535,4556,2635,2208,1913,554,70,15346,18,27,54,66,49,31,7,4,251,65,35,22,10,16,11,3,10,170,30,42,36,29,14,12,13,3,189,12,52,59,36,30,29,18,13,248,5,58,88,46,32,32,16,13,293,8,86,108,74,53,30,13,17,385,0,71,188,98,57,32,17,3,474,12,108,274,167,84,68,28,5,736,0,136,394,253,121,80,29,5,1018,0,81,344,277,133,65,19,7,927,0,35,333,275,157,62,18,11,890,0,17,228,243,149,75,13,3,721,0,12,331,480,248,109,31,10,1218,0,0,51,147,76,33,8,7,323,4,18,72,231,203,86,27,12,643,29,120,357,251,190,92,22,25,1082,191,879,2949,2681,1614,837,271,140,9561,140,240,427,394,270,150,55,11,1699,1519,960,377,204,168,120,63,20,3442,1194,2229,944,464,306
20605,21,13,7,0,4,54,0,6,11,10,3,0,0,0,38,247,649,1329,882,724,620,166,28,4643,8,4,11,17,8,9,4,0,73,7,4,0,0,3,0,0,0,22,5,4,3,0,0,3,4,0,26,4,11,10,7,6,9,5,5,48,0,11,11,10,5,8,6,0,55,3,21,21,15,14,6,4,5,90,0,10,45,24,6,10,4,4,108,0,23,65,31,34,15,0,3,170,0,27,97,49,33,21,3,0,243,0,4,76,33,33,13,9,0,169,0,0,39,28,32,20,7,4,130,0,3,27,25,24,18,6,0,104,0,0,31,71,43,19,8,0,176,0,0,8,18,12,8,6,0,56,0,0,8,29,40,22,8,10,119,0,35,65,59,38,17,7,4,221,40,160,540,430,333,195,68,35,1802,48,38,92,93,78,51,22,3,432,573,177,95,64,59,47,18,9,1046,364,479,243,140,118
20606,0,0,0,3,0,13,0,0,0,0,0,0,4,0,10,233,354,542,272,232,201,99,15,1942,0,0,9,0,0,7,0,0,20,4,4,0,0,0,0,0,0,11,0,4,0,0,6,3,0,0,16,0,0,7,5,0,0,0,0,22,0,3,0,0,0,0,0,0,11,0,11,11,3,3,0,0,0,34,0,8,11,5,8,3,0,0,34,0,10,21,18,10,3,0,0,63,0,3,30,14,6,9,4,0,68,0,5,14,15,16,5,0,0,51,0,5,15,16,3,0,0,3,40,0,0,13,11,12,3,3,0,39,0,0,15,12,8,6,0,4,55,0,0,6,8,9,0,5,0,21,0,0,11,15,18,22,16,7,88,0,12,28,16,14,0,6,4,82,7,73,184,141,120,77,48,21,671,12,26,44,37,49,34,26,9,231,458,124,43,37,27,21,17,4,731,264,341,131,73,70
20607,11,9,6,0,0,24,6,5,9,6,9,7,0,0,43,431,730,1045,543,553,526,160,26,4010,0,5,14,21,9,5,0,0,49,10,8,0,3,6,0,4,0,38,11,8,6,4,7,3,0,0,38,3,13,22,12,4,6,3,0,59,0,10,16,13,3,4,0,0,46,9,19,21,12,8,5,0,0,75,0,26,32,17,18,12,0,4,107,0,26,52,29,23,9,6,0,145,3,20,79,27,25,16,3,0,177,0,4,58,42,25,11,4,0,149,0,3,52,42,30,10,4,0,134,0,4,35,30,16,16,4,0,107,0,0,42,57,37,13,7,0,162,0,0,3,13,8,0,0,0,31,0,0,22,34,22,10,0,0,85,7,33,63,51,43,16,0,3,214,39,177,519,401,276,124,50,26,1616,38,32,106,102,55,40,13,7,396,789,235,100,60,58,51,33,12,1334,417,613,277,161,133
20701,3,0,4,0,0,18,7,8,5,8,5,4,8,0,34,540,634,743,432,498,457,198,42,3537,4,0,15,4,9,10,3,0,44,8,11,3,4,9,3,0,0,34,10,8,5,0,4,0,0,0,33,3,7,9,9,9,6,4,0,45,0,7,15,4,15,4,6,0,58,0,10,19,12,10,22,9,0,78,0,14,26,16,19,15,4,3,91,0,15,41,21,17,15,8,3,124,0,17,41,30,22,16,8,0,135,0,14,38,37,18,10,3,0,115,0,8,41,25,6,20,8,0,108,0,0,17,28,15,15,8,4,91,0,3,23,29,17,24,7,4,107,0,0,6,13,14,3,5,3,42,0,0,9,34,28,10,12,4,86,8,20,47,29,39,26,11,7,183,31,131,343,305,250,191,92,31,1373,62,34,84,75,105,63,27,5,454,1526,386,102,100,100,106,47,14,2386,783,901,228,215,245
20702,3,0,0,0,0,6,0,0,3,4,3,0,0,0,13,357,329,361,223,248,267,97,26,1902,0,0,0,3,0,0,0,0,8,6,0,4,3,6,0,3,0,13,3,7,5,4,0,0,0,0,20,0,4,0,9,4,3,0,0,29,0,3,6,6,3,4,0,0,29,0,0,3,10,6,4,5,0,32,0,8,5,5,8,10,0,0,32,0,8,16,12,14,6,0,0,52,0,6,18,9,5,4,0,0,48,0,0,11,14,4,6,0,0,34,0,0,6,10,5,7,0,0,37,0,0,8,0,4,5,0,0,9,0,0,12,4,7,0,0,0,28,0,0,0,0,5,0,0,0,7,0,0,0,3,0,4,0,0,8,7,3,12,7,8,6,0,0,52,19,38,103,111,85,65,20,8,446,50,19,24,46,45,24,10,0,220,956,204,53,56,53,42,23,6,1382,515,429,138,121,130
20703,0,6,5,0,0,12,3,4,0,6,0,3,0,0,19,421,353,495,339,424,448,126,17,2623,0,0,3,5,8,0,0,0,25,3,9,4,3,4,0,0,0,34,8,4,7,7,3,4,0,0,35,3,8,8,20,0,9,0,7,51,0,7,18,12,11,7,0,4,51,0,6,12,10,3,5,5,0,50,0,11,19,13,3,13,4,0,62,0,12,21,14,12,17,3,0,81,0,10,41,26,20,14,9,0,116,0,4,22,14,12,9,0,0,64,0,3,16,22,11,9,0,0,66,0,0,10,11,10,6,0,0,34,0,0,11,24,17,4,0,0,62,0,0,0,3,0,0,0,0,17,0,0,0,4,6,4,4,4,18,3,23,35,24,20,15,0,3,123,21,98,227,215,152,110,39,27,883,36,39,59,50,47,30,14,0,282,954,242,101,68,59,46,14,4,1493,474,422,202,176,140
20801,0,3,3,0,0,11,4,4,0,0,4,5,0,0,24,281,251,360,224,283,296,115,23,1834,3,3,3,6,3,4,0,0,21,12,0,0,0,0,0,0,0,20,5,3,0,3,3,0,0,0,16,0,0,0,6,0,5,0,0,19,0,0,7,0,0,0,0,0,19,0,4,10,9,8,0,0,0,25,0,3,7,0,9,4,5,0,30,0,9,20,14,8,11,0,3,61,0,3,14,16,13,4,5,0,55,0,0,10,10,9,10,0,0,37,0,0,11,7,10,14,3,0,51,0,0,9,0,13,7,0,0,22,0,0,7,14,13,4,3,0,38,0,0,5,4,0,8,3,0,19,0,0,4,17,20,10,0,5,58,3,7,18,13,19,3,6,8,77,22,38,121,118,126,87,31,20,563,32,19,30,38,41,43,25,0,238,877,164,45,34,47,38,28,8,1243,433,356,97,107,129
20802,0,4,4,0,0,21,5,3,6,4,5,0,0,0,17,450,367,559,325,382,351,146,30,2618,3,0,5,7,6,5,3,0,28,6,6,9,3,4,0,0,0,33,9,3,4,3,4,0,0,0,28,5,7,6,9,3,5,0,0,41,0,5,0,0,9,0,5,3,27,0,5,15,9,5,6,7,0,45,0,8,15,10,7,3,0,0,51,0,10,19,8,12,10,4,0,71,0,3,26,25,17,12,7,0,88,0,0,17,20,13,6,3,0,53,0,0,14,15,14,16,0,0,57,0,0,9,12,12,3,0,0,39,0,0,11,24,11,9,0,0,56,0,0,5,6,6,0,3,0,17,0,0,0,13,7,7,9,0,32,0,13,29,25,14,16,9,3,109,28,64,185,196,143,83,53,19,776,43,28,53,81,68,51,27,0,346,1051,232,70,74,70,48,29,3,1578,493,483,167,152,131
20803,8,6,3,4,0,32,5,11,11,11,15,15,0,3,67,862,892,1409,1202,1317,1175,312,53,7214,5,0,9,13,14,3,0,0,52,23,4,3,5,5,0,0,0,39,6,0,0,4,4,4,6,0,30,0,8,8,5,9,4,5,3,44,5,10,4,7,3,9,10,0,48,8,4,19,13,15,4,3,3,66,0,19,30,17,18,25,3,0,115,4,14,44,33,37,23,9,0,158,0,10,60,52,47,35,5,0,209,0,3,36,34,21,12,11,0,124,0,0,18,30,27,24,7,0,109,0,0,12,17,27,11,0,0,69,0,0,16,20,20,8,0,3,63,0,0,10,7,4,0,0,0,21,0,0,0,20,13,4,3,4,39,6,27,48,37,33,22,5,3,180,58,98,324,320,301,190,65,24,1386,83,42,67,90,86,70,29,4,466,1759,252,81,73,80,62,36,8,2349,953,590,180,169,184
20804,0,0,0,0,0,9,3,0,0,0,5,0,3,0,12,283,307,292,149,196,172,75,9,1483,0,0,9,0,4,4,0,0,19,6,3,0,4,0,0,0,0,11,3,6,0,0,0,0,0,0,13,0,3,3,3,0,0,0,0,11,0,8,3,5,0,0,0,0,17,0,4,4,0,8,0,0,0,17,0,5,6,6,0,0,0,0,33,0,8,21,4,5,6,0,0,44,0,6,20,9,4,0,6,0,46,0,7,4,8,3,0,0,0,22,0,0,5,7,4,4,0,0,22,0,0,7,0,4,0,0,0,12,0,0,3,12,6,4,0,0,21,0,0,0,3,0,0,0,0,14,0,0,5,3,8,7,4,4,35,0,10,18,14,10,9,0,0,68,19,60,103,84,61,45,16,9,396,29,28,21,32,29,22,8,0,167,733,172,30,33,24,12,14,3,1019,371,493,102,62,65
20901,5,3,4,0,0,6,4,4,3,0,6,3,0,0,20,440,342,500,416,527,516,182,34,2956,0,7,9,3,3,0,0,0,19,5,6,6,9,4,6,0,0,31,3,6,4,5,0,0,0,0,20,0,8,3,3,4,5,0,0,26,0,5,0,6,9,7,4,0,30,0,7,18,10,0,6,5,0,47,0,14,12,10,5,10,3,4,55,0,11,17,8,13,12,9,0,68,0,9,20,20,21,18,5,0,88,0,0,9,15,16,3,5,0,57,0,0,15,17,12,6,0,0,55,0,4,7,9,15,0,0,0,44,0,0,7,14,18,5,0,0,50,0,0,0,3,4,0,4,0,13,0,0,0,7,9,5,0,0,21,3,15,27,21,23,12,0,4,109,21,82,152,167,161,104,28,20,727,41,16,50,61,39,32,15,3,264,1101,195,67,62,57,46,27,3,1564,566,411,146,157,137
20902,3,6,4,0,0,18,8,0,3,3,5,4,0,0,35,317,370,587,432,513,445,107,20,2796,3,0,4,6,8,0,0,0,26,8,3,0,0,0,0,0,0,17,0,7,4,0,0,5,0,0,21,7,6,9,0,0,6,4,0,25,8,0,3,5,0,3,0,0,22,0,8,14,5,7,6,0,0,45,3,8,10,10,7,8,6,0,52,0,4,24,15,9,8,0,0,61,5,6,27,14,14,12,3,0,88,0,4,25,22,14,13,0,0,76,0,0,13,13,8,6,0,0,42,0,0,5,5,8,3,5,0,28,0,0,6,13,9,4,0,0,36,0,0,0,0,0,3,0,0,6,0,0,0,7,7,0,0,0,12,4,14,27,13,11,4,0,3,71,29,65,182,125,109,85,31,11,639,39,20,38,37,50,31,11,3,222,685,160,52,64,40,30,16,5,1041,361,358,155,124,105
20903,0,0,0,0,0,3,6,0,3,0,0,0,0,0,11,332,190,190,115,157,183,67,30,1263,0,0,0,4,3,3,0,0,14,7,0,0,5,0,0,0,0,12,4,0,0,0,0,0,0,0,6,6,0,0,0,0,0,3,0,7,0,0,0,0,0,0,0,0,12,0,6,6,3,0,0,0,0,17,0,0,4,3,0,3,0,0,21,0,3,5,3,7,3,5,0,24,0,0,7,6,3,4,5,0,21,0,0,4,8,0,3,3,0,15,0,0,0,3,5,0,0,0,8,0,0,0,7,0,0,0,0,13,0,0,10,8,0,5,0,0,24,0,0,0,5,0,3,0,0,9,0,0,0,3,5,0,0,0,10,0,4,15,3,9,4,0,0,44,19,19,52,60,38,38,20,9,254,24,8,15,28,29,26,10,8,134,663,79,32,36,27,38,13,4,893,317,180,45,68,75
20904,22,3,3,4,0,47,12,11,19,7,23,18,12,0,92,968,1054,1674,1400,1513,1225,302,33,8156,9,0,9,16,5,3,3,0,53,25,0,6,3,0,0,0,0,46,6,9,10,5,0,4,0,0,38,5,15,11,14,6,8,0,0,61,7,19,19,12,10,4,0,4,76,6,17,24,10,9,6,7,0,83,3,12,42,20,19,22,3,0,129,0,27,52,39,31,19,4,0,176,4,24,61,59,50,27,6,0,237,0,7,42,38,33,22,3,0,149,0,0,36,30,14,9,0,0,94,0,0,13,24,22,10,0,0,75,0,0,12,25,11,3,5,0,63,0,0,3,10,0,0,0,0,15,3,0,3,12,0,4,0,0,22,7,28,55,41,42,35,4,3,213,73,158,402,368,270,195,45,17,1531,103,41,93,118,91,54,21,7,522,1805,224,111,132,69,61,27,7,2436,1118,606,319,275,233
21001,0,8,0,0,0,17,6,6,3,5,5,9,0,0,28,322,434,777,578,653,511,112,14,3397,6,4,10,6,0,0,0,0,28,5,0,4,3,4,0,0,0,22,8,8,6,3,0,0,0,0,24,0,6,3,0,5,4,0,0,23,0,8,7,4,4,0,0,0,25,0,6,15,9,8,4,4,0,52,0,10,29,10,12,13,4,0,80,3,19,26,28,21,12,4,0,107,0,10,45,22,20,16,5,0,117,0,11,29,17,16,6,4,0,81,0,0,14,15,21,4,0,0,59,0,0,5,14,11,5,0,0,37,0,0,13,13,9,4,0,0,43,0,0,0,9,0,5,0,0,13,0,0,0,3,9,3,0,0,24,9,13,27,15,28,6,0,4,105,30,101,235,170,165,92,24,10,827,44,27,43,52,43,21,3,3,237,709,102,42,35,24,26,6,0,948,402,267,107,89,81
21002,0,0,0,0,0,0,3,0,4,0,0,3,0,0,8,194,103,133,107,128,113,38,9,827,0,0,0,0,0,0,0,0,4,3,0,0,0,0,0,0,0,4,0,6,0,0,0,0,0,0,6,0,0,0,6,0,0,0,0,6,0,0,0,0,0,0,0,0,5,0,0,0,0,0,0,0,0,5,3,0,4,0,0,0,0,0,14,0,0,0,0,4,0,0,0,6,0,0,0,0,0,7,0,0,14,0,0,0,4,0,3,0,0,11,0,0,5,0,4,5,0,0,14,0,0,0,0,3,0,0,0,5,0,0,0,6,5,0,0,0,6,0,0,0,0,0,0,0,0,0,0,0,0,0,0,4,0,0,7,0,3,4,7,0,0,0,0,22,12,13,24,30,24,18,4,3,133,12,8,7,12,10,18,12,3,71,389,18,16,17,22,20,4,3,498,162,65,38,59,40
21003,0,3,0,0,0,8,3,0,0,0,4,3,3,0,14,125,214,370,287,320,276,62,3,1655,0,0,0,0,3,0,0,0,6,0,3,3,0,0,0,0,0,7,0,3,5,0,0,0,0,0,13,0,0,3,6,4,0,0,0,23,0,4,0,0,4,3,0,0,10,0,6,5,7,0,4,0,0,21,0,4,4,7,8,5,5,0,28,0,6,11,9,6,9,0,0,42,0,4,20,11,10,3,0,0,52,0,0,0,6,0,0,0,0,15,0,3,5,8,6,0,0,0,27,0,0,7,4,0,0,0,0,16,0,0,6,9,0,4,0,0,18,0,0,0,3,0,0,0,0,6,0,0,0,0,3,0,0,0,3,4,7,7,9,10,4,0,0,41,8,43,85,82,63,33,14,0,318,22,8,20,26,32,12,13,0,132,231,55,35,31,24,24,6,0,406,151,109,59,73,76
21004,4,0,4,0,0,8,4,4,0,0,0,0,0,0,9,206,151,175,110,142,105,48,7,949,0,0,0,0,0,0,0,0,5,0,0,0,0,0,0,0,0,4,0,0,0,0,0,0,0,0,0,0,0,0,0,0,0,0,0,3,0,0,0,0,0,0,0,0,5,0,3,0,0,4,0,0,0,14,0,6,4,8,4,0,0,0,22,0,0,7,0,0,3,8,0,17,0,0,4,6,3,6,0,0,23,0,0,5,3,0,7,0,0,15,0,0,0,5,8,0,0,0,10,0,0,6,0,0,0,0,0,3,0,0,4,4,10,0,0,0,16,0,0,0,0,0,0,0,0,0,0,0,0,0,0,0,0,0,3,3,4,5,3,6,3,0,0,19,8,17,28,33,34,23,16,0,159,24,5,14,15,12,15,7,0,97,391,32,15,22,19,13,3,3,496,204,103,40,29,48
21005,13,6,5,0,0,52,3,7,20,20,24,19,7,0,100,904,1179,2388,2030,1980,1544,339,26,10390,7,6,20,20,5,3,0,0,58,24,9,0,11,5,0,0,0,43,11,9,11,8,4,0,7,0,51,3,18,16,5,7,6,3,4,63,10,15,20,13,16,9,0,0,79,5,17,33,39,23,10,4,0,126,10,28,76,57,30,20,3,0,228,10,40,101,91,42,35,9,0,329,4,30,111,80,50,42,9,0,318,0,22,60,76,40,32,6,0,229,0,6,34,55,38,25,0,0,171,0,0,25,29,26,18,7,0,106,0,0,28,41,32,19,0,0,116,0,0,3,0,8,0,0,0,14,0,0,8,9,6,5,4,0,37,22,31,88,59,60,42,5,3,303,105,225,631,587,391,266,56,15,2274,101,39,146,115,92,65,26,0,585,1178,188,102,110,62,53,32,3,1726,852,511,280,269,201
21101,3,3,3,0,0,24,5,3,8,11,9,4,0,0,37,873,846,1283,1115,1221,1183,370,39,6931,6,6,6,12,8,14,4,0,52,19,0,5,9,0,0,0,0,34,6,8,5,3,4,3,0,0,35,0,5,8,6,10,10,3,7,57,3,4,14,8,11,7,0,3,49,3,7,12,9,12,15,6,4,72,0,18,31,20,23,17,4,0,112,0,22,45,52,41,24,6,3,187,4,21,52,51,48,30,5,0,217,0,3,40,36,28,17,8,0,135,0,7,28,35,28,19,3,0,112,0,5,3,17,16,15,0,0,54,0,0,12,15,22,15,0,0,69,0,0,3,10,13,3,4,0,28,0,0,0,7,8,0,0,0,22,7,24,48,39,35,20,7,5,179,51,131,326,318,301,211,60,20,1420,86,30,58,83,63,65,26,5,420,1591,223,100,100,75,87,43,3,2224,955,545,231,198,209
21102,0,0,0,0,0,3,0,0,0,0,0,0,0,0,3,55,47,76,45,70,76,21,0,394,0,0,0,0,0,0,0,0,0,0,0,0,0,0,0,0,0,4,0,0,0,0,0,0,0,0,0,0,0,0,0,0,0,0,0,0,0,0,0,0,0,0,0,0,3,0,0,0,0,0,0,0,0,6,0,0,0,0,0,0,0,0,8,0,0,4,0,0,0,0,0,5,0,6,0,4,6,0,0,0,7,0,0,0,0,6,0,0,0,6,0,0,0,3,4,0,0,0,10,0,0,0,0,0,0,0,0,4,0,0,0,3,0,0,0,0,7,0,0,0,0,0,0,0,0,3,0,0,0,0,0,4,0,0,10,0,0,8,0,0,0,0,0,14,5,9,15,18,19,15,3,0,87,5,3,3,8,9,12,5,0,50,163,25,12,14,21,16,9,0,262,68,49,19,24,22
21103,3,8,6,0,0,29,5,3,5,8,5,9,3,0,37,748,622,882,737,767,706,200,29,4688,0,0,4,3,3,0,0,0,23,11,5,0,0,5,0,0,0,24,0,0,4,6,4,5,0,0,16,3,9,3,5,4,3,3,0,35,0,9,5,8,9,9,4,0,30,0,4,13,11,5,7,3,0,40,3,6,14,18,14,9,4,0,65,0,9,28,22,15,19,7,0,100,0,15,25,22,18,21,3,0,107,0,0,16,14,17,19,5,0,67,0,5,13,14,9,14,5,0,52,0,0,7,3,13,5,0,0,26,0,0,10,14,12,8,0,0,50,0,0,0,0,0,0,0,0,5,0,0,3,3,4,6,3,0,23,11,12,29,32,16,13,3,4,122,32,70,169,172,150,133,36,14,783,53,12,44,59,52,47,12,3,288,1390,151,67,58,45,67,33,6,1822,764,480,157,145,126
21104,0,4,0,0,0,10,0,0,6,0,7,5,0,0,15,302,245,314,233,271,269,115,16,1767,0,0,4,0,0,4,0,0,8,6,0,0,0,0,0,0,0,10,3,0,0,8,0,0,0,0,14,5,0,0,3,3,6,0,3,19,6,4,8,11,5,4,9,0,33,0,4,8,3,3,0,0,0,28,0,0,10,10,3,6,3,0,31,0,6,18,10,4,7,0,0,55,0,5,14,12,18,9,0,0,60,0,0,13,10,6,9,0,0,37,0,0,13,9,6,0,0,0,35,0,0,5,8,8,0,0,0,13,0,0,0,10,0,4,0,0,23,0,0,0,9,0,0,0,0,13,0,0,7,6,0,5,0,0,12,3,4,11,11,17,5,0,0,51,18,34,112,114,83,60,20,5,441,32,10,25,31,33,26,6,0,169,661,108,31,54,49,28,17,4,955,339,250,80,88,115
21105,5,6,10,4,0,28,5,9,9,8,10,5,3,0,55,1016,748,919,799,880,768,265,41,5428,0,0,3,3,13,0,3,0,29,16,8,7,3,0,0,0,0,40,6,0,4,3,10,8,0,0,30,0,0,4,7,5,3,0,0,27,3,7,3,6,0,4,4,0,33,0,5,0,3,4,9,4,0,37,0,7,9,6,14,12,4,4,63,0,13,29,21,18,14,0,0,106,0,15,21,24,19,21,6,0,99,0,4,12,22,15,9,0,0,63,0,0,8,9,15,9,5,3,55,0,5,8,11,10,6,3,0,36,0,0,9,16,7,0,0,0,33,0,0,0,5,0,0,0,0,3,0,0,0,7,5,3,0,0,19,9,24,29,19,25,12,9,3,112,44,84,150,157,172,118,47,15,780,65,22,49,63,72,67,46,9,386,1580,132,73,78,89,78,33,9,2075,830,335,185,223,207
21201,0,5,0,0,0,15,4,7,6,0,7,4,0,0,37,741,525,908,599,617,494,138,20,4043,5,0,3,3,3,8,5,0,24,13,0,5,0,5,0,0,0,23,4,5,6,0,0,0,0,0,19,3,7,3,4,7,0,0,0,17,0,3,5,3,8,3,5,0,28,5,9,7,0,10,0,0,0,38,4,9,17,4,13,6,0,0,50,0,5,21,22,12,14,7,0,82,0,3,18,20,12,13,0,0,76,0,3,10,9,12,3,0,0,44,0,5,7,12,3,6,5,3,41,0,0,7,11,6,7,0,0,31,0,0,8,9,6,0,0,0,25,0,0,4,0,4,0,0,0,5,0,0,0,3,0,5,0,0,12,3,11,22,25,11,11,0,4,83,42,57,141,137,112,67,30,17,606,49,22,38,38,72,43,18,8,288,1176,84,51,62,50,39,26,9,1495,535,220,121,115,113
21202,4,6,4,0,0,17,3,8,4,0,5,6,0,0,34,722,635,913,736,742,633,158,29,4565,5,3,4,10,4,0,0,0,25,10,4,8,6,3,0,0,0,29,0,8,5,5,0,0,3,0,25,0,12,8,9,3,0,0,8,35,0,8,3,6,5,9,0,4,34,4,12,10,8,5,3,3,0,52,0,14,28,8,21,7,5,0,85,0,12,24,21,22,15,3,0,102,5,12,37,17,16,18,6,0,110,0,0,34,16,22,3,0,0,77,0,4,11,25,18,5,3,0,69,0,0,8,13,10,3,0,0,35,0,0,10,15,9,5,0,0,44,0,0,0,4,0,0,0,0,5,0,0,3,0,6,0,0,0,12,4,15,31,28,26,19,0,0,125,38,94,226,185,178,96,30,12,865,73,40,51,71,54,40,9,0,335,1333,172,82,82,52,52,23,4,1805,840,465,169,178,143
21203,4,0,0,0,0,3,7,12,8,6,6,0,5,0,43,741,548,893,749,639,510,140,23,4238,3,3,3,11,4,3,0,0,28,9,3,0,0,0,0,0,0,15,5,5,6,3,0,5,0,4,24,3,0,3,6,5,0,0,0,26,0,7,11,3,3,4,0,0,31,8,17,14,11,6,3,0,0,50,0,10,25,18,9,9,0,0,74,0,10,36,27,23,8,0,0,105,0,6,30,25,12,13,0,0,92,0,9,13,21,11,9,0,0,67,0,3,4,12,3,3,0,0,29,0,0,7,8,0,4,0,0,23,0,0,3,6,4,3,5,0,23,0,0,0,3,0,0,0,0,3,0,0,5,0,9,0,0,0,12,10,10,28,27,16,9,7,5,108,40,84,181,191,104,70,24,12,715,68,25,61,75,51,38,14,3,335,1144,134,64,92,47,40,16,0,1541,726,300,146,199,112
21204,19,11,12,6,0,57,7,11,19,16,28,21,0,0,111,900,1597,3349,2788,2908,2352,553,48,14504,10,11,15,22,15,14,3,0,91,26,8,7,3,10,6,5,0,58,22,6,9,9,8,8,5,0,66,4,16,22,19,15,10,3,0,85,10,23,25,22,8,10,9,3,112,6,20,30,29,33,19,10,4,155,15,39,56,47,51,42,12,3,268,9,57,137,90,64,48,17,7,431,0,37,130,105,88,63,14,5,446,0,18,95,69,65,38,4,0,287,0,9,52,64,73,46,3,0,247,0,0,36,37,32,15,4,0,127,0,3,29,29,26,19,3,4,116,0,0,5,7,5,0,0,0,24,0,3,8,9,9,11,0,0,38,16,38,99,83,60,47,13,11,362,116,294,767,636,560,393,100,41,2909,109,74,144,146,143,100,30,3,748,1137,267,104,113,104,97,50,8,1880,753,543,314,294,261
21205,13,14,4,0,0,45,0,8,13,15,16,18,5,0,72,675,970,1472,1134,1309,1255,353,53,7224,9,10,20,15,6,4,8,7,69,18,5,6,3,10,4,0,0,50,9,13,15,5,5,5,0,3,55,6,15,22,14,15,9,0,9,95,0,20,21,10,18,5,0,4,74,0,27,40,29,23,18,9,4,143,0,16,43,41,29,22,5,4,165,3,28,66,59,50,37,5,0,248,5,28,107,82,60,36,11,0,321,0,8,67,55,37,28,10,0,205,0,5,48,48,40,26,4,0,164,0,0,35,29,21,17,3,5,111,0,0,40,58,39,21,5,3,163,0,0,3,10,9,4,0,0,25,0,0,11,26,27,9,0,0,76,15,39,79,71,46,35,5,3,300,62,209,614,567,435,267,73,37,2271,92,72,124,126,114,76,31,14,643,1473,455,172,154,117,91,63,13,2540,905,966,354,299,279
21301,8,9,3,0,0,35,4,11,10,6,18,8,4,0,69,703,757,1459,1249,1265,1060,252,29,6770,3,8,14,11,9,6,7,0,59,19,7,0,8,4,0,0,0,35,6,7,9,3,0,8,4,0,37,3,13,11,6,6,4,4,0,54,3,10,15,10,10,8,6,0,66,7,18,17,23,12,15,0,0,86,3,15,38,25,37,20,0,0,138,0,25,71,43,28,18,3,0,185,0,13,56,55,38,21,3,0,186,0,6,44,39,32,21,8,0,149,0,6,25,34,26,7,3,0,103,0,5,29,23,11,5,0,0,70,0,0,17,10,15,6,3,0,54,0,0,5,3,0,0,0,0,8,0,3,7,0,5,3,0,5,32,14,28,57,36,33,29,5,3,198,58,164,414,331,280,161,52,14,1469,101,39,96,92,67,50,21,0,468,1268,187,84,106,68,44,23,3,1777,680,419,212,216,169
21302,8,12,9,0,0,39,0,4,6,3,4,8,7,0,37,398,396,848,713,624,580,127,18,3702,5,0,9,12,4,0,0,0,30,9,0,0,0,4,5,0,0,16,0,6,0,3,3,0,5,0,20,0,3,7,6,3,4,0,0,28,3,7,10,0,6,0,5,0,28,0,4,3,13,5,3,3,6,34,0,6,19,4,5,4,5,0,47,0,14,30,19,18,11,0,0,97,6,3,36,16,18,10,0,0,95,0,4,24,12,14,5,0,0,68,0,0,20,22,17,3,0,0,64,0,0,11,9,20,6,4,0,49,0,0,8,22,19,13,7,0,67,0,0,7,3,10,0,0,0,18,0,0,3,6,6,0,3,0,22,4,16,17,17,15,7,0,3,85,25,70,210,183,167,82,29,8,770,35,12,47,39,38,27,9,0,220,676,94,21,46,38,35,16,0,927,364,238,111,111,75
21303,10,8,4,0,0,21,0,3,9,5,7,6,4,0,37,394,509,805,617,647,577,159,12,3718,3,3,4,8,9,0,0,0,33,8,5,0,5,0,0,0,0,21,10,9,5,0,0,0,0,0,20,5,8,10,7,5,0,3,0,32,0,12,14,6,3,6,0,0,35,0,18,18,9,12,10,3,0,66,0,8,13,12,17,7,3,0,54,0,14,32,17,24,11,5,0,106,0,9,45,39,23,17,0,0,131,0,7,17,23,6,4,3,0,71,0,3,14,19,22,4,6,0,66,0,0,11,11,18,7,0,0,48,0,0,15,13,6,10,4,0,46,0,0,0,5,3,0,0,0,12,0,0,3,4,6,5,0,0,26,6,24,39,13,24,10,0,0,124,32,108,250,191,178,96,26,7,885,59,33,66,55,41,24,10,3,286,824,199,65,46,38,35,12,4,1220,480,449,179,122,94
21304,5,6,4,0,0,22,4,0,10,4,8,3,5,0,37,789,586,906,692,671,486,170,12,4309,0,0,10,12,12,6,0,0,37,9,5,0,3,0,0,0,0,23,7,4,6,3,5,3,0,0,35,3,4,6,12,10,9,0,0,41,6,9,8,0,0,5,0,0,27,0,15,13,12,15,8,4,0,69,0,17,18,17,9,8,0,0,69,0,14,38,28,22,6,3,0,111,0,15,46,33,24,19,3,0,130,0,0,31,37,18,9,0,0,94,0,0,17,20,6,4,0,0,60,0,0,6,7,4,4,0,0,27,0,0,17,16,8,3,0,0,46,0,0,3,0,4,0,0,0,8,0,4,3,0,3,0,0,0,16,6,17,36,22,24,5,4,0,116,40,101,246,226,163,88,26,13,908,79,24,62,77,70,49,10,5,378,1400,120,72,92,76,57,17,3,1829,785,370,194,190,127
21305,16,7,7,0,0,48,3,6,8,20,7,14,9,0,71,1074,1124,1989,1596,1497,1150,242,27,8698,12,6,20,18,10,5,0,0,75,23,5,0,12,8,0,3,0,48,18,13,14,8,5,4,3,0,65,8,17,22,12,9,4,0,0,70,4,23,16,13,12,3,0,7,75,7,18,22,20,12,12,5,0,103,4,21,59,49,27,14,9,0,168,3,45,105,55,48,28,9,0,292,3,24,94,89,43,37,9,0,290,6,8,61,63,32,18,7,0,188,0,0,41,51,25,23,9,5,151,0,0,26,31,30,9,3,0,104,0,0,27,45,25,14,4,0,116,0,0,5,3,5,4,0,0,23,0,0,0,15,8,0,0,0,30,8,47,84,71,26,12,0,3,261,96,226,598,548,326,182,48,19,2044,131,53,141,149,99,62,13,5,661,1815,241,152,163,83,57,32,6,2541,1169,605,377,377,218
21401,9,6,4,0,0,17,8,7,6,8,5,11,3,0,54,803,611,931,802,839,758,201,42,4985,5,0,13,9,12,10,0,3,48,21,0,4,0,0,0,0,0,34,3,8,0,3,5,0,6,0,30,4,9,0,9,3,0,6,0,29,4,9,0,7,0,4,0,3,32,4,10,13,7,6,5,0,3,50,0,6,26,17,12,9,5,0,80,0,10,35,22,24,11,8,0,122,0,0,36,24,23,14,3,0,113,0,5,19,17,14,9,7,3,75,0,6,16,14,17,11,8,0,69,0,7,5,12,6,8,3,0,43,0,0,15,18,10,6,3,0,50,0,0,0,5,0,0,0,0,9,0,3,4,4,7,4,0,0,22,4,16,30,28,40,22,0,0,141,47,95,223,197,187,117,40,20,930,65,22,60,79,69,56,14,7,373,1311,123,62,78,73,58,26,9,1733,779,356,158,157,151
21402,5,11,0,0,0,27,7,6,14,13,17,15,0,0,63,1020,744,1104,895,1190,974,281,55,6257,3,0,11,5,9,0,0,0,34,19,5,0,3,0,3,0,0,28,7,4,6,4,7,5,3,4,43,3,3,11,10,15,7,8,6,56,4,11,3,5,3,14,9,3,54,3,5,8,11,17,9,7,0,68,6,13,12,8,10,15,4,0,69,6,9,27,19,14,20,11,10,103,3,17,25,26,18,28,8,0,124,0,3,17,18,21,10,10,0,84,0,0,12,21,16,7,0,0,67,0,0,8,10,8,16,3,0,52,0,0,3,18,23,13,4,0,67,0,0,0,0,0,7,8,0,19,3,0,3,10,13,7,9,6,49,13,17,27,21,28,17,4,5,131,65,94,180,192,216,169,86,39,1041,84,17,65,70,98,76,21,5,437,1991,155,51,73,66,82,56,22,2487,904,420,186,203,191
21501,4,4,0,0,0,14,6,4,10,4,8,12,5,0,43,446,406,834,473,569,655,202,35,3617,0,3,5,3,0,5,3,0,21,12,3,0,0,0,0,3,5,20,6,0,4,0,3,4,0,0,17,3,3,5,0,0,4,8,5,22,0,0,3,0,3,10,0,5,21,3,0,8,5,4,10,9,3,32,5,3,7,7,10,5,5,4,51,0,4,25,7,9,14,5,4,74,0,5,13,18,11,12,6,0,57,0,0,12,8,10,6,0,0,35,0,0,13,6,7,7,3,0,30,0,0,3,5,11,6,0,0,23,0,0,6,3,10,6,0,0,21,0,0,0,4,0,0,0,0,4,0,0,0,4,4,0,4,0,9,0,3,14,4,14,7,4,7,56,26,31,107,67,90,88,45,45,501,38,15,28,33,35,60,33,10,252,515,27,31,25,38,59,26,11,722,281,64,75,75,87
21502,0,4,3,0,0,15,0,3,7,11,12,4,3,0,38,352,303,708,533,560,561,157,19,3189,5,7,4,6,10,0,0,0,26,16,5,0,0,4,0,0,0,23,0,0,8,0,3,3,0,0,14,0,9,13,5,6,6,4,5,38,3,3,7,5,6,5,3,5,27,0,5,7,5,14,0,4,0,39,3,11,16,8,8,9,3,3,61,0,13,16,16,14,9,3,0,75,0,4,19,14,13,12,3,0,67,0,3,7,15,13,5,0,0,44,0,0,3,5,6,6,0,4,28,0,0,4,3,8,5,0,0,16,0,0,6,5,4,4,0,4,24,0,0,0,0,3,0,0,0,10,0,0,0,0,0,0,0,0,0,6,3,11,10,15,10,7,4,61,25,65,117,90,125,72,27,27,557,37,11,29,27,32,35,21,7,190,578,32,28,21,24,21,10,9,720,289,75,84,88,57
21503,0,5,4,0,0,9,7,4,3,4,9,4,3,6,42,223,258,608,480,436,480,141,30,2657,0,0,3,9,3,9,0,0,24,10,0,0,0,0,0,0,0,19,3,0,0,0,0,7,3,0,13,0,0,0,0,0,0,3,3,21,0,0,10,15,7,5,0,0,42,0,0,9,5,0,4,3,3,29,0,0,10,9,3,3,3,0,37,5,3,15,15,5,3,3,0,52,0,3,8,13,6,3,9,3,49,0,0,5,11,4,5,5,0,27,0,0,5,3,5,0,0,0,15,0,0,0,3,4,6,0,0,8,0,0,0,4,0,0,0,0,6,0,0,0,0,0,0,0,0,3,0,0,0,0,0,0,0,0,4,0,3,9,8,11,12,9,7,60,22,20,88,78,60,55,36,31,393,34,12,19,37,38,53,22,7,219,292,18,20,21,38,23,12,6,424,163,39,49,61,52
21601,5,3,3,0,0,12,0,3,0,0,10,9,6,0,36,273,216,382,387,465,447,133,22,2324,9,0,5,0,4,0,0,0,15,7,0,0,0,0,0,0,4,12,5,3,0,0,0,0,0,0,11,3,4,4,0,3,4,0,3,22,0,0,0,3,0,5,4,0,12,0,3,3,6,8,7,3,0,26,0,5,5,0,4,5,3,0,25,0,0,6,4,10,14,5,0,36,0,0,6,9,5,7,0,0,31,0,0,0,5,8,0,0,0,10,0,0,5,9,7,0,0,0,21,0,0,0,6,0,4,0,0,11,0,0,0,0,0,4,3,0,10,0,0,0,0,0,0,0,0,0,0,0,0,0,0,0,0,0,6,0,3,9,8,5,8,0,8,42,23,22,50,41,55,62,27,30,308,31,9,21,22,35,44,14,0,172,504,14,13,20,37,44,18,3,654,190,29,51,54,66
21602,0,0,0,0,6,9,0,4,0,3,3,0,3,0,30,210,172,413,313,351,373,89,10,1939,3,0,0,0,0,0,0,0,9,9,0,0,0,0,0,0,0,6,3,0,4,0,0,0,3,0,14,0,0,0,0,0,0,0,3,8,0,0,6,0,0,9,0,0,14,4,0,6,3,0,3,0,0,21,3,0,7,4,0,0,0,0,25,0,0,0,4,8,4,0,0,19,0,4,3,3,0,4,4,0,19,0,0,3,4,5,0,0,0,15,0,0,0,0,3,4,0,0,12,0,0,0,3,0,0,0,0,11,0,0,3,0,3,3,0,0,7,0,0,0,0,0,0,0,0,0,0,0,0,0,0,0,0,0,4,0,0,12,0,3,0,0,0,25,23,16,47,33,35,42,20,13,215,21,0,13,21,40,47,18,0,164,317,13,5,10,20,24,7,5,405,143,29,39,39,42
21603,8,3,3,0,0,13,5,0,8,9,12,11,8,0,56,437,410,845,715,785,681,206,23,4101,6,0,4,5,4,4,0,0,22,17,0,0,0,0,0,0,0,20,3,3,0,3,3,3,0,5,24,0,0,3,3,5,10,0,3,27,0,4,4,0,7,4,5,7,34,5,8,10,10,6,10,9,0,52,3,10,9,11,11,10,5,0,62,4,7,20,14,13,8,9,0,80,7,0,18,19,13,16,3,0,79,0,0,13,13,11,9,0,0,45,0,0,8,13,4,5,3,0,32,0,0,5,6,11,7,0,0,34,0,0,3,4,7,7,0,0,22,0,0,0,3,0,0,0,0,3,0,0,0,0,0,0,3,3,6,4,4,15,16,18,7,3,6,75,42,50,124,126,112,95,40,29,615,52,14,27,34,50,35,31,3,252,729,36,28,29,31,30,22,4,909,340,108,79,91,81
21701,3,0,8,0,0,18,6,3,3,0,10,0,0,0,25,257,210,308,286,360,424,128,22,1992,3,0,4,5,0,0,0,0,18,12,0,0,0,0,0,0,0,17,4,3,0,0,0,3,0,0,12,0,0,0,0,0,0,5,0,9,4,0,4,0,0,4,3,7,21,0,0,0,0,6,10,3,5,22,0,0,7,3,7,3,0,0,23,0,5,9,4,3,8,6,3,35,0,3,6,6,4,6,0,4,28,0,0,4,0,4,4,0,0,22,0,0,5,6,3,0,0,3,23,0,0,0,3,4,3,3,0,20,0,0,8,3,13,7,0,0,26,0,0,0,0,5,0,0,0,10,0,0,0,0,0,0,0,4,3,6,0,3,9,8,3,0,3,28,22,17,45,57,61,47,22,30,307,18,5,23,21,40,25,19,9,157,394,11,19,19,24,45,20,6,541,141,31,63,59,59
21703,0,0,0,3,0,8,3,6,8,8,6,6,3,0,42,357,353,733,489,489,478,161,30,3090,0,0,0,0,0,0,3,3,8,7,0,3,0,0,0,0,0,15,6,0,0,0,0,0,3,0,18,3,0,0,0,5,5,0,0,13,0,0,0,0,4,3,0,3,15,0,0,0,6,0,8,5,0,24,5,3,3,3,3,4,0,0,21,0,3,14,3,7,5,0,0,35,0,0,10,5,9,4,10,0,47,0,0,3,10,6,0,0,0,22,0,0,4,7,9,3,0,0,20,0,0,0,3,0,3,0,6,15,0,0,0,0,3,4,4,0,12,0,0,0,0,0,0,0,0,3,0,0,0,0,4,3,0,0,4,3,3,3,6,15,4,10,8,51,27,23,56,49,68,49,39,19,321,22,6,23,37,28,41,32,13,203,449,10,17,33,17,39,30,12,610,194,42,69,67,88
21704,4,4,3,6,0,15,0,5,16,4,10,9,5,0,49,441,346,684,505,530,567,168,24,3262,4,0,3,7,4,5,6,0,21,12,0,0,0,0,0,0,0,13,0,0,4,4,0,3,4,0,24,0,0,0,0,0,0,6,0,12,5,0,8,0,4,3,0,0,18,4,3,4,0,3,4,4,0,28,0,6,5,7,3,8,5,0,37,0,8,16,9,5,10,3,7,64,0,3,10,12,15,14,6,0,51,0,0,4,12,8,3,0,0,31,0,4,0,4,7,0,3,0,27,0,0,3,0,5,8,0,0,20,0,0,3,3,5,4,0,0,24,0,0,0,0,0,0,0,0,3,0,0,0,0,0,6,0,0,10,0,5,14,3,4,0,0,0,37,35,39,80,65,83,63,37,19,418,36,7,26,21,33,29,30,0,183,720,29,22,28,28,41,26,10,907,329,73,78,75,76
29797,0,0,4,0,0,5,0,0,0,0,0,0,0,0,0,3,0,9,6,12,14,0,0,48,0,0,0,0,0,0,0,0,0,0,0,0,0,0,0,0,0,0,0,0,0,0,0,0,0,0,0,0,0,0,0,0,0,0,0,0,0,0,0,0,0,0,0,0,0,0,0,0,0,0,0,0,0,0,0,0,0,0,0,0,0,0,0,0,0,0,0,0,0,0,0,0,0,0,0,0,0,0,0,0,0,0,0,0,0,0,0,0,0,0,0,0,0,0,0,0,0,0,0,0,0,0,0,0,0,0,0,0,0,0,0,0,0,0,0,0,4,0,0,0,0,0,0,0,0,0,0,0,0,0,0,0,0,0,4,0,0,0,0,0,0,0,0,0,0,0,0,4,3,0,0,0,5,0,0,0,0,0,0,0,0,0,0,0,0,0,0,0,0,0,0,0,0,0,0,0
29999,57,45,29,7,3,178,9,22,55,48,62,67,20,8,283,975,2021,4700,4263,4917,4430,1337,165,22816,16,18,30,25,31,23,6,8,159,40,7,13,7,7,12,3,0,89,12,14,23,16,20,10,8,3,106,9,18,36,27,29,21,14,7,163,16,28,29,27,45,22,11,8,180,8,38,46,33,40,46,17,9,234,10,29,70,55,44,56,17,9,291,5,58,89,81,60,59,24,13,391,8,33,116,101,80,38,14,11,399,0,7,107,76,54,48,9,0,308,0,5,85,70,64,30,16,8,283,0,6,40,59,53,13,9,4,182,0,5,36,58,59,23,6,0,195,0,0,7,19,10,10,4,0,45,0,5,9,36,25,9,7,5,102,15,58,95,85,89,59,14,20,437,138,330,841,763,716,486,189,120,3580,134,131,258,267,268,194,84,36,1362,1157,519,307,325,306,313,128,34,3096,614,872,659,621,692
