POW_SA3_CODE_2021,IE_Mng_OMEs_Nil_e,IE_Mng_OMEs_1_19_e,IE_Mng_OMEs_20mo_e,IE_Mng_OMEs_NE_NS,IE_Mng_Tot,IE_Pro_OMEs_Nil_e,IE_Pro_OMEs_1_19_e,IE_Pro_OMEs_20mo_e,IE_Pro_OMEs_NE_NS,IE_Pro_Tot,IE_TecTW_OMEs_Nil_e,IE_TecTW_OMEs_1_19_e,IE_TecTW_OMEs_20mo_e,IE_TecTW_OMEs_NE_NS,IE_TecTW_Tot,IE_CoPSW_OMEs_Nil_e,IE_CoPSW_OMEs_1_19_e,IE_CoPSW_OMEs_20mo_e,IE_CoPSW_OMEs_NE_NS,IE_CoPSW_Tot,IE_ClAW_OMEs_Nil_e,IE_ClAW_OMEs_1_19_e,IE_ClAW_OMEs_20mo_e,IE_ClAW_OMEs_NE_NS,IE_ClAW_Tot,IE_SWs_OMEs_Nil_e,IE_SWs_OMEs_1_19_e,IE_SWs_OMEs_20mo_e,IE_SWs_OMEs_NE_NS,IE_SWs_Tot,IE_MaOpD_OMEs_Nil_e,IE_MaOpD_OMEs_1_19_e,IE_MaOpD_OMEs_20mo_e,IE_MaOpD_OMEs_NE_NS,IE_MaOpD_Tot,IE_Lab_OMEs_Nil_e,IE_Lab_OMEs_1_19_e,IE_Lab_OMEs_20mo_e,IE_Lab_OMEs_NE_NS,IE_Lab_Tot,IE_IDNS_OMEs_Nil_e,IE_IDNS_OMEs_1_19_e,IE_IDNS_OMEs_20mo_e,IE_IDNS_OMEs_NE_NS,IE_IDNS_Tot,IE_Tot_OMEs_Nil_e,IE_Tot_OMEs_1_19_e,IE_Tot_OMEs_20mo_e,IE_Tot_OMEs_NE_NS,IE_Tot_Tot,UIE_Mng_OMEs_Nil_e,UIE_Mng_OMEs_1_19_e,UIE_Mng_OMEs_20mo_e,UIE_Mng_OMEs_NE_NS,UIE_Mng_Tot,UIE_Pro_OMEs_Nil_e,UIE_Pro_OMEs_1_19_e,UIE_Pro_OMEs_20mo_e,UIE_Pro_OMEs_NE_NS,UIE_Pro_Tot,UIE_TecTW_OMEs_Nil_e,UIE_TecTW_OMEs_1_19_e,UIE_TecTW_OMEs_20mo_e,UIE_TecTW_OMEs_NE_NS,UIE_TecTW_Tot,UIE_CoPSW_OMEs_Nil_e,UIE_CoPSW_OMEs_1_19_e,UIE_CoPSW_OMEs_20mo_e,UIE_CoPSW_OMEs_NE_NS,UIE_CoPSW_Tot,UIE_ClAW_OMEs_Nil_e,UIE_ClAW_OMEs_1_19_e,UIE_ClAW_OMEs_20mo_e,UIE_ClAW_OMEs_NE_NS,UIE_ClAW_Tot,UIE_SWs_OMEs_Nil_e,UIE_SWs_OMEs_1_19_e,UIE_SWs_OMEs_20mo_e,UIE_SWs_OMEs_NE_NS,UIE_SWs_Tot,UIE_MaOpD_OMEs_Nil_e,UIE_MaOpD_OMEs_1_19_e,UIE_MaOpD_OMEs_20mo_e,UIE_MaOpD_OMEs_NE_NS,UIE_MaOpD_Tot,UIE_Lab_OMEs_Nil_e,UIE_Lab_OMEs_1_19_e,UIE_Lab_OMEs_20mo_e,UIE_Lab_OMEs_NE_NS,UIE_Lab_Tot,UIE_IDNS_OMEs_Nil_e,UIE_IDNS_OMEs_1_19_e,UIE_IDNS_OMEs_20mo_e,UIE_IDNS_OMEs_NE_NS,UIE_IDNS_Tot,UIE_Tot_OMEs_Nil_e,UIE_Tot_OMEs_1_19_e,UIE_Tot_OMEs_20mo_e,UIE_Tot_OMEs_NE_NS,UIE_Tot_Tot,Tot_Mng_OMEs_Nil_e,Tot_Mng_OMEs_1_19_e,Tot_Mng_OMEs_20mo_e,Tot_Mng_OMEs_NE_NS,Tot_Mng_Tot,Tot_Pro_OMEs_Nil_e,Tot_Pro_OMEs_1_19_e,Tot_Pro_OMEs_20mo_e,Tot_Pro_OMEs_NE_NS,Tot_Pro_Tot,Tot_TecTW_OMEs_Nil_e,Tot_TecTW_OMEs_1_19_e,Tot_TecTW_OMEs_20mo_e,Tot_TecTW_OMEs_NE_NS,Tot_TecTW_Tot,Tot_CoPSW_OMEs_Nil_e,Tot_CoPSW_OMEs_1_19_e,Tot_CoPSW_OMEs_20mo_e,Tot_CoPSW_OMEs_NE_NS,Tot_CoPSW_Tot,Tot_ClAW_OMEs_Nil_e,Tot_ClAW_OMEs_1_19_e,Tot_ClAW_OMEs_20mo_e,Tot_ClAW_OMEs_NE_NS,Tot_ClAW_Tot,Tot_SWs_OMEs_Nil_e,Tot_SWs_OMEs_1_19_e,Tot_SWs_OMEs_20mo_e,Tot_SWs_OMEs_NE_NS,Tot_SWs_Tot,Tot_MaOpD_OMEs_Nil_e,Tot_MaOpD_OMEs_1_19_e,Tot_MaOpD_OMEs_20mo_e,Tot_MaOpD_OMEs_NE_NS,Tot_MaOpD_Tot,Tot_Lab_OMEs_Nil_e,Tot_Lab_OMEs_1_19_e,Tot_Lab_OMEs_20mo_e,Tot_Lab_OMEs_NE_NS,Tot_Lab_Tot,Tot_IDNS_OMEs_Nil_e,Tot_IDNS_OMEs_1_19_e,Tot_IDNS_OMEs_20mo_e,Tot_IDNS_OMEs_NE_NS,Tot_IDNS_Tot,Tot_Tot_OMEs_Nil_e,Tot_Tot_OMEs_1_19_e,Tot_Tot_OMEs_20mo_e,Tot_Tot_OMEs_NE_NS,Tot_Tot_Tot
20101,135,702,228,0,1062,270,365,71,3,706,197,392,18,0,605,31,45,9,0,84,85,219,30,0,329,44,88,24,0,155,75,69,14,0,155,63,54,3,0,123,17,22,3,8,42,905,1958,394,14,3278,185,142,13,0,337,669,123,22,3,820,587,165,0,0,758,268,36,0,0,307,113,25,4,0,145,72,19,3,0,96,132,18,0,0,148,192,67,0,3,258,26,8,0,0,31,2253,597,44,14,2904,317,847,237,0,1400,942,488,88,4,1525,781,557,24,3,1370,303,84,9,0,396,190,245,29,0,468,118,107,23,0,255,210,81,17,0,304,250,120,6,0,384,46,23,3,10,78,3162,2558,439,26,6182
20102,128,283,31,4,444,96,77,0,0,168,62,86,3,0,153,8,5,0,0,19,23,46,0,0,76,11,19,0,0,27,24,28,0,0,52,17,21,0,0,38,15,5,0,0,17,377,570,40,16,994,305,104,0,5,420,237,25,4,6,277,213,55,0,0,271,82,4,0,0,86,48,15,0,0,64,44,4,0,0,51,40,3,0,0,41,107,13,0,6,128,14,6,0,0,18,1087,234,9,19,1354,433,391,30,8,863,330,105,6,6,445,274,141,3,3,421,92,12,0,3,105,67,63,9,0,139,57,24,0,0,79,62,28,0,3,96,119,35,0,6,160,31,5,0,0,38,1465,801,47,31,2347
20103,70,186,21,3,279,19,30,0,0,49,33,56,4,0,97,8,3,0,0,9,15,44,0,0,56,4,12,0,0,16,16,13,0,0,26,7,15,0,0,23,0,6,0,0,4,169,360,28,5,565,177,143,0,11,331,65,18,0,0,85,128,39,0,0,164,40,7,0,4,44,29,8,0,0,31,13,11,0,0,27,26,3,0,0,34,42,9,0,0,51,13,0,0,0,13,531,227,0,22,779,246,325,19,12,611,82,43,0,0,131,165,95,4,0,262,40,8,0,4,53,38,52,0,3,92,19,21,0,0,43,38,13,0,0,60,55,26,0,0,79,15,6,0,0,20,698,591,29,24,1342
20201,94,570,164,0,827,154,321,71,0,545,124,267,17,0,402,14,45,3,0,66,55,200,42,0,291,26,62,25,0,115,53,52,3,0,109,36,55,9,0,104,19,12,6,0,35,578,1586,338,6,2504,154,154,10,4,324,457,117,4,0,580,476,173,0,3,648,244,14,7,0,264,82,33,0,0,119,59,15,0,0,75,117,12,0,0,132,182,54,0,0,237,25,7,0,0,38,1788,588,24,7,2407,254,725,174,4,1151,613,439,79,0,1125,601,435,20,5,1056,260,63,6,0,325,133,234,37,0,407,80,80,26,0,194,169,64,7,0,242,220,109,9,0,338,43,23,6,0,75,2361,2172,363,10,4912
20202,124,371,44,4,547,179,141,11,4,341,72,116,0,0,189,13,11,0,0,28,55,78,7,0,141,7,45,5,0,60,25,24,0,0,52,31,25,0,0,50,16,7,5,0,31,518,815,81,11,1429,312,163,4,13,492,589,60,9,0,655,404,105,0,3,517,174,7,0,0,184,74,28,0,0,91,53,13,0,0,64,51,9,0,0,59,131,18,0,3,159,18,4,0,0,25,1805,407,9,22,2243,440,531,50,21,1041,768,206,21,4,992,476,213,0,3,704,187,18,0,0,212,124,106,7,0,233,60,55,4,0,125,72,34,0,4,111,159,46,0,0,204,33,13,5,0,54,2321,1217,96,36,3674
20203,94,137,15,3,247,3,16,0,0,21,13,22,4,0,32,0,0,0,0,0,4,16,0,0,24,0,9,3,0,12,8,13,0,0,18,10,5,0,0,10,0,0,0,0,0,133,212,25,4,371,272,139,0,3,416,25,6,0,0,26,60,15,0,0,75,14,0,0,0,14,11,5,0,0,16,12,0,0,0,12,11,0,0,0,15,22,3,0,0,28,3,0,0,0,7,441,165,0,3,609,368,276,15,8,664,29,17,0,0,46,78,35,4,0,111,14,0,0,0,14,16,18,0,0,41,17,9,3,0,24,25,12,0,0,39,27,6,0,0,39,4,0,0,0,4,571,377,25,8,976
20301,87,135,17,3,238,42,40,3,0,81,50,60,0,0,108,4,4,0,0,12,22,46,6,0,80,0,15,0,0,15,18,17,0,0,35,9,16,3,0,35,0,6,0,0,9,243,329,27,5,603,172,74,0,0,243,95,9,0,0,105,161,23,0,0,188,46,0,0,0,50,26,5,0,0,28,9,5,0,0,16,17,3,0,0,20,48,12,0,0,57,6,5,0,0,13,580,131,0,5,722,258,209,17,3,481,132,44,3,0,190,202,81,4,4,289,50,6,0,0,59,52,54,6,0,109,12,14,0,0,29,37,21,0,0,59,59,32,3,0,91,10,8,0,0,24,819,465,32,7,1325
20302,310,1283,357,3,1954,428,698,94,4,1221,359,692,35,5,1083,56,97,17,0,177,172,344,27,9,548,67,166,32,0,264,140,101,22,0,264,105,148,9,0,260,27,66,12,0,105,1672,3587,613,19,5885,380,246,30,0,648,1278,285,12,3,1578,1124,312,0,3,1439,563,69,5,4,638,206,61,0,0,267,110,42,5,0,155,323,22,0,0,341,363,78,0,8,451,82,9,0,0,92,4424,1113,54,18,5607,686,1528,382,3,2605,1710,983,107,3,2807,1483,1001,35,10,2525,624,165,19,7,815,371,407,30,9,813,182,205,33,3,421,465,117,21,0,609,472,224,17,8,703,103,76,12,6,199,6094,4703,660,35,11490
20303,228,593,82,5,910,328,310,14,4,655,182,271,10,0,461,26,41,0,0,73,105,121,20,0,251,48,71,14,0,129,20,13,0,0,39,43,69,0,0,115,22,24,5,0,53,1008,1520,146,11,2684,254,129,10,4,396,805,82,10,4,893,665,138,0,11,808,284,22,0,0,310,120,19,0,4,142,64,25,0,0,87,39,10,0,0,47,175,42,0,0,219,33,8,0,0,41,2445,466,17,21,2957,484,728,85,11,1305,1135,388,23,6,1547,844,408,10,14,1273,317,66,0,0,381,227,140,19,4,391,111,98,14,0,218,63,23,0,0,81,225,108,0,0,337,60,27,5,0,96,3457,1989,159,32,5640
20401,175,444,59,7,683,104,145,10,5,256,110,172,3,4,285,13,11,6,0,31,54,113,9,3,173,25,43,4,0,75,51,44,3,0,96,40,47,5,0,88,16,9,3,0,22,585,1017,93,21,1713,496,228,3,16,734,226,50,4,0,287,433,130,3,8,566,133,13,4,0,149,68,32,0,0,97,50,21,0,0,70,74,7,0,0,85,175,37,0,5,209,30,3,0,0,35,1673,516,14,29,2239,668,671,59,22,1423,330,195,17,3,546,544,295,4,12,852,145,26,12,0,186,122,137,9,3,270,73,60,7,0,145,123,51,3,5,174,207,86,5,3,298,41,11,3,0,60,2254,1536,108,55,3947
20402,133,375,52,6,571,72,136,8,0,215,84,145,10,0,244,14,18,3,0,41,42,96,10,0,151,22,38,10,0,69,25,34,0,0,62,25,32,0,0,58,11,3,0,0,17,421,879,103,11,1421,449,195,6,9,658,171,67,4,0,241,317,107,0,0,426,110,10,0,0,120,53,31,0,0,80,24,16,0,0,41,53,10,0,0,60,120,31,0,3,153,24,11,0,0,28,1306,476,18,17,1815,585,567,64,13,1229,242,202,12,0,459,401,251,10,4,665,123,27,0,0,158,91,126,14,0,232,43,53,10,0,107,75,48,6,0,126,146,60,3,5,209,27,12,0,0,43,1732,1355,118,29,3235
20403,168,596,126,10,904,136,194,19,0,356,112,218,6,5,345,10,19,3,0,37,64,145,13,0,221,15,68,10,3,98,40,49,0,0,85,36,56,5,0,96,10,19,4,0,41,590,1367,190,19,2170,553,279,6,17,855,363,66,6,0,432,484,153,0,10,647,172,23,3,0,203,66,40,0,0,116,46,18,0,0,66,78,14,0,0,91,182,40,0,0,222,41,8,0,6,54,1981,644,22,32,2673,726,872,135,24,1760,497,254,32,4,785,597,371,10,9,987,186,48,5,0,238,135,185,13,0,337,60,90,10,0,164,112,65,0,0,178,211,92,5,0,315,50,25,4,5,87,2568,2012,206,52,4846
20501,126,390,67,3,584,104,151,28,0,281,97,162,4,4,268,10,21,0,0,38,52,115,4,6,178,24,57,0,0,85,35,31,0,0,64,33,39,3,0,83,5,11,0,0,22,486,988,108,13,1598,396,235,3,14,645,272,39,8,0,320,335,113,0,0,446,110,20,0,0,137,73,24,0,3,98,40,12,0,0,54,56,0,0,4,64,135,36,0,0,169,25,9,0,3,34,1439,490,13,29,1971,516,622,66,19,1233,372,190,36,0,602,433,280,4,7,719,122,45,0,0,169,124,139,7,4,278,64,73,7,0,141,90,39,0,4,131,169,72,3,5,249,32,19,0,3,49,1927,1477,126,41,3572
20502,113,298,53,5,470,43,94,11,3,157,61,126,3,3,189,17,18,3,0,39,40,97,10,0,139,14,48,4,0,62,23,29,0,0,51,20,39,0,0,69,0,9,0,0,12,330,756,85,14,1187,349,189,3,8,555,180,32,9,0,214,316,96,0,8,421,114,14,0,3,136,57,33,0,4,93,37,16,0,4,49,45,9,0,0,57,108,32,0,3,143,19,6,0,0,27,1230,435,8,28,1704,461,484,60,20,1024,222,128,14,4,372,378,224,3,10,613,131,37,3,3,173,98,127,10,3,235,54,59,4,4,115,67,37,0,0,107,127,75,3,4,211,21,20,0,5,43,1558,1190,99,42,2886
20503,229,537,62,12,839,141,161,25,0,331,106,168,3,4,278,19,30,0,0,48,88,136,8,3,238,19,73,9,3,105,36,40,0,0,74,37,55,0,0,94,11,7,0,0,28,686,1208,112,28,2035,800,407,4,29,1233,421,74,12,3,508,540,162,0,0,703,213,22,0,8,235,95,43,0,0,138,66,19,0,0,82,70,21,0,0,88,231,49,4,4,284,44,11,0,0,52,2467,797,16,44,3322,1028,945,66,33,2073,564,237,32,5,836,643,323,3,8,979,231,53,0,8,281,179,181,8,8,375,82,97,9,3,187,108,55,0,0,163,264,101,0,3,381,53,17,5,0,77,3159,2003,129,72,5358
20504,56,314,86,0,455,74,129,28,4,236,62,172,8,0,247,9,17,0,0,33,34,125,17,0,173,5,52,9,0,73,41,32,4,0,73,16,48,8,0,77,5,18,0,0,23,312,908,156,7,1385,183,123,3,0,306,206,50,5,0,261,319,139,0,4,457,159,17,0,0,181,60,29,0,0,95,31,10,0,3,44,43,13,0,5,61,115,28,0,4,156,19,9,0,0,31,1130,427,14,16,1590,238,436,88,4,763,280,177,30,8,495,379,311,9,3,703,167,37,3,0,211,96,154,20,0,268,41,62,9,3,113,85,50,4,5,134,134,80,10,9,226,26,29,0,0,55,1441,1333,165,22,2968
20505,88,282,50,3,422,35,83,21,0,137,38,91,7,0,129,5,15,0,0,24,18,63,11,0,89,17,37,7,0,57,23,19,4,0,49,20,21,0,0,45,7,5,4,0,15,252,613,98,4,969,390,297,3,8,702,144,37,3,0,182,262,118,0,5,376,129,11,0,0,145,43,33,0,0,81,46,14,0,0,62,45,15,0,0,58,107,31,0,0,134,13,5,0,4,26,1179,553,11,19,1760,478,576,55,15,1119,186,115,26,0,321,293,208,7,3,509,138,28,0,0,167,65,94,8,0,162,62,50,8,0,117,72,33,4,0,109,121,49,5,0,177,21,15,4,4,42,1431,1163,104,27,2725
20601,193,533,133,0,855,351,397,24,4,774,154,204,4,0,362,43,38,6,0,83,51,80,6,0,138,29,73,10,0,113,22,10,0,0,34,38,32,0,0,74,19,22,0,0,41,901,1389,176,9,2468,179,109,0,0,293,1455,142,4,5,1602,410,88,0,0,493,248,19,0,0,275,69,6,0,0,81,59,11,0,0,73,102,6,0,0,110,118,23,0,0,143,37,5,0,0,48,2686,414,5,6,3119,370,642,135,0,1153,1803,541,27,6,2375,560,290,4,0,850,289,61,4,0,358,119,89,6,0,216,89,84,8,0,189,123,17,0,0,142,160,53,0,0,214,57,28,0,0,89,3582,1799,187,15,5582
20602,133,443,79,3,655,245,226,7,0,479,94,149,11,0,251,17,27,3,0,43,39,54,6,0,99,21,42,4,0,63,11,8,0,0,25,24,34,0,0,56,14,10,0,0,23,587,997,105,6,1697,111,68,4,0,180,1006,90,3,0,1107,285,62,0,0,348,172,14,0,0,183,49,12,0,0,64,37,10,0,0,51,44,3,0,0,46,63,8,0,0,73,30,6,0,0,33,1792,278,12,4,2085,240,510,80,4,839,1252,319,10,0,1585,384,214,11,0,600,187,40,3,0,227,91,69,5,0,159,58,52,4,0,113,50,13,0,0,67,87,41,0,0,129,37,13,3,4,61,2378,1273,120,8,3785
20603,193,392,74,6,666,303,412,32,0,752,108,157,5,0,270,36,57,7,0,96,66,93,5,0,161,39,36,14,6,87,20,9,0,0,29,30,24,0,0,56,20,18,0,0,35,810,1202,141,5,2156,89,64,0,0,153,659,152,8,0,820,257,70,0,0,335,195,18,4,0,216,61,6,0,0,75,50,19,3,0,65,51,0,0,0,56,85,10,0,0,90,29,7,0,0,38,1479,349,26,3,1853,279,457,79,6,820,959,571,42,5,1573,366,231,8,0,607,229,69,9,0,318,124,104,8,0,236,87,53,16,6,156,75,9,4,0,83,116,35,0,0,148,49,24,0,0,72,2287,1552,163,14,4009
20604,773,2939,982,17,4705,1706,2657,905,7,5277,260,490,50,6,805,63,159,35,0,254,188,316,62,0,574,200,354,80,0,628,165,29,9,3,206,121,96,16,0,236,156,146,34,4,348,3628,7201,2174,35,13039,444,264,74,0,780,4014,957,1022,9,6004,694,122,4,5,823,437,45,3,0,486,237,37,23,0,294,197,39,3,0,244,393,3,4,0,405,316,45,0,0,358,247,33,20,5,305,6979,1537,1154,24,9692,1214,3206,1056,13,5486,5722,3614,1933,12,11286,958,608,54,5,1626,494,209,33,0,741,424,353,85,0,867,400,395,79,0,876,559,30,15,3,607,431,142,16,0,584,404,175,59,15,644,10608,8734,3328,57,22725
20605,525,1632,514,7,2666,1010,1146,149,3,2308,198,277,18,3,494,80,96,9,0,184,197,191,29,0,416,125,196,28,0,352,199,21,16,0,238,55,59,7,0,128,79,67,7,7,155,2467,3674,787,19,6939,306,157,32,0,491,1653,248,23,0,1927,576,89,0,3,664,397,34,0,0,428,196,18,0,0,212,117,28,5,0,145,388,0,11,0,403,226,28,0,3,258,83,14,0,0,100,3924,615,83,6,4624,824,1787,544,7,3161,2664,1391,180,7,4233,773,368,18,6,1159,474,128,5,0,613,387,212,33,0,633,244,223,33,0,499,583,21,35,0,638,281,87,14,3,385,159,80,10,4,254,6392,4288,865,27,11568
20606,327,893,216,6,1443,563,632,80,0,1274,115,180,3,0,301,52,78,10,0,142,49,87,17,0,150,101,112,40,0,252,20,8,0,0,23,32,34,10,0,73,39,44,15,3,102,1294,2067,384,11,3753,153,99,13,0,269,1062,194,28,0,1277,336,72,0,0,412,231,22,0,0,252,66,8,0,0,75,55,19,10,0,76,51,0,0,0,49,108,14,0,0,126,39,3,0,3,48,2102,431,49,5,2591,481,993,229,9,1710,1623,824,104,0,2549,458,255,3,0,713,281,101,10,0,390,118,95,17,0,227,154,130,48,0,335,67,8,0,0,75,141,49,10,0,199,79,47,17,7,151,3399,2498,433,13,6343
20607,376,1613,579,5,2577,751,1217,141,0,2113,151,308,25,0,487,73,76,12,0,160,81,130,30,0,236,94,154,30,0,272,30,19,0,0,49,36,43,0,3,90,39,51,15,0,109,1626,3614,837,12,6087,262,195,23,0,471,2117,350,21,0,2488,501,114,4,4,626,367,25,3,0,403,111,15,0,0,124,105,18,0,0,135,111,0,0,0,111,175,20,0,0,194,66,6,0,0,77,3813,750,50,9,4623,636,1808,600,5,3045,2870,1567,163,0,4602,648,429,26,3,1106,438,105,19,0,561,186,144,25,0,355,195,173,30,0,406,137,21,0,0,164,213,62,0,3,279,109,62,17,3,189,5440,4362,891,18,10709
20701,718,1493,357,8,2574,1270,1411,152,5,2840,253,353,16,0,622,84,102,7,0,190,221,279,18,3,524,197,208,32,0,433,32,18,0,0,50,51,54,4,0,110,107,75,14,3,193,2929,3993,598,19,7535,393,140,27,0,553,2009,389,40,7,2442,550,137,0,0,692,423,52,0,6,478,215,29,0,0,246,124,26,0,0,146,143,0,0,0,143,220,21,3,0,248,104,9,4,3,117,4173,800,72,18,5060,1103,1634,382,9,3126,3282,1797,195,13,5279,806,493,16,0,1311,504,149,7,6,662,435,306,21,5,767,317,232,38,0,586,177,19,0,0,198,272,75,4,0,352,207,85,13,5,309,7102,4792,667,32,12596
20702,271,512,69,5,851,349,364,21,0,728,144,177,9,0,325,40,50,4,0,92,91,123,9,0,228,92,74,12,0,179,32,6,0,0,41,53,38,0,0,90,31,26,5,0,58,1100,1375,130,6,2606,127,50,5,0,183,693,107,16,3,814,306,70,0,0,381,192,22,0,0,215,95,12,0,0,110,78,12,0,0,88,128,4,0,0,131,122,23,0,0,139,43,3,0,0,44,1772,304,19,5,2097,397,560,78,0,1041,1039,469,32,4,1541,447,251,6,0,708,230,66,3,0,306,190,143,9,0,343,170,85,12,0,266,156,12,0,0,167,168,58,0,0,227,71,26,5,0,100,2877,1679,150,9,4703
20703,284,749,96,0,1137,483,515,40,0,1040,149,246,9,6,411,36,57,0,0,88,101,145,19,0,267,92,128,21,0,239,43,14,3,0,59,54,34,3,0,92,32,29,0,0,64,1278,1923,190,6,3403,141,83,9,0,231,967,158,13,0,1134,389,73,0,0,465,240,26,0,0,266,128,10,5,0,140,87,12,0,0,97,138,7,0,0,143,150,23,0,0,172,57,8,0,0,63,2300,392,20,0,2713,424,836,103,4,1367,1450,675,54,3,2173,539,322,9,6,875,271,81,0,0,354,234,157,21,0,410,184,137,19,0,339,178,23,3,0,201,207,58,0,0,268,87,32,0,0,127,3575,2318,212,9,6113
20801,502,939,157,5,1600,815,672,49,5,1544,224,262,4,0,497,55,67,7,0,129,166,151,10,3,330,120,111,18,3,255,18,5,0,0,27,34,35,0,0,64,50,26,3,5,85,1992,2268,250,12,4522,194,116,5,0,315,1278,198,11,7,1493,470,92,0,3,565,307,30,0,0,336,141,9,3,0,153,82,15,0,0,105,49,0,0,0,49,150,14,0,0,166,49,8,0,0,60,2722,480,25,11,3239,691,1058,162,5,1914,2095,866,60,8,3030,692,359,4,3,1062,368,94,7,0,472,302,163,10,3,477,203,126,20,3,357,67,5,0,0,76,183,46,0,0,230,103,32,8,5,149,4713,2748,275,24,7763
20802,470,893,143,3,1512,782,712,39,0,1531,245,304,10,0,557,56,72,11,0,145,129,151,13,0,290,131,108,23,0,263,48,16,0,0,66,58,60,4,0,126,64,32,0,0,104,1986,2352,241,7,4588,286,133,11,0,426,1677,236,20,0,1935,635,114,0,5,752,469,24,0,0,496,201,20,0,0,223,129,8,0,0,137,174,8,3,0,180,202,23,0,3,225,60,10,0,0,72,3834,573,32,9,4444,756,1022,154,5,1935,2462,947,60,0,3466,874,414,10,5,1311,527,105,11,0,644,330,170,13,0,513,263,113,26,0,404,218,21,3,0,240,259,86,4,3,348,126,44,0,3,172,5823,2924,275,18,9035
20803,387,1697,423,3,2516,476,554,38,0,1067,389,663,28,0,1077,57,77,5,0,137,139,306,37,5,486,148,188,18,0,354,92,54,5,0,150,108,116,8,0,232,44,58,9,4,107,1845,3705,559,12,6127,262,202,14,0,477,938,157,7,0,1106,834,177,5,3,1024,388,32,0,0,421,194,45,0,0,237,126,27,0,0,158,154,10,0,0,164,268,52,0,0,317,59,12,0,0,68,3212,709,34,10,3969,647,1896,441,3,2987,1418,708,40,4,2172,1226,845,28,5,2103,444,108,5,0,559,337,349,38,5,720,269,220,20,0,510,244,67,5,0,312,375,166,8,3,548,102,62,9,0,180,5065,4417,591,19,10092
20804,183,380,70,0,638,313,379,31,5,726,87,109,5,0,201,20,27,0,0,48,36,61,10,0,107,54,37,3,0,93,8,3,0,0,12,25,16,0,0,34,28,18,4,0,54,750,1026,126,0,1901,74,35,7,0,113,587,171,6,0,762,165,29,0,0,196,152,13,0,0,173,48,11,0,0,56,41,3,0,0,48,26,0,0,0,31,46,3,0,0,47,12,0,0,0,12,1149,278,7,0,1437,252,420,72,0,741,894,554,37,5,1486,248,140,5,0,397,175,46,0,0,220,86,67,10,0,164,97,41,3,0,142,39,8,0,0,41,65,10,0,0,88,39,21,4,0,66,1902,1305,132,8,3344
20901,272,732,142,0,1141,446,521,32,3,1006,257,407,7,0,669,38,56,3,0,99,104,174,10,0,291,59,79,13,0,153,51,13,3,0,67,61,76,0,0,141,32,35,5,0,69,1321,2090,220,6,3639,210,113,3,0,333,1101,198,10,0,1312,547,134,0,0,681,279,17,0,0,299,129,22,0,0,150,80,14,0,0,92,129,6,0,0,137,220,21,0,0,233,39,8,0,4,50,2737,528,18,10,3297,481,841,147,3,1472,1550,720,46,5,2316,807,540,7,0,1357,316,79,3,0,398,233,192,12,0,440,139,96,13,0,251,180,22,4,0,205,276,97,0,0,379,75,39,6,7,121,4060,2618,238,16,6934
20902,155,509,135,0,803,195,226,19,0,447,175,225,9,3,409,26,44,7,0,74,55,84,16,0,146,51,89,18,0,157,63,25,11,0,97,52,60,0,0,112,15,16,6,0,40,783,1280,213,3,2285,152,84,6,0,243,737,87,5,0,832,409,70,4,0,481,190,22,3,0,213,84,11,0,0,94,77,22,0,0,99,189,10,0,0,201,153,28,0,0,182,37,4,0,0,40,2025,339,18,4,2387,305,588,145,0,1040,937,314,26,0,1275,580,300,7,5,889,221,64,10,0,292,138,94,13,0,238,125,112,18,0,251,256,33,11,0,305,199,90,0,0,289,55,19,6,0,82,2807,1617,233,10,4666
20903,157,439,59,4,659,296,214,20,0,533,189,247,8,0,449,25,31,0,0,56,97,140,3,4,243,40,49,8,0,98,40,21,0,0,62,39,32,0,0,74,22,17,0,0,42,902,1186,109,13,2211,140,61,0,4,208,643,87,4,0,739,383,72,0,0,456,183,16,0,0,202,109,18,0,0,129,39,8,4,0,47,40,6,0,0,44,88,16,0,0,112,21,5,0,0,25,1650,293,10,4,1962,299,498,61,4,869,939,299,28,3,1273,568,320,8,0,901,209,51,0,0,262,207,158,3,4,373,82,57,11,0,148,76,23,0,0,107,129,48,0,0,178,44,18,0,0,68,2553,1482,115,15,4169
20904,393,1311,284,3,1997,332,460,48,0,839,451,674,27,4,1159,45,56,11,0,116,176,337,37,0,545,105,192,28,5,327,335,148,6,3,483,129,153,12,4,304,55,61,7,0,122,2018,3397,466,20,5896,309,155,12,0,470,761,118,9,0,886,1034,227,5,4,1264,403,28,0,3,435,244,44,0,0,286,142,36,6,0,178,616,12,0,0,633,402,47,0,0,455,81,13,5,0,96,3989,672,31,17,4703,698,1466,293,7,2471,1091,573,60,0,1725,1482,902,37,11,2430,454,89,9,3,550,415,378,37,0,832,243,225,27,5,502,946,161,6,4,1118,533,202,18,5,757,130,70,9,0,218,6007,4066,491,38,10601
21001,196,747,202,0,1145,175,225,22,0,433,190,382,29,0,608,18,38,3,0,59,116,200,35,0,353,45,82,7,0,133,101,41,0,0,144,59,57,3,0,126,22,30,3,0,55,922,1807,310,9,3043,111,92,7,0,216,330,66,0,0,403,359,89,0,0,455,152,14,0,0,166,100,20,0,0,116,40,15,0,0,56,88,8,0,0,97,121,33,0,0,160,26,6,0,0,35,1329,349,9,3,1693,308,835,209,0,1359,509,295,23,3,833,545,478,29,4,1059,176,51,3,0,225,210,220,35,0,472,88,93,7,0,185,188,49,0,0,234,185,88,3,0,279,46,37,3,4,93,2257,2155,314,10,4744
21002,73,199,27,4,307,129,107,8,0,247,71,117,6,5,195,12,12,4,0,21,41,76,0,0,124,10,19,0,0,34,29,20,0,0,39,23,17,0,0,43,4,4,0,0,9,390,565,52,9,1018,86,49,0,0,141,216,37,3,0,251,200,65,0,0,265,94,11,0,0,102,44,7,0,0,47,19,8,0,0,28,29,7,0,0,29,81,4,0,0,91,18,0,0,0,18,782,188,3,5,979,159,255,31,4,448,344,138,11,3,500,270,181,5,6,462,101,18,4,0,121,89,82,0,0,168,31,28,0,0,62,57,18,0,0,75,107,30,6,0,138,17,4,0,0,25,1176,753,57,14,2002
21003,124,309,47,3,480,130,160,10,0,302,147,197,0,0,347,24,21,0,0,43,45,70,8,0,129,28,46,0,0,69,72,28,0,0,102,39,61,0,0,102,7,11,0,0,26,621,897,70,4,1598,102,61,0,0,170,374,39,5,0,427,348,91,0,4,446,164,12,0,0,173,54,15,0,0,71,33,13,0,0,48,242,0,0,0,242,98,15,0,0,117,18,5,0,0,21,1446,251,13,3,1713,230,363,50,3,651,502,204,14,0,724,497,283,0,4,785,188,32,0,0,223,103,79,8,0,197,58,55,0,0,119,316,31,0,0,344,135,81,3,0,221,26,20,0,0,52,2066,1147,81,12,3316
21004,59,166,13,0,246,68,79,13,0,157,64,121,5,0,193,8,15,0,0,23,39,86,8,0,129,13,19,0,0,37,31,21,0,0,48,29,25,0,0,58,10,5,0,0,17,319,536,46,4,901,57,30,0,0,84,223,25,4,0,257,199,61,0,0,261,88,3,0,0,100,52,4,0,0,52,28,6,0,0,32,55,5,0,0,64,65,10,0,0,73,16,0,0,0,16,785,143,5,5,942,117,195,15,0,335,286,106,19,4,407,268,186,4,0,458,101,17,0,0,120,86,89,5,0,180,41,23,0,0,67,90,27,0,0,111,95,41,0,0,134,21,5,0,0,25,1101,682,51,4,1839
21005,394,1351,356,6,2106,219,271,31,0,525,497,623,29,9,1154,62,47,5,0,116,267,338,39,9,657,76,131,18,0,229,515,213,10,5,735,160,196,13,0,362,66,47,8,3,128,2253,3224,510,28,6011,265,152,13,0,429,448,77,14,0,539,904,227,0,4,1135,386,26,3,0,416,186,30,0,0,221,87,33,0,0,115,786,26,6,0,813,377,68,3,0,445,68,20,0,3,91,3505,654,36,11,4207,657,1501,368,6,2536,664,351,47,0,1062,1403,849,31,9,2291,446,76,8,0,533,461,366,39,9,875,163,161,19,0,345,1297,238,12,7,1552,532,268,14,0,817,134,72,8,5,217,5752,3872,550,38,10220
21101,329,1419,328,8,2085,383,472,50,0,909,354,668,25,0,1049,46,66,9,0,120,190,328,26,0,546,103,131,17,0,248,121,66,5,0,191,93,96,5,0,198,48,45,7,3,107,1664,3288,482,9,5440,270,164,14,0,442,956,143,12,0,1113,946,221,0,9,1171,409,37,0,0,445,188,41,0,0,225,107,17,0,0,127,180,15,0,0,197,338,61,3,0,403,73,14,0,6,90,3462,710,38,11,4222,598,1586,338,8,2531,1344,615,66,0,2022,1294,891,29,7,2214,447,98,11,0,564,373,367,26,0,772,204,151,19,0,376,298,80,11,0,389,438,152,12,0,598,122,62,7,11,198,5126,3993,521,26,9663
21102,95,139,20,0,258,139,92,4,0,236,51,74,3,0,127,8,3,0,0,10,47,57,0,0,102,13,15,0,0,34,5,11,0,0,13,17,16,0,0,37,9,9,0,0,18,387,417,32,0,838,50,20,0,0,69,215,25,0,0,251,136,21,0,0,150,59,6,0,0,70,35,3,0,0,37,17,0,0,0,14,14,0,0,0,14,44,9,0,0,53,8,4,0,0,12,570,94,5,0,674,147,153,19,0,321,355,119,0,0,478,185,92,3,0,278,73,10,0,0,83,78,68,3,0,151,27,24,0,0,47,21,11,0,0,28,63,27,0,0,89,14,12,0,0,29,962,510,36,3,1510
21103,255,886,184,3,1326,303,390,31,0,728,254,508,13,0,779,38,48,7,0,96,86,268,24,0,380,67,122,20,0,210,63,41,4,0,107,51,80,0,0,136,24,39,3,0,65,1138,2388,286,5,3826,169,111,5,0,289,735,108,7,0,851,601,170,4,0,777,324,26,0,0,349,136,34,3,0,174,94,11,0,0,104,121,4,0,0,132,193,34,0,0,228,45,7,5,0,52,2415,517,18,4,2952,421,998,186,3,1615,1039,500,37,0,1579,848,680,12,0,1548,361,78,7,0,446,226,301,26,3,555,157,136,20,0,307,184,47,4,0,235,244,118,0,0,361,71,46,9,0,118,3552,2906,309,8,6773
21104,167,518,102,0,785,226,287,19,0,530,109,172,5,0,281,18,31,3,0,54,50,94,10,0,154,42,56,12,0,115,30,20,0,0,44,31,30,0,0,59,27,18,0,0,46,696,1219,153,8,2072,101,51,0,0,149,455,70,3,0,537,232,52,0,5,288,160,14,0,0,177,84,5,0,0,90,51,3,0,0,61,79,3,0,0,80,92,20,0,0,109,32,3,0,0,34,1282,223,6,10,1520,260,562,102,0,936,680,362,28,0,1066,341,225,5,5,575,179,49,3,0,229,129,104,10,0,241,100,62,12,0,174,103,17,0,0,121,124,46,0,0,167,53,21,0,0,86,1976,1443,159,9,3591
21105,309,998,150,4,1461,354,312,22,0,691,334,595,20,4,949,53,46,5,0,107,176,332,17,0,524,58,103,6,0,176,108,80,0,0,194,87,129,8,0,220,25,37,0,0,63,1498,2643,226,8,4381,414,240,13,0,663,1016,142,9,0,1166,1071,244,0,7,1321,451,31,0,0,485,213,46,0,3,264,96,20,0,0,118,131,12,0,0,145,333,60,0,3,399,64,16,0,3,80,3795,811,21,15,4643,723,1238,157,4,2123,1369,456,30,0,1857,1408,839,18,7,2274,508,79,5,0,594,386,379,17,3,788,154,131,6,0,292,241,90,3,0,334,424,187,3,3,617,86,52,0,3,140,5294,3454,253,31,9024
21201,195,638,124,5,963,174,211,27,0,413,232,401,10,0,638,43,44,3,0,87,147,245,17,4,410,40,92,5,0,137,144,74,0,0,217,66,118,9,0,193,20,22,0,0,45,1046,1838,203,14,3111,314,138,5,3,460,411,54,10,0,479,619,164,0,6,783,310,27,0,0,337,133,40,3,0,172,71,14,0,0,91,188,16,0,0,198,233,34,0,0,270,37,10,0,0,50,2321,503,23,9,2853,512,773,131,8,1426,588,269,39,0,898,852,566,10,4,1426,350,76,3,0,425,274,281,21,7,584,116,107,11,0,228,326,89,0,0,415,299,156,9,0,465,50,36,0,0,96,3370,2344,226,23,5964
21202,223,769,171,0,1167,279,339,28,0,648,266,377,18,0,654,35,63,4,0,100,137,242,29,0,403,69,120,19,0,208,129,70,0,0,203,67,94,4,0,170,26,31,5,5,60,1235,2108,272,13,3620,160,84,16,0,255,593,101,11,3,712,607,146,0,3,762,368,20,0,0,396,147,30,0,0,177,101,18,0,0,118,219,3,0,0,225,252,37,0,0,295,51,3,0,0,57,2511,451,27,14,2999,386,853,188,0,1423,874,437,36,4,1355,869,522,18,3,1413,407,82,7,0,497,283,269,29,3,577,177,142,19,0,326,351,80,0,0,427,322,135,4,5,465,76,38,5,6,121,3745,2557,298,27,6625
21203,245,589,113,0,946,246,231,21,0,506,336,432,9,0,772,52,48,14,0,111,168,197,11,6,374,64,101,5,0,164,295,119,5,0,417,132,145,7,0,287,43,33,5,0,78,1566,1897,176,9,3647,209,96,7,0,317,562,67,6,0,634,731,179,0,7,917,486,30,0,0,517,180,24,0,0,204,86,23,0,0,111,510,17,0,0,530,322,53,0,3,371,40,10,0,0,48,3119,499,12,11,3645,453,686,114,0,1261,812,298,26,0,1140,1064,617,10,5,1687,538,74,14,0,625,347,225,11,6,580,146,124,4,0,275,808,136,5,0,946,451,198,7,3,655,80,39,5,0,125,4696,2395,191,19,7298
21204,470,2087,677,6,3232,319,507,67,0,894,464,798,42,3,1313,52,76,3,0,136,205,409,76,0,692,143,239,42,0,420,422,187,16,5,629,174,172,25,0,372,68,70,17,0,152,2324,4538,965,17,7843,347,224,25,0,591,618,158,18,0,799,985,262,0,9,1254,357,38,3,0,400,251,40,0,0,292,165,53,4,3,223,624,26,0,3,657,450,65,0,6,523,101,16,0,5,119,3903,882,52,20,4859,813,2309,696,8,3824,938,669,79,6,1695,1449,1058,44,12,2563,410,113,8,4,532,454,451,75,0,986,313,294,42,3,648,1051,213,15,12,1288,630,239,25,6,897,168,83,17,3,264,6224,5420,1013,42,12703
21205,599,1517,411,3,2527,716,836,97,0,1653,313,488,29,3,836,59,88,5,0,156,271,285,36,0,593,144,229,27,0,402,150,52,4,0,208,119,107,9,0,236,81,74,8,3,170,2446,3688,627,16,6771,316,135,18,0,465,1237,285,17,0,1546,710,171,0,3,888,351,33,0,0,382,247,25,5,0,278,166,16,0,0,186,425,11,0,0,441,333,36,0,4,375,81,19,0,0,100,3875,728,47,11,4658,911,1651,434,6,2996,1955,1129,111,0,3197,1022,657,32,5,1715,409,124,5,0,540,522,309,38,0,869,309,245,27,0,586,576,61,4,0,652,454,145,6,6,608,165,90,11,6,267,6318,4421,671,27,11434
21301,248,869,174,0,1296,185,280,21,0,485,291,413,15,0,729,59,42,7,0,105,141,229,12,0,377,81,130,13,0,227,303,125,9,3,445,102,100,11,0,214,38,43,9,0,88,1446,2240,276,8,3961,208,148,11,0,367,460,96,5,0,559,591,173,0,5,768,276,28,3,0,307,138,26,0,3,159,86,24,0,0,113,557,20,4,5,583,291,51,0,0,344,59,8,0,0,72,2673,577,23,15,3278,457,1018,187,3,1658,637,376,22,0,1043,880,590,17,6,1501,331,69,10,0,412,270,256,12,3,540,176,153,14,0,338,868,150,12,3,1027,390,155,10,0,564,101,52,7,3,158,4115,2813,292,22,7239
21302,194,562,125,0,881,262,278,22,0,567,169,238,8,0,410,31,40,6,0,76,79,119,24,0,219,42,76,10,0,125,126,57,4,0,186,57,44,6,0,108,35,24,5,0,61,997,1436,200,0,2640,135,82,7,0,227,613,82,11,3,699,391,88,0,0,479,198,17,0,0,215,94,22,0,0,115,50,15,0,0,66,116,8,0,0,122,144,26,0,0,175,49,0,0,0,50,1791,345,14,5,2157,336,640,132,0,1113,875,358,29,3,1268,557,328,8,4,889,230,62,6,0,297,167,135,24,0,330,92,91,10,0,192,245,57,4,0,313,202,71,6,0,288,83,24,5,4,116,2781,1784,210,11,4792
21303,207,657,123,0,982,264,351,17,0,633,141,231,8,0,379,24,49,4,0,79,44,125,13,0,184,48,77,6,0,135,103,37,4,0,142,37,42,0,0,79,22,18,4,4,41,892,1576,187,3,2657,187,120,13,0,319,754,132,3,0,887,369,76,0,6,453,232,28,0,0,261,72,9,0,0,82,65,28,0,0,90,212,15,6,3,231,134,19,0,0,144,55,6,0,0,58,2070,428,14,9,2520,389,773,131,0,1300,1019,478,23,0,1518,511,308,8,6,829,255,77,4,0,336,121,131,14,0,267,116,102,6,0,225,316,53,5,3,374,165,52,0,0,226,67,17,4,4,97,2955,2003,200,16,5170
21304,255,687,100,0,1040,247,224,20,0,484,312,495,13,0,824,49,43,10,0,98,153,242,12,0,404,59,107,6,0,176,313,150,0,0,467,119,133,3,0,257,43,27,3,0,79,1553,2108,169,7,3833,184,81,10,0,271,456,49,4,0,514,667,175,0,4,840,337,24,0,4,365,129,28,4,0,154,106,19,0,0,127,356,16,0,0,376,253,49,0,0,300,54,7,0,0,57,2528,454,19,11,3010,436,771,105,3,1315,700,274,21,3,999,976,674,13,4,1668,386,70,10,4,461,286,267,13,0,563,165,130,8,0,303,670,167,3,0,844,375,181,3,0,558,92,37,3,0,135,4079,2562,187,15,6843
21305,443,1180,257,0,1884,605,546,48,0,1197,375,530,10,0,919,95,90,11,0,192,260,294,43,0,594,132,193,26,0,350,500,216,14,0,735,150,164,12,0,324,70,68,8,4,143,2625,3278,422,11,6339,283,151,14,0,447,874,122,11,0,1007,837,191,0,0,1032,712,32,0,0,742,192,41,0,0,234,168,23,4,0,198,880,18,6,6,908,397,75,0,0,465,93,15,3,6,111,4424,675,34,12,5140,726,1336,267,0,2331,1480,668,54,0,2202,1213,721,16,4,1947,803,124,16,0,941,456,328,43,0,825,292,218,31,0,542,1379,234,15,8,1640,545,238,8,0,793,162,79,6,3,256,7047,3950,455,20,11475
21401,278,974,191,5,1438,274,363,40,0,678,294,522,24,0,846,43,38,3,0,88,136,262,30,5,427,95,118,20,0,227,85,60,0,0,155,75,107,3,0,186,28,31,0,0,66,1308,2474,312,16,4110,223,156,16,0,389,717,136,10,0,863,842,172,0,0,1019,406,31,0,0,439,193,37,0,0,228,68,20,0,0,86,139,11,0,0,147,305,40,0,0,346,42,7,0,3,58,2931,609,25,3,3571,491,1131,202,5,1827,992,495,48,0,1538,1137,698,24,3,1864,452,75,3,0,531,330,292,30,5,654,161,136,20,0,315,225,70,0,0,296,375,147,5,0,528,71,47,0,3,121,4233,3086,334,20,7676
21402,543,1341,182,12,2071,667,616,52,5,1341,429,702,12,6,1150,78,87,7,0,161,214,397,26,3,639,168,206,9,4,385,75,61,5,0,138,93,133,5,0,237,54,47,4,3,119,2312,3589,299,30,6236,478,254,8,7,744,1309,175,13,11,1502,1256,319,0,14,1590,549,47,0,3,601,248,56,0,0,304,133,38,3,4,179,124,15,0,0,135,383,62,0,8,453,91,13,0,0,107,4555,983,25,45,5607,1016,1591,193,21,2818,1977,789,62,10,2836,1678,1026,13,18,2734,620,136,4,0,761,455,456,31,3,942,299,242,11,6,569,192,74,5,0,275,471,195,7,9,686,153,62,7,3,223,6869,4572,327,78,11841
21501,307,731,63,5,1100,57,114,23,0,188,45,120,11,5,182,4,19,0,0,25,39,110,9,4,163,15,66,4,0,86,18,41,4,0,65,20,31,4,0,62,0,14,4,4,19,520,1242,112,15,1892,806,611,0,21,1441,150,45,9,0,201,316,124,5,7,444,105,14,0,0,124,50,37,0,0,83,41,21,0,0,61,55,12,0,0,67,131,45,0,0,175,30,10,0,0,36,1675,918,13,32,2638,1114,1344,61,29,2545,212,157,26,5,393,366,241,12,7,626,109,33,0,0,146,87,151,9,4,250,57,89,4,0,147,73,62,4,0,135,150,73,7,0,234,29,22,4,4,62,2199,2160,128,49,4529
21502,95,465,82,9,653,56,114,17,0,194,80,155,4,3,242,13,25,0,0,43,36,118,16,0,176,14,54,14,0,74,17,42,0,0,57,37,41,8,0,84,7,22,0,0,32,357,1028,148,17,1543,257,198,6,8,468,152,49,5,0,211,263,111,0,3,386,120,21,0,0,139,45,27,0,0,71,25,6,0,0,32,51,4,0,0,54,133,28,3,0,163,12,8,0,0,23,1059,452,20,17,1544,349,664,91,16,1117,211,163,22,0,399,342,265,9,6,626,129,44,5,0,182,87,143,18,0,248,36,58,14,0,112,65,44,0,0,112,168,67,11,0,245,20,32,0,0,55,1413,1484,171,28,3086
21503,208,511,96,7,824,29,74,21,0,133,51,105,4,0,163,11,6,0,0,19,29,87,12,0,126,19,44,3,0,64,21,21,4,0,54,18,36,3,0,69,5,9,3,0,14,393,896,157,14,1457,411,263,8,11,702,77,16,4,5,104,188,73,0,0,259,76,16,0,0,99,32,27,0,0,59,30,12,0,0,44,19,15,0,0,35,73,23,0,7,99,19,0,0,8,29,935,445,10,30,1425,627,772,107,21,1525,110,94,27,5,239,235,173,4,4,423,86,22,0,0,116,54,111,14,5,188,45,59,3,0,107,47,33,4,0,85,90,63,3,5,165,25,13,3,8,43,1324,1350,164,46,2880
21601,92,373,57,6,536,47,82,19,0,143,58,133,4,0,197,14,15,0,0,26,27,105,13,0,146,8,48,6,0,63,20,31,0,0,54,14,40,7,0,57,7,9,3,0,22,298,836,109,9,1245,393,226,6,11,637,109,30,3,0,145,226,96,0,0,330,98,17,0,0,125,36,15,3,0,48,24,16,0,0,38,42,17,0,0,55,78,26,0,0,108,11,6,0,0,17,1018,454,17,22,1506,490,600,63,23,1171,155,108,27,0,290,288,229,5,0,523,111,33,0,0,153,63,117,14,0,192,33,66,6,0,100,61,42,0,0,110,90,70,7,0,169,22,15,3,0,40,1312,1289,124,27,2749
21602,104,294,44,3,448,40,60,17,0,111,54,93,6,0,158,0,11,0,0,10,25,81,5,0,116,8,39,3,3,49,27,23,0,0,49,15,16,4,0,39,8,7,0,0,14,283,625,76,11,994,288,142,8,9,438,79,17,0,0,92,153,37,4,0,191,56,13,0,0,68,28,12,0,0,39,13,12,0,0,25,34,3,0,0,42,77,19,0,4,100,20,0,0,0,19,745,251,7,11,1022,393,438,49,11,890,115,74,15,0,205,212,131,7,0,347,59,17,0,0,78,53,94,8,0,155,19,51,3,3,77,63,29,0,0,93,97,34,4,4,136,21,10,0,4,36,1030,875,86,21,2015
21603,170,545,123,9,841,82,210,36,4,332,147,246,9,0,397,22,18,0,0,43,46,148,20,0,220,24,73,10,0,105,37,36,4,0,74,38,57,6,0,102,8,7,0,0,23,583,1337,197,17,2134,294,142,12,7,457,207,51,3,0,261,333,83,0,8,419,150,19,0,0,168,56,37,0,0,88,29,12,0,0,35,55,14,0,0,68,134,30,0,0,172,23,0,0,0,29,1279,392,17,20,1706,465,690,133,12,1299,288,264,37,3,599,473,332,9,8,818,172,38,6,0,211,103,180,23,0,308,54,80,10,0,145,93,51,4,0,145,178,89,6,0,271,39,9,0,0,49,1861,1732,217,33,3840
21701,102,317,42,0,461,27,79,8,0,123,22,84,6,0,115,3,8,0,0,10,17,63,3,0,82,10,28,0,0,42,14,18,3,0,28,20,24,0,0,44,6,4,5,0,11,224,630,73,8,925,523,390,3,23,933,115,33,8,0,150,217,80,0,3,298,87,21,0,3,108,38,22,0,0,60,26,21,0,0,48,47,10,0,0,65,93,35,0,0,127,11,8,0,3,18,1155,614,10,36,1810,628,705,42,27,1398,140,111,15,0,274,245,163,6,3,412,92,24,0,3,122,58,83,3,0,147,32,48,0,0,88,56,32,3,0,96,109,59,0,0,170,17,14,5,3,34,1374,1239,80,40,2735
21703,169,450,60,4,687,41,75,13,0,125,62,114,6,3,187,11,11,4,0,27,23,67,7,0,99,13,25,3,0,45,31,35,3,0,74,29,20,4,3,55,11,14,0,0,24,393,817,97,9,1312,682,421,0,25,1129,148,36,0,3,181,245,73,0,5,329,76,6,0,0,80,26,23,0,0,50,43,22,0,0,62,34,9,0,0,50,101,41,0,0,142,19,4,0,0,22,1372,634,10,35,2053,848,874,67,26,1818,186,107,15,3,316,314,193,3,4,510,82,18,4,0,105,52,88,8,4,152,57,42,3,0,106,67,50,3,0,118,130,60,4,3,201,30,21,0,0,46,1761,1451,108,49,3372
21704,117,434,69,8,621,56,145,24,0,228,81,173,4,0,256,5,17,0,0,21,27,100,10,0,135,22,51,6,0,82,28,34,0,0,61,19,40,0,0,62,12,21,4,0,34,359,1013,116,8,1493,504,404,10,22,942,272,72,27,0,376,319,96,5,0,417,144,28,0,5,171,58,28,0,0,83,38,21,0,0,59,41,12,0,0,59,117,30,0,5,148,19,4,3,0,27,1510,694,46,33,2286,622,838,79,27,1559,337,217,50,0,605,396,265,5,3,670,145,45,0,5,194,83,122,10,0,221,55,75,6,0,142,68,49,0,0,118,130,72,0,4,207,28,26,3,0,56,1875,1709,164,38,3779
29797,0,0,0,0,0,0,0,0,0,0,0,0,0,0,0,0,0,0,0,0,0,0,0,0,0,0,0,0,0,0,0,0,0,0,0,0,0,0,0,0,0,0,0,0,0,0,0,0,0,0,0,0,0,0,0,0,0,0,0,0,0,0,0,0,0,0,0,0,0,0,0,0,0,0,0,0,0,0,0,0,0,0,0,0,0,0,0,0,0,0,0,0,0,0,0,0,0,0,0,0,0,0,0,0,0,0,0,0,0,0,0,0,0,0,0,0,0,0,0,0,0,0,0,0,0,0,0,0,0,0,0,0,0,0,0,0,0,0,0,0,0,0,0,0,0,0,0,0,0,4
29999,1154,1509,183,15,2866,968,427,31,0,1432,3650,3160,18,35,6858,253,77,6,3,340,304,225,12,5,546,189,81,0,3,275,1259,378,27,12,1677,1276,823,24,19,2139,209,122,7,10,346,9253,6798,314,98,16470,1633,340,12,30,2018,4193,199,7,17,4412,12911,1932,8,79,14924,2863,60,5,8,2939,799,44,0,0,846,462,21,4,0,488,3162,98,19,20,3301,7144,638,3,49,7837,511,44,0,7,567,33670,3375,56,218,37324,2786,1849,195,46,4880,5158,625,37,16,5839,16559,5087,21,117,21784,3112,140,9,8,3273,1103,270,15,5,1391,647,104,9,9,763,4416,481,47,34,4975,8415,1463,33,64,9975,720,169,12,12,912,42928,10181,377,318,53794
