POW_SA3_CODE_2021,AgFF_Mng,AgFF_Pro,AgFF_Tech_trds_wks,AgFF_Com_persl_svce_wks,AgFF_Cler_admin_wks,AgFF_Sales_wks,AgFF_Mach_ops_dvrs,AgFF_Labourers,AgFF_IDNS,AgFF_Tot,Min_Mng,Min_Pro,Min_Tech_trds_wks,Min_Com_persl_svce_wks,Min_Cler_admin_wks,Min_Sales_wks,Min_Mach_ops_dvrs,Min_Labourers,Min_IDNS,Min_Tot,Mnf_Mng,Mnf_Pro,Mnf_Tech_trds_wks,Mnf_Com_persl_svce_wks,Mnf_Cler_admin_wks,Mnf_Sales_wks,Mnf_Mach_ops_dvrs,Mnf_Labourers,Mnf_IDNS,Mnf_Tot,EGWWS_Mng,EGWWS_Pro,EGWWS_Tech_trds_wks,EGWWS_Com_persl_svce_wks,EGWWS_Cler_admin_wks,EGWWS_Sales_wks,EGWWS_Mach_ops_dvrs,EGWWS_Labourers,EGWWS_IDNS,EGWWS_Tot,Const_Mng,Const_Pro,Const_Tech_trds_wks,Const_Com_persl_svce_wks,Const_Cler_admin_wks,Const_Sales_wks,Const_Mach_ops_dvrs,Const_Labourers,Const_IDNS,Const_Tot,WST_Mng,WST_Pro,WST_Tech_trds_wks,WST_Com_persl_svce_wks,WST_Cler_admin_wks,WST_Sales_wks,WST_Mach_ops_dvrs,WST_Labourers,WST_IDNS,WST_Tot,RetT_Mng,RetT_Pro,RetT_Tech_trds_wks,RetT_Com_persl_svce_wks,RetT_Cler_admin_wks,RetT_Sales_wks,RetT_Mach_ops_dvrs,RetT_Labourers,RetT_IDNS,RetT_Tot,AcFd_Mng,AcFd_Pro,AcFd_Tech_trds_wks,AcFd_Com_persl_svce_wks,AcFd_Cler_admin_wks,AcFd_Sales_wks,AcFd_Mach_ops_dvrs,AcFd_Labourers,AcFd_IDNS,AcFd_Tot,TPW_Mng,TPW_Pro,TPW_Tech_trds_wks,TPW_Com_persl_svce_wks,TPW_Cler_admin_wks,TPW_Sales_wks,TPW_Mach_ops_dvrs,TPW_Labourers,TPW_IDNS,TPW_Tot,IMT_Mng,IMT_Pro,IMT_Tech_trds_wks,IMT_Com_persl_svce_wks,IMT_Cler_admin_wks,IMT_Sales_wks,IMT_Mach_ops_dvrs,IMT_Labourers,IMT_IDNS,IMT_Tot,FinIns_Mng,FinIns_Pro,FinIns_Tech_trds_wks,FinIns_Com_persl_svce_wks,FinIns_Cler_admin_wks,FinIns_Sales_wks,FinIns_Mach_ops_dvrs,FinIns_Labourers,FinIns_IDNS,FinIns_Tot,RHRE_Mng,RHRE_Pro,RHRE_Tech_trds_wks,RHRE_Com_persl_svce_wks,RHRE_Cler_admin_wks,RHRE_Sales_wks,RHRE_Mach_ops_dvrs,RHRE_Labourers,RHRE_IDNS,RHRE_Tot,ProSTS_Mng,ProSTS_Pro,ProSTS_Tech_trds_wks,ProSTS_Com_persl_svce_wks,ProSTS_Cler_admin_wks,ProSTS_Sales_wks,ProSTS_Mach_ops_dvrs,ProSTS_Labourers,ProSTS_IDNS,ProSTS_Tot,AdSup_Mng,AdSup_Pro,AdSup_Tech_trds_wks,AdSup_Com_persl_svce_wks,AdSup_Cler_admin_wks,AdSup_Sales_wks,AdSup_Mach_ops_dvrs,AdSup_Labourers,AdSup_IDNS,AdSup_Tot,PubAS_Mng,PubAS_Pro,PubAS_Tech_trds_wks,PubAS_Com_persl_svce_wks,PubAS_Cler_admin_wks,PubAS_Sales_wks,PubAS_Mach_ops_dvrs,PubAS_Labourers,PubAS_IDNS,PubAS_Tot,EdTrn_Mng,EdTrn_Pro,EdTrn_Tech_trds_wks,EdTrn_Com_persl_svce_wks,EdTrn_Cler_admin_wks,EdTrn_Sales_wks,EdTrn_Mach_ops_dvrs,EdTrn_Labourers,EdTrn_IDNS,EdTrn_Tot,HltHC_SA_Mng,HltHC_SA_Pro,HltHC_SA_Tech_trds_wks,HltHC_SA_Com_persl_svce_wks,HltHC_SA_Cler_admin_wks,HltHC_SA_Sales_wks,HltHC_SA_Mach_ops_dvrs,HltHC_SA_Labourers,HltHC_SA_IDNS,HltHC_SA_Tot,ArtsR_Mng,ArtsR_Pro,ArtsR_Tech_trds_wks,ArtsR_Com_persl_svce_wks,ArtsR_Cler_admin_wks,ArtsR_Sales_wks,ArtsR_Mach_ops_dvrs,ArtsR_Labourers,ArtsR_IDNS,ArtsR_Tot,OthSvs_Mng,OthSvs_Pro,OthSvs_Tech_trds_wks,OthSvs_Com_persl_svce_wks,OthSvs_Cler_admin_wks,OthSvs_Sales_wks,OthSvs_Mach_ops_dvrs,OthSvs_Labourers,OthSvs_IDNS,OthSvs_Tot,IDNS_Mng,IDNS_Pro,IDNS_Tech_trds_wks,IDNS_Com_persl_svce_wks,IDNS_Cler_admin_wks,IDNS_Sales_wks,IDNS_Mach_ops_dvrs,IDNS_Labourers,IDNS_IDNS,IDNS_Tot
20101,127,57,67,5,57,23,28,102,12,481,48,72,94,5,24,0,142,30,0,416,639,307,1101,67,333,246,521,932,49,4203,90,72,106,0,111,4,95,42,6,526,576,138,2302,0,468,70,414,622,50,4646,173,53,93,6,145,278,173,91,10,1011,864,218,364,60,335,3243,194,544,21,5851,634,26,458,1021,83,703,78,1010,17,4025,129,49,88,19,414,145,895,79,14,1821,69,193,77,15,270,65,13,18,11,725,92,250,3,10,342,54,0,0,9,765,75,60,39,14,136,299,17,21,10,664,211,1399,352,13,584,16,11,19,17,2626,103,149,139,127,200,15,23,497,4,1259,358,546,147,685,1017,15,67,120,39,2999,417,3327,156,1219,565,21,9,129,30,5875,541,4768,338,3577,1520,54,81,397,64,11355,149,155,136,241,85,66,12,195,18,1055,149,110,907,357,158,39,45,172,7,1941,164,144,279,106,177,105,166,239,410,1796
20102,813,30,72,7,53,17,37,296,13,1341,3,4,7,4,9,0,18,3,0,49,85,32,103,18,32,26,23,60,5,375,8,4,16,0,4,0,14,6,0,52,88,15,359,5,97,6,104,129,6,796,19,6,4,7,16,25,8,6,0,96,142,24,46,15,14,371,14,78,0,711,241,13,199,268,41,80,6,201,10,1059,42,4,9,6,64,13,141,9,3,297,10,35,12,0,0,0,0,0,0,60,17,24,0,0,40,5,0,0,0,95,8,5,5,0,19,50,0,0,0,94,53,265,45,5,77,7,0,4,5,462,24,4,61,13,20,0,5,94,3,229,59,108,29,95,103,0,24,30,8,455,57,391,20,134,47,0,3,16,5,669,54,312,23,378,112,4,0,79,7,965,27,77,49,28,10,3,0,37,5,246,31,15,148,78,33,3,0,31,3,344,56,35,51,26,33,17,26,59,72,376
20103,706,16,55,7,35,7,28,205,0,1061,11,4,14,0,4,0,29,6,0,64,110,24,175,4,61,38,71,222,4,718,8,6,40,0,6,0,18,13,0,98,49,9,196,0,40,0,55,63,4,414,12,5,12,0,8,33,12,9,0,85,93,20,56,3,31,415,16,76,4,714,103,0,56,115,8,64,8,103,0,455,42,0,15,7,51,16,170,4,0,313,6,19,8,0,7,3,0,0,6,48,9,13,0,0,35,4,0,0,0,66,4,0,0,0,4,15,0,0,0,29,14,78,35,0,50,5,0,0,0,181,6,21,13,0,16,0,4,60,6,117,58,80,35,266,102,0,33,36,16,625,40,344,11,146,55,6,0,13,3,617,53,360,46,425,107,0,0,101,9,1108,11,17,32,32,3,0,0,24,0,123,20,14,137,30,24,3,3,18,0,246,29,11,43,14,27,11,43,52,90,328
20201,100,27,55,0,33,15,41,92,4,370,40,43,67,0,25,0,114,47,6,341,405,216,866,53,268,214,369,548,28,2988,99,109,123,0,168,8,94,36,11,650,506,77,1851,16,429,80,272,504,42,3784,134,63,54,0,125,204,165,65,4,819,739,172,332,55,244,2924,207,534,16,5230,469,15,377,883,87,607,104,1023,18,3580,131,19,46,17,316,94,743,66,10,1451,77,160,75,4,86,59,0,11,5,484,284,672,31,6,822,26,0,6,29,1877,57,53,22,7,80,244,13,21,9,498,205,1014,331,3,466,14,14,23,18,2092,84,148,98,108,152,5,15,614,20,1244,328,676,127,632,706,11,103,161,40,2787,261,2691,95,1018,357,10,5,58,25,4515,502,4566,295,3159,1325,75,71,340,55,10394,135,111,61,239,56,29,3,55,5,701,164,177,858,267,194,32,22,138,5,1859,153,110,217,94,167,99,133,217,355,1552
20202,554,32,50,5,28,10,19,205,8,906,29,49,61,3,11,0,154,24,0,341,439,178,503,33,158,110,215,1525,29,3184,18,3,21,0,8,0,34,10,0,114,180,33,687,4,109,14,168,177,19,1384,52,15,13,0,35,77,28,20,6,241,293,56,115,33,66,864,35,205,8,1670,232,9,175,357,26,55,20,261,11,1150,71,23,30,0,90,38,249,27,0,520,28,80,22,0,11,3,0,3,0,145,32,60,0,0,73,0,0,0,4,172,11,3,11,0,31,82,3,9,0,157,91,510,83,10,161,6,0,0,6,870,40,27,62,40,23,7,6,150,4,366,136,228,48,757,199,9,34,63,15,1490,97,857,31,248,97,0,0,26,11,1374,119,941,81,887,291,12,9,156,18,2503,43,170,56,41,17,0,0,42,0,379,53,31,297,81,60,8,14,27,8,575,79,64,76,31,74,47,42,126,173,713
20203,953,23,70,0,39,3,64,290,5,1444,27,96,166,5,14,0,275,41,8,634,55,9,51,0,27,12,30,79,4,272,6,3,0,0,0,0,9,6,0,24,25,0,63,0,17,0,48,26,0,183,19,11,14,0,19,24,23,9,0,116,44,10,16,6,6,117,6,28,0,230,32,0,12,27,5,8,0,21,0,102,19,3,12,0,24,3,109,0,4,177,0,0,0,0,5,0,0,0,0,8,0,7,0,0,23,0,0,0,0,32,0,0,0,0,6,3,0,0,0,6,5,25,9,0,12,0,3,0,0,52,4,0,14,0,0,0,0,28,0,47,21,32,13,26,43,0,14,16,4,153,19,144,7,35,20,0,5,5,0,233,13,78,4,91,30,0,0,23,0,243,3,9,10,3,0,0,0,4,0,30,9,8,45,10,6,0,0,5,0,81,33,5,15,11,15,7,29,34,48,196
20301,659,30,70,0,37,12,27,258,16,1105,8,0,13,0,0,0,31,0,0,55,62,40,80,3,28,23,11,95,7,352,4,3,13,0,6,0,6,5,0,30,51,19,250,0,63,0,64,89,3,542,11,8,9,0,16,23,9,12,0,85,42,14,21,6,9,175,5,39,0,313,57,4,33,101,3,29,0,47,0,280,24,0,7,0,26,10,77,0,0,145,10,9,3,0,3,0,0,0,0,29,6,8,0,0,29,0,0,0,0,46,5,5,0,0,10,18,0,0,0,35,22,112,39,0,39,3,0,8,0,228,12,6,19,9,6,0,0,47,0,100,39,71,11,48,68,0,17,24,0,275,36,257,12,131,24,0,0,7,0,472,22,138,18,225,48,3,0,31,0,486,11,11,10,11,4,0,0,6,0,60,11,11,95,22,17,5,4,10,7,170,24,16,15,7,17,8,6,19,37,148
20302,290,49,72,3,61,22,55,225,9,790,13,13,21,0,18,3,77,13,0,163,1060,693,1743,156,540,336,1006,1417,85,7052,166,202,255,10,342,63,217,90,32,1384,1113,361,4987,16,862,156,867,1397,121,9882,438,358,463,10,361,386,572,307,27,2933,1808,809,619,103,649,6127,901,992,60,12060,959,35,848,1914,151,1172,108,1692,44,6926,354,131,158,63,635,173,1832,201,35,3577,124,254,148,8,69,118,9,7,6,745,469,1006,41,40,1210,82,9,17,62,2931,137,108,44,20,211,519,37,41,22,1144,607,2808,676,28,1436,54,28,63,49,5753,221,315,273,169,269,18,96,1015,27,2404,741,1545,282,2121,1443,12,66,241,110,6569,882,6421,343,1927,1014,27,58,167,52,10886,1158,8928,647,6325,2819,98,139,865,158,21131,275,231,114,364,117,68,14,97,33,1319,279,233,1780,644,327,61,50,291,26,3684,408,405,478,178,374,208,480,444,834,3811
20303,221,24,41,0,21,9,18,102,11,455,6,4,3,0,6,0,0,8,0,22,171,72,224,40,51,122,39,138,17,865,13,10,13,0,23,0,28,16,0,102,417,56,1606,0,252,34,75,299,26,2764,97,51,9,0,37,114,37,12,5,362,519,176,166,32,121,1821,98,337,16,3283,616,28,522,1105,126,298,44,816,19,3563,71,63,18,24,132,44,135,35,3,526,27,73,22,0,23,8,0,0,0,157,65,198,0,5,150,8,0,0,17,444,41,36,11,0,86,240,3,11,4,431,193,952,186,3,305,19,9,15,16,1690,70,61,119,53,57,9,13,301,9,679,144,282,68,265,255,11,25,68,15,1130,149,1431,47,569,144,4,8,34,19,2400,153,959,81,1370,371,17,3,118,9,3087,122,200,105,132,35,9,6,76,9,705,96,56,392,287,79,11,3,64,8,988,135,104,95,49,86,59,43,77,178,828
20401,1430,57,148,7,85,21,73,511,30,2367,30,27,30,0,8,0,78,5,0,181,182,78,269,49,92,86,106,342,11,1216,22,4,27,0,20,3,50,18,0,148,213,46,921,36,195,13,258,358,29,2069,64,18,19,3,52,119,45,67,3,394,335,55,175,26,100,1130,56,260,10,2142,474,13,269,564,93,207,23,510,16,2160,103,30,54,91,183,76,386,45,16,983,15,46,12,0,20,10,0,7,3,109,28,63,0,0,103,0,0,0,5,197,26,12,13,0,39,138,5,5,4,236,61,339,120,4,190,0,3,10,8,732,41,31,85,36,43,5,11,216,0,476,418,399,142,708,345,4,144,104,33,2302,173,1229,73,592,164,9,11,77,8,2322,151,861,91,1101,323,11,5,191,18,2748,47,54,108,49,29,14,4,95,4,403,63,54,346,109,55,8,9,55,3,703,119,52,110,35,81,41,65,110,255,870
20402,1111,44,74,4,55,27,59,307,14,1686,11,3,16,0,7,3,33,4,0,85,361,175,488,49,182,87,404,628,27,2395,16,10,27,0,22,0,24,13,0,115,205,108,795,4,173,10,188,334,19,1836,73,14,18,0,48,106,71,37,4,377,277,56,135,19,100,1084,44,209,14,1954,284,3,168,380,43,181,30,367,3,1463,74,11,33,14,127,36,333,16,7,647,16,31,23,0,14,16,0,3,0,102,21,60,4,0,124,9,0,0,0,211,20,12,4,3,25,76,0,3,6,153,29,306,126,0,167,13,0,9,5,654,58,53,63,47,62,7,25,280,0,597,176,278,76,361,256,0,41,85,21,1299,112,1017,41,409,152,0,6,45,10,1792,187,1602,132,1281,434,24,31,215,21,3928,46,35,34,56,20,7,0,46,0,252,56,65,414,92,78,13,8,36,7,763,114,58,137,43,59,35,86,104,204,841
20403,1270,63,58,9,71,22,69,296,22,1884,13,9,4,0,0,0,13,6,5,55,538,241,734,61,207,147,472,907,39,3344,30,28,76,0,38,7,52,21,5,257,331,50,1398,19,307,48,298,356,35,2844,131,42,107,0,74,157,98,58,0,668,448,87,223,33,169,1657,354,337,19,3328,607,20,397,752,118,313,89,675,23,3002,176,42,93,106,248,107,1047,52,15,1881,22,62,17,0,16,17,3,3,0,135,41,98,3,4,185,14,0,4,11,358,30,16,38,8,55,180,10,10,8,353,86,538,185,4,259,7,6,15,14,1113,73,70,85,65,53,9,30,432,9,826,511,571,534,877,512,0,140,118,48,3303,257,1827,73,734,257,9,4,56,14,3231,268,1724,145,1650,519,25,16,289,31,4670,86,91,39,108,44,24,22,32,12,462,81,66,588,140,105,22,16,104,5,1131,127,84,176,72,90,73,141,158,281,1205
20501,1171,59,102,0,73,26,82,606,31,2154,9,0,9,0,3,0,17,3,0,44,172,45,327,3,100,77,126,392,14,1256,11,15,12,0,13,4,38,11,0,103,211,44,837,4,221,39,206,325,23,1901,88,31,48,0,34,71,55,61,7,392,278,51,139,9,84,1062,64,194,4,1897,223,7,165,385,30,196,42,358,3,1420,61,7,25,6,125,28,257,20,6,536,43,49,35,0,26,18,6,0,0,181,32,86,0,0,165,11,4,0,3,300,18,15,5,4,47,126,0,7,3,226,66,395,142,0,188,6,4,9,0,819,36,50,68,26,52,5,14,187,3,435,77,201,43,180,165,6,5,86,17,772,161,1203,59,486,201,0,5,42,14,2174,134,1174,81,1174,407,8,19,168,12,3172,38,62,45,93,18,9,0,33,0,304,59,49,427,117,94,6,26,182,3,965,78,45,107,44,84,42,59,100,162,721
20502,867,55,64,17,73,9,103,326,23,1535,12,8,7,0,4,0,24,3,0,59,143,44,297,19,94,55,139,512,17,1322,45,14,30,0,37,3,40,37,0,210,156,22,622,4,138,20,217,206,14,1400,66,19,32,0,53,115,59,38,5,389,291,36,129,16,93,1038,54,188,9,1845,326,9,193,362,56,180,9,393,13,1536,64,20,41,4,117,32,294,23,12,605,21,18,23,0,3,20,0,0,0,79,20,50,0,0,89,8,0,0,0,162,15,12,0,0,50,101,0,8,0,186,39,257,87,4,169,9,0,11,0,583,28,47,63,32,33,9,8,190,5,410,159,198,52,278,242,6,26,75,19,1060,121,852,31,487,141,0,6,39,11,1685,175,1044,100,1130,394,5,11,163,34,3062,41,81,16,38,23,14,0,16,0,235,48,44,361,91,70,12,4,53,5,693,98,40,86,49,59,45,59,96,218,737
20503,1819,38,89,3,91,26,76,527,27,2699,19,3,21,0,8,0,57,3,4,128,221,89,367,52,109,112,174,301,18,1452,72,76,66,0,75,4,93,47,7,435,287,54,1130,0,199,22,185,308,26,2221,101,22,33,4,55,192,79,45,3,530,439,79,145,26,83,1538,55,244,11,2629,429,15,303,568,77,208,12,476,15,2100,86,17,37,12,154,51,359,27,5,749,22,39,30,0,11,16,0,3,0,128,33,122,5,4,178,7,0,0,6,346,24,16,4,0,68,196,0,7,4,317,75,462,144,7,268,10,0,10,9,992,52,42,105,37,43,7,6,283,3,577,99,212,74,172,230,5,20,88,23,928,114,1165,40,470,136,0,8,36,8,1978,163,1280,104,1344,444,13,10,227,24,3610,109,195,71,148,60,36,0,75,14,720,67,67,459,139,84,18,13,80,9,938,108,73,129,45,79,32,66,91,263,888
20504,260,37,44,0,28,4,94,145,9,638,28,25,106,9,22,0,194,37,0,425,230,153,630,24,144,80,417,358,19,2052,221,299,867,20,277,17,329,243,60,2337,277,75,1354,7,301,33,280,403,32,2762,109,32,80,3,59,132,107,35,0,554,466,81,207,26,148,1961,131,309,10,3343,286,14,235,467,56,423,40,560,18,2102,83,14,42,8,254,56,565,49,10,1070,55,101,69,0,143,66,6,11,8,471,46,117,9,0,334,20,0,3,5,526,32,23,43,13,100,126,12,24,5,394,87,415,224,3,291,6,10,36,8,1075,46,86,73,49,114,9,28,337,9,758,298,538,111,777,1080,7,18,81,46,2951,189,1508,74,661,260,4,0,48,7,2747,319,2483,222,2108,786,27,37,278,51,6308,59,52,33,94,46,15,5,32,9,352,80,68,644,178,140,24,24,112,13,1289,104,96,241,73,118,64,130,167,329,1318
20505,1234,28,117,9,55,18,145,554,25,2183,46,54,235,3,31,0,60,18,11,461,105,35,282,23,55,44,152,185,20,905,40,37,45,0,35,0,60,22,6,252,171,33,701,35,117,19,165,259,22,1512,51,13,22,0,34,91,39,22,0,276,259,33,136,16,80,947,43,149,8,1658,189,8,131,308,20,121,14,233,4,1017,49,28,44,7,89,28,225,30,5,504,9,24,17,0,10,6,3,3,0,66,22,41,0,0,82,8,0,0,3,157,24,22,0,0,34,82,0,4,4,175,48,255,100,3,160,7,3,6,5,590,16,24,37,21,30,6,12,141,3,300,364,568,126,522,275,5,44,76,39,2012,109,861,41,372,134,3,0,42,13,1569,117,882,79,1005,309,12,14,186,14,2612,30,33,30,36,11,11,0,12,0,160,46,41,331,86,52,4,12,59,4,636,74,37,113,36,64,31,46,93,195,679
20601,13,20,7,0,3,7,8,10,0,50,4,0,3,0,5,0,0,0,0,12,251,135,383,72,107,91,130,186,8,1347,23,13,6,0,10,3,19,12,0,89,261,103,919,0,120,15,46,240,11,1722,130,76,42,4,124,97,85,31,3,597,536,231,170,34,136,1557,133,282,25,3093,493,38,589,993,57,272,40,498,14,2987,54,17,15,17,82,44,417,23,7,677,67,281,66,7,29,31,0,5,5,496,59,158,0,0,168,7,0,3,16,411,49,29,6,6,67,226,3,3,15,398,254,1624,212,9,269,30,3,6,25,2433,103,102,67,53,67,9,14,253,11,672,192,364,78,408,475,7,30,67,32,1658,259,1674,69,576,257,3,29,23,16,2906,297,1925,122,1635,671,20,22,124,34,4856,115,431,34,125,52,11,0,9,13,783,116,116,455,293,95,20,17,51,11,1171,195,242,124,67,135,72,120,146,245,1345
20602,10,9,9,0,3,0,0,10,0,44,3,4,3,0,0,0,0,0,0,14,190,98,242,16,99,67,124,110,9,950,14,22,24,0,10,3,9,6,0,85,278,66,876,0,181,7,43,134,17,1601,109,49,27,3,80,82,75,31,5,455,429,237,157,15,151,778,164,113,11,2065,286,21,330,616,27,106,14,272,10,1681,32,19,3,0,48,16,125,16,4,268,43,148,46,0,21,28,0,6,0,296,28,92,0,3,101,0,0,5,4,235,21,25,8,0,47,137,5,3,0,252,194,908,130,5,197,21,5,9,12,1483,62,78,46,23,87,9,10,144,10,470,78,118,52,173,76,4,8,29,8,543,132,1353,37,396,129,3,0,13,13,2071,147,893,74,967,331,6,8,49,21,2502,89,260,25,120,29,7,0,3,9,541,103,67,354,184,68,21,15,62,3,873,133,142,92,56,97,48,112,72,160,911
20603,3,7,3,0,6,0,4,8,0,32,3,4,0,0,0,0,0,0,0,10,78,44,89,22,29,96,34,87,5,478,14,8,3,0,10,0,3,3,0,48,246,60,670,3,149,21,20,134,25,1332,43,23,10,6,19,29,8,13,0,149,339,157,132,36,83,1279,40,200,18,2283,367,21,374,740,48,272,37,440,18,2322,47,32,7,38,90,24,278,16,6,537,36,131,15,0,29,16,0,0,5,228,89,303,5,29,276,12,0,6,8,717,40,43,5,5,85,246,0,9,14,438,218,1199,143,11,450,18,0,8,20,2066,109,162,35,58,121,17,4,208,17,739,286,601,74,338,804,12,23,87,40,2261,169,1471,40,543,176,3,0,27,3,2432,206,1228,99,1100,560,18,8,75,24,3318,106,116,37,166,50,19,5,66,8,576,73,97,371,315,58,14,0,48,5,978,85,117,62,56,88,42,37,75,195,756
20604,215,171,30,4,69,16,13,51,11,589,286,436,47,5,104,3,30,5,14,929,2540,2695,714,153,949,527,225,498,79,8380,2529,4101,464,15,1693,517,130,118,189,9753,3646,3440,4972,92,1776,170,436,1858,250,16635,1670,1996,227,35,751,622,165,112,47,5630,3691,2343,627,199,1391,7976,255,598,134,17211,4353,699,4455,8167,1275,1447,180,3335,185,24099,3039,4067,915,137,3048,836,3563,864,334,16808,4141,10270,1387,90,2185,854,16,62,242,19250,14132,33706,769,538,24825,2193,16,95,1070,77348,1951,2062,150,87,1239,2305,22,111,115,8042,15540,65071,4152,231,11722,909,53,195,938,98830,2922,4981,416,792,3170,413,188,4544,261,17684,11454,18492,1109,8163,13981,160,86,259,1123,54834,4596,18715,878,1473,4116,103,22,191,309,30404,3635,25329,1600,4835,6384,183,325,667,334,43292,2959,3776,1161,3857,1504,629,55,699,282,14926,1955,2967,1258,1060,1617,177,22,325,118,9497,2166,3586,922,617,1731,760,385,748,3515,14433
20605,85,45,21,0,37,17,4,19,3,237,166,236,21,0,44,0,7,3,7,492,1296,1402,770,68,539,366,313,375,69,5201,82,54,68,0,56,39,31,38,11,387,1968,1066,3503,20,1034,164,209,851,123,8947,1014,845,234,12,526,499,191,44,30,3406,1562,1102,377,65,674,2508,160,307,73,6824,1253,250,1191,1807,244,308,59,623,49,5783,711,561,125,57,1129,124,1926,383,78,5094,586,1585,379,7,450,150,47,55,26,3271,724,1673,50,11,1704,142,8,4,96,4420,476,441,67,17,458,956,24,26,57,2526,3237,9922,992,55,1663,350,30,94,169,16514,935,783,185,402,563,145,149,1122,52,4325,518,1136,153,849,547,20,35,97,56,3403,594,2552,78,756,425,32,0,32,43,4518,894,2677,239,1852,1128,83,59,136,60,7124,562,669,92,368,192,79,51,29,23,2067,560,666,1057,534,416,82,25,158,45,3550,1022,1240,321,137,582,305,219,249,742,4810
20606,32,6,4,0,8,6,0,0,0,56,20,16,3,0,12,0,0,0,0,42,140,72,133,59,35,84,7,32,6,563,28,20,3,0,33,7,0,0,0,95,351,259,847,9,149,18,33,219,24,1904,159,89,32,7,74,109,13,18,10,511,975,344,213,62,221,2182,67,210,21,4298,865,107,928,1462,112,261,28,584,21,4366,75,27,39,0,55,38,282,13,6,543,235,563,104,13,167,103,5,14,12,1215,233,523,19,8,319,26,0,6,75,1217,238,252,13,9,239,702,0,13,29,1492,970,3582,299,15,600,93,7,19,62,5660,249,250,68,146,154,35,8,459,24,1380,111,273,48,325,186,0,3,27,18,998,248,1597,56,604,181,13,0,45,15,2764,318,1980,141,1080,795,47,28,94,30,4508,162,253,22,111,43,16,0,13,13,631,194,93,569,499,123,37,11,99,12,1639,378,463,89,70,202,121,39,73,289,1718
20607,43,33,20,3,20,4,14,14,5,149,11,15,0,0,4,6,4,0,0,45,879,940,511,111,309,231,163,360,37,3535,209,321,170,3,450,123,9,10,29,1324,1118,526,2132,12,567,70,107,520,51,5099,865,756,150,19,465,418,98,61,24,2856,2794,2120,606,98,1176,3965,362,449,79,11646,1485,230,1457,2590,221,461,57,907,48,7454,437,578,134,97,452,98,623,54,32,2499,746,1949,225,14,321,177,3,15,44,3498,525,1000,32,4,658,91,0,5,63,2391,304,401,26,19,254,543,10,24,18,1593,2766,10061,878,40,1153,386,16,25,140,15468,473,603,99,137,401,42,23,653,41,2470,366,659,138,726,589,19,19,90,48,2654,547,2911,105,743,421,17,3,25,29,4802,1466,9600,709,2487,2770,76,127,422,141,17806,457,942,79,219,191,51,5,33,29,2001,416,404,865,556,322,82,25,146,25,2844,990,1278,334,166,567,290,182,197,724,4725
20701,69,40,30,0,26,13,0,11,0,195,23,40,3,0,11,0,6,0,0,72,508,376,221,115,190,282,49,82,16,1843,75,84,16,0,60,15,5,4,0,267,964,481,1727,3,467,59,97,371,67,4239,583,488,79,5,249,190,33,22,20,1669,2008,1655,471,63,814,3774,148,559,68,9565,886,51,831,1656,92,474,63,793,29,4869,186,163,40,13,419,76,496,45,24,1456,145,283,59,0,118,102,0,4,7,722,623,1592,31,21,1126,61,0,3,117,3563,264,327,27,10,342,960,7,15,43,1983,2223,7462,601,36,1695,314,21,37,116,12512,382,297,122,153,257,32,22,640,19,1927,349,737,178,327,477,13,30,128,47,2296,1080,7229,311,1639,1020,23,3,128,60,11496,1102,4916,390,3901,2203,91,29,426,99,13150,220,235,34,367,86,21,5,4,12,983,304,332,669,633,246,36,9,109,22,2357,609,697,203,129,380,169,89,152,608,3030
20702,19,7,8,3,9,7,5,10,0,64,8,4,0,0,3,0,0,0,0,20,131,81,95,32,59,135,33,39,5,602,11,5,11,0,11,3,0,3,0,41,375,140,774,9,230,29,43,230,36,1860,181,64,28,0,72,126,24,12,4,519,733,209,248,54,234,3068,95,349,24,5006,364,15,385,765,42,356,26,494,26,2476,60,24,18,6,120,30,506,14,8,798,48,93,44,10,31,62,0,10,3,303,73,303,7,0,292,22,0,0,18,719,107,55,13,7,134,322,6,22,11,678,315,1131,182,4,397,38,0,0,26,2084,63,51,54,53,46,9,6,272,8,565,96,231,52,203,156,0,8,92,19,857,169,1623,41,651,162,3,0,23,7,2683,284,1394,157,2070,614,50,8,199,23,4793,93,75,17,181,46,28,0,11,6,464,109,94,401,277,95,32,8,73,9,1088,129,140,92,47,109,85,33,59,226,917
20703,15,12,13,0,7,6,0,6,5,54,0,6,0,0,0,0,4,0,0,13,237,213,248,51,130,97,182,152,10,1322,7,23,38,0,26,3,6,5,0,115,465,192,1457,0,305,34,56,276,43,2826,438,446,73,0,231,165,71,17,20,1456,588,248,187,39,235,1932,117,299,40,3692,399,21,386,668,72,406,30,676,16,2673,79,35,10,5,100,68,269,20,15,604,138,289,119,18,407,48,0,0,9,1044,162,531,13,7,473,25,0,0,31,1238,115,119,10,19,182,473,4,9,12,945,487,2302,359,30,594,59,3,42,44,3917,159,167,102,102,189,29,23,444,14,1231,487,1015,110,441,1307,17,15,63,57,3503,737,5271,167,935,891,18,0,60,43,8122,716,5771,385,2691,1607,51,67,256,79,11615,148,176,27,209,96,16,3,11,15,691,372,648,675,315,377,49,22,138,34,2628,248,325,199,92,217,134,134,132,417,1901
20801,11,19,4,0,10,0,0,7,5,63,13,9,0,0,3,0,0,0,0,30,271,149,257,53,109,124,152,157,16,1284,19,24,5,0,17,4,3,8,4,84,518,131,1417,3,289,36,47,285,38,2759,208,103,18,0,111,93,40,15,7,591,650,199,189,30,149,1730,87,251,17,3294,443,31,538,1073,70,201,16,370,9,2757,94,28,20,6,84,38,218,20,12,520,78,169,27,8,41,16,0,0,0,337,225,583,4,3,331,110,0,6,46,1302,86,98,12,9,127,405,0,12,15,772,605,2092,283,14,564,56,0,12,29,3660,183,160,86,88,97,19,23,217,5,881,141,241,36,274,178,9,0,67,14,964,338,2389,82,896,275,9,3,39,25,4058,357,2286,190,1983,982,39,41,210,32,6123,119,195,72,245,88,20,4,21,6,762,128,89,437,380,77,19,3,52,13,1186,307,278,129,61,190,93,62,85,272,1472
20802,19,12,7,0,9,0,0,9,0,44,3,4,3,0,4,0,3,0,0,18,199,112,229,28,74,134,45,144,10,970,23,19,6,0,14,5,4,0,0,77,489,143,1706,9,311,53,41,358,47,3147,169,89,31,0,69,103,43,24,8,534,912,669,248,38,342,1916,88,340,31,4593,572,34,590,965,78,403,39,685,28,3393,109,43,16,8,143,58,406,69,9,862,87,260,41,3,54,46,5,3,11,503,154,451,11,3,354,36,0,8,56,1062,90,93,11,3,137,456,0,12,24,829,517,2306,313,15,659,49,3,9,37,3912,166,150,105,130,162,25,12,317,13,1083,154,336,112,346,470,10,3,104,27,1562,512,4315,126,1425,496,9,14,53,33,6988,485,3435,224,2866,1185,53,32,210,49,8527,143,257,58,202,95,19,0,63,13,852,190,174,677,465,184,35,12,87,19,1848,305,314,137,82,205,95,65,117,372,1688
20803,83,17,66,0,31,30,42,133,3,403,13,21,11,0,10,3,13,5,0,76,2310,1248,2080,45,1080,515,1704,1976,136,11095,98,42,59,0,88,30,114,52,5,493,1265,517,3701,14,943,135,390,891,99,7936,1007,452,177,10,722,568,560,194,36,3730,1561,451,441,54,607,4667,507,706,65,9063,680,45,557,1174,93,661,77,1005,29,4311,349,216,98,29,585,130,1196,121,45,2768,134,176,91,3,77,96,11,19,5,618,165,425,33,7,426,59,10,14,26,1157,142,81,58,10,184,374,24,36,9,921,421,1761,483,10,548,57,31,37,35,3386,304,212,255,122,254,58,127,585,15,1938,250,479,135,813,535,17,44,160,43,2485,328,2654,86,1039,291,14,4,40,30,4473,482,2666,222,2821,1039,64,47,312,49,7696,229,197,79,357,82,44,8,39,14,1048,268,184,1372,436,306,47,60,289,38,2989,768,532,534,122,664,289,710,602,696,4919
20804,20,10,5,0,10,3,0,7,0,60,4,3,0,0,0,0,0,0,0,10,89,39,64,27,29,88,7,27,0,370,19,17,3,0,4,6,4,0,0,55,174,72,525,0,98,13,26,81,7,998,133,49,14,8,58,142,16,14,5,441,885,227,183,42,215,3538,87,249,31,5458,314,80,385,787,50,362,9,471,18,2485,34,15,6,3,77,21,44,16,0,218,42,80,28,3,22,95,0,3,4,278,102,263,0,5,234,23,0,0,19,646,194,253,8,6,161,236,0,13,11,883,338,1266,155,7,288,35,0,5,26,2114,72,77,52,87,46,11,3,172,3,518,43,69,30,185,65,0,17,35,10,453,180,1077,39,308,183,4,5,14,11,1826,449,2783,232,1342,1055,55,77,273,26,6287,78,76,17,99,61,34,0,11,16,380,80,56,261,252,66,25,6,44,4,793,157,181,70,54,77,82,35,56,211,915
20901,25,16,18,0,8,7,5,9,0,94,10,4,8,0,3,0,4,0,0,30,389,178,664,36,231,194,259,240,32,2228,22,10,11,0,9,0,21,20,0,98,525,163,1866,10,365,34,102,388,40,3489,138,68,29,3,94,99,80,27,6,547,618,210,197,26,182,2239,107,412,26,4021,417,19,367,748,49,400,45,542,9,2591,88,33,26,53,147,46,387,25,16,824,56,133,45,0,42,37,3,0,6,322,96,281,13,8,264,18,0,6,22,706,50,59,6,4,118,275,3,8,7,528,351,1607,265,6,532,29,3,20,20,2834,106,92,118,68,186,30,30,422,12,1070,366,638,332,732,436,3,56,118,55,2730,336,3144,123,948,366,13,9,49,19,5014,689,8747,772,3234,2137,40,142,425,96,16279,73,165,45,187,38,10,0,14,10,542,139,92,679,351,147,25,15,103,13,1569,234,230,195,89,206,88,132,127,345,1642
20902,43,30,18,0,13,8,8,72,0,194,10,44,18,0,6,0,6,3,0,81,491,254,628,38,271,162,549,434,38,2877,18,17,10,0,16,3,27,11,0,100,308,111,1039,3,220,28,107,335,32,2176,257,111,52,7,207,195,226,81,14,1146,823,365,240,37,352,2695,294,312,37,5153,390,17,318,537,51,402,48,525,8,2302,76,62,120,11,312,55,703,40,15,1394,55,146,69,0,56,56,3,3,3,401,64,152,5,0,286,17,0,0,11,534,58,23,24,11,92,234,10,8,3,467,201,1029,201,9,253,20,11,8,11,1752,84,92,76,149,89,7,40,387,7,929,240,908,135,672,439,15,28,111,28,2570,559,3387,142,629,657,3,4,30,39,5459,349,1737,111,2516,617,37,13,141,34,5552,105,191,18,127,38,26,3,15,12,534,111,105,551,239,105,28,33,122,17,1305,205,189,190,89,186,124,214,163,335,1693
20903,170,20,48,3,19,3,16,109,6,396,8,10,0,0,9,0,11,0,0,30,121,58,142,22,48,76,34,39,5,554,13,15,15,0,19,0,19,4,0,92,236,41,1086,4,287,12,101,174,21,1961,99,27,16,0,34,96,29,26,0,329,221,77,97,20,58,720,31,137,9,1370,206,14,180,374,12,231,23,342,14,1387,49,9,5,7,80,26,150,16,3,357,22,60,18,0,14,0,0,0,4,125,38,105,0,3,126,5,0,0,8,280,26,20,9,6,57,128,11,3,4,267,159,779,137,4,259,18,6,15,13,1384,59,38,80,27,69,3,4,158,3,443,93,214,56,218,149,6,16,69,16,836,167,1261,54,557,150,4,0,20,11,2233,108,642,51,895,243,3,0,59,9,2010,73,126,15,175,41,7,0,15,8,452,69,74,351,168,71,11,8,29,6,786,104,79,71,34,81,24,27,41,107,568
20904,162,26,48,6,52,27,95,316,18,742,18,11,26,0,11,0,58,15,3,143,1216,531,1595,85,720,389,1089,1712,83,7426,97,47,109,0,74,8,112,35,12,495,1002,356,3920,10,929,179,689,1372,133,8592,678,209,129,14,533,453,513,211,23,2758,1190,301,402,65,469,5019,369,825,60,8705,619,32,465,855,89,1182,86,1129,34,4495,372,132,166,111,581,118,2344,120,64,3994,76,126,120,12,64,82,3,6,6,500,89,327,5,3,547,25,0,7,19,1020,77,40,25,10,156,432,16,13,14,782,250,1159,334,11,539,30,16,26,18,2372,179,162,187,106,229,21,92,993,24,1997,256,458,112,875,787,11,54,244,69,2856,413,4334,179,1629,471,13,4,74,37,7167,536,5143,400,3867,1494,57,77,317,85,11981,143,102,69,334,83,39,6,31,21,823,197,142,1259,396,236,50,36,153,22,2490,471,362,563,154,485,225,610,543,788,4205
21001,38,12,17,0,14,8,13,28,0,132,15,9,14,0,10,0,18,3,0,67,789,369,1060,24,548,223,642,596,57,4311,49,29,78,0,48,9,32,39,0,283,813,215,2754,0,680,86,310,633,64,5550,436,251,121,23,365,289,297,53,18,1859,621,173,200,27,282,2037,205,277,21,3853,233,19,170,373,39,279,50,306,16,1480,649,519,156,119,1252,136,1226,326,75,4454,91,136,69,3,73,39,11,15,10,451,75,207,24,3,315,9,0,0,7,640,100,38,26,0,111,139,36,34,7,491,197,616,226,0,263,24,12,19,18,1379,148,151,84,99,153,29,119,491,19,1291,241,244,175,715,746,27,52,124,46,2384,181,1601,58,457,172,5,0,32,14,2524,128,743,85,1123,328,18,4,78,14,2524,60,39,11,115,40,19,5,12,12,314,151,73,717,198,157,38,38,121,16,1509,317,220,279,71,305,138,301,208,413,2263
21002,188,17,40,0,19,7,9,103,9,396,0,0,0,0,0,0,0,0,0,0,61,28,103,12,26,42,20,43,0,347,7,10,9,0,8,5,16,5,0,47,131,27,596,0,147,12,121,140,17,1186,22,18,7,0,24,25,13,5,0,114,124,34,63,14,21,487,22,83,3,843,110,4,97,204,22,82,11,162,4,695,26,6,11,5,71,24,80,15,0,228,15,54,11,8,8,9,6,10,0,119,34,50,5,0,160,41,0,0,5,299,15,7,4,8,24,50,0,10,5,114,53,280,77,0,103,9,3,7,4,534,20,18,49,12,32,3,4,106,0,239,53,131,25,87,74,0,3,13,9,400,74,568,25,245,75,0,3,17,7,1021,41,291,29,395,148,4,3,19,3,927,33,49,38,45,9,0,0,31,3,199,27,18,201,78,35,5,5,22,3,393,46,25,40,14,41,13,22,37,55,301
21003,13,4,9,0,4,0,3,3,0,30,0,0,0,0,0,0,0,0,0,4,283,121,440,8,143,59,213,329,22,1608,6,7,8,0,8,3,20,12,5,73,174,61,817,0,160,23,101,243,27,1605,115,59,30,0,96,69,62,29,6,463,266,88,105,22,88,811,47,171,11,1606,173,14,113,196,28,119,31,203,4,890,62,22,12,7,61,20,420,43,10,655,18,46,23,0,13,18,0,4,0,130,20,96,0,0,112,5,0,0,4,246,25,17,9,0,38,107,7,4,9,201,98,465,89,5,159,7,3,3,15,844,36,39,51,29,43,13,11,193,8,426,32,82,97,323,101,3,26,65,16,748,117,1355,33,538,149,0,4,36,5,2244,121,649,52,1305,248,14,0,108,11,2508,57,86,16,77,28,8,0,9,5,300,87,80,483,182,98,18,6,83,11,1038,93,88,124,41,118,49,102,101,154,869
21004,60,6,12,0,4,0,3,50,0,131,3,0,0,0,0,0,4,0,0,14,54,16,87,17,33,27,29,25,0,285,60,111,15,0,83,0,16,17,3,307,120,26,626,0,150,23,94,162,15,1222,19,6,0,0,20,16,15,8,0,86,198,50,76,14,69,911,48,152,10,1523,127,3,107,183,19,222,21,246,4,939,45,12,18,3,95,24,180,21,9,402,9,15,12,0,8,12,0,0,3,67,24,49,0,0,96,0,0,0,3,175,13,10,3,5,20,71,0,4,3,139,26,240,65,0,122,3,0,3,0,468,21,24,28,26,27,0,7,106,0,234,33,43,27,132,61,0,7,31,5,334,83,796,23,426,97,4,0,20,3,1459,72,435,57,546,225,11,0,38,10,1389,20,30,8,63,3,8,5,10,4,149,30,19,282,78,54,4,9,34,3,509,39,33,48,20,44,22,26,31,69,336
21005,82,20,42,0,43,16,61,69,7,332,20,4,20,0,9,0,53,16,3,125,2646,2011,3588,64,1465,434,2289,3030,258,15775,125,64,121,0,116,32,403,109,23,992,1081,422,3923,14,856,156,1055,1708,175,9391,730,333,292,3,667,385,746,267,44,3468,930,287,347,51,403,3462,623,556,63,6723,573,29,441,762,146,887,123,1124,46,4132,1573,1736,982,1164,3607,939,5650,636,310,16604,67,92,110,4,58,44,38,37,6,463,76,179,12,11,360,19,66,9,16,746,134,29,61,17,112,337,23,46,11,774,248,881,364,19,326,25,37,41,16,1946,198,267,211,201,244,81,272,1078,26,2588,422,766,354,2186,1185,18,69,249,97,5343,373,3918,122,1519,492,4,23,86,32,6573,255,1719,165,2418,679,27,43,171,28,5504,146,86,56,214,55,38,11,23,14,645,214,140,1382,244,259,55,95,317,27,2734,577,458,871,228,662,265,1046,836,1065,6008
21101,34,8,35,0,13,15,10,33,7,167,16,17,29,0,13,0,65,3,3,146,2248,1102,2077,58,1275,471,1598,1835,133,10796,80,69,90,0,71,18,71,40,12,457,1030,265,3414,7,907,128,438,821,106,7126,1490,1370,328,11,1119,640,910,363,91,6332,1285,603,406,43,631,3717,319,607,55,7665,570,28,457,850,67,724,84,939,20,3736,225,69,103,16,482,82,1205,99,22,2306,153,204,150,7,140,78,75,15,18,835,226,551,29,16,917,45,3,12,41,1847,106,53,33,3,170,328,27,20,9,745,510,1708,559,18,664,78,49,69,37,3694,181,179,283,93,271,28,114,658,27,1843,263,407,183,546,360,10,30,170,23,2000,332,2408,79,1062,333,10,6,39,18,4294,431,3357,321,3232,1191,53,79,375,63,9099,234,187,101,320,124,51,11,30,16,1080,302,256,1498,367,342,67,53,182,44,3120,690,637,565,99,650,248,636,603,672,4804
21102,34,4,15,4,7,3,5,22,0,94,0,3,0,0,0,0,0,0,0,3,38,27,24,10,9,17,3,7,0,135,0,5,0,0,5,0,0,3,0,14,109,27,365,5,101,5,21,80,7,717,24,24,11,0,14,13,0,26,0,105,66,16,20,3,21,138,3,26,5,299,52,0,54,149,8,14,4,60,0,343,16,0,0,3,8,4,25,6,0,59,5,20,4,0,4,0,0,0,0,38,30,75,0,0,39,0,0,0,5,153,18,9,3,7,16,32,0,3,4,93,59,265,43,0,85,6,0,0,7,464,22,12,24,11,23,0,0,57,0,157,10,22,4,22,10,0,0,3,0,72,97,715,31,229,93,0,0,10,9,1184,59,226,25,385,102,3,0,58,5,865,21,39,0,36,9,0,0,0,5,105,27,30,86,31,23,0,0,9,0,207,37,34,23,5,43,6,0,16,35,204
21103,29,9,20,0,20,8,6,30,0,123,10,7,6,0,3,0,9,5,0,51,1065,793,1231,61,600,246,760,1218,62,6023,71,44,28,0,58,10,48,38,9,311,641,162,2268,5,563,57,300,579,57,4631,276,132,44,0,198,201,163,53,5,1078,915,206,298,46,322,3559,184,524,37,6083,441,22,361,865,43,569,36,773,9,3136,138,58,36,10,282,51,545,50,25,1189,65,104,67,0,62,71,5,18,3,396,72,235,3,0,320,22,0,7,6,674,79,36,20,9,117,287,13,25,7,589,267,1322,353,15,539,34,22,32,24,2606,157,164,176,75,229,47,64,402,18,1321,152,300,92,484,354,13,16,154,33,1593,277,2369,88,1028,290,4,0,50,20,4127,359,3077,226,2535,938,53,51,321,50,7603,80,81,29,159,42,42,6,22,3,479,199,194,1035,391,223,46,29,140,16,2260,319,274,342,84,296,120,242,257,388,2322
21104,13,6,0,0,4,0,0,3,0,22,3,4,0,0,0,0,0,0,0,17,223,140,239,29,131,97,105,135,10,1105,196,297,26,7,250,21,26,25,14,853,348,143,808,3,219,32,65,199,27,1846,291,272,62,0,175,129,112,34,13,1079,587,197,183,14,249,1847,233,262,31,3594,225,14,179,344,35,275,32,331,4,1445,42,18,17,124,167,26,332,16,15,760,65,240,99,0,42,19,3,10,6,486,41,168,5,5,158,7,0,0,12,398,51,38,12,4,61,181,4,8,4,365,281,1145,200,6,346,30,12,13,17,2065,75,68,69,64,90,12,29,253,12,679,118,207,69,511,220,14,9,80,12,1233,150,1148,46,449,119,4,4,19,7,1949,211,1599,112,1659,592,22,35,179,38,4441,55,48,18,102,32,26,3,21,4,301,128,178,477,172,123,24,16,71,8,1186,227,196,151,42,191,81,96,106,207,1288
21105,851,64,238,19,137,58,77,760,25,2232,9,3,8,0,6,0,32,4,0,63,738,410,897,130,431,242,535,602,48,4031,59,42,91,4,97,10,83,30,6,422,610,168,2748,7,649,35,390,658,85,5356,265,72,96,3,165,196,160,191,8,1156,787,183,338,45,216,2769,180,559,26,5106,639,32,560,1237,95,514,37,1007,16,4141,129,48,46,8,262,61,511,49,7,1122,62,111,80,0,41,40,5,8,5,356,58,184,5,0,235,12,0,5,14,523,63,28,19,20,94,213,6,30,7,483,195,1047,295,11,488,26,5,28,20,2117,133,85,273,91,148,13,33,527,15,1319,170,341,81,339,304,3,13,260,27,1534,316,2994,122,1242,354,9,28,98,19,5171,292,1438,147,2439,633,25,8,154,34,5174,157,243,166,266,76,41,7,73,15,1054,136,123,962,327,192,25,30,138,16,1949,235,182,265,81,241,99,167,238,382,1897
21201,670,21,90,12,74,18,59,386,14,1339,18,9,49,0,14,0,77,10,0,185,385,116,652,41,192,102,253,704,29,2467,29,28,52,0,49,3,34,12,4,216,467,105,2150,6,603,64,425,651,45,4513,124,40,43,3,98,141,76,67,4,595,514,105,218,39,147,1988,105,373,27,3516,322,11,276,535,39,562,45,634,14,2436,126,30,50,26,240,53,788,41,17,1372,29,82,37,0,42,12,5,0,5,212,43,138,4,0,195,10,8,0,8,409,50,9,13,5,73,217,7,9,10,395,124,615,230,10,337,12,6,25,12,1369,72,51,111,46,101,4,22,363,11,775,108,234,41,226,203,6,33,171,20,1041,207,2170,94,967,253,9,8,53,17,3778,169,852,103,1665,393,12,5,119,23,3334,101,81,92,133,56,14,9,136,7,637,90,65,733,221,123,22,18,98,17,1379,207,119,235,65,161,72,160,202,317,1532
21202,64,17,23,0,18,5,17,78,0,221,13,11,12,0,0,3,3,0,5,52,564,283,697,21,357,197,395,633,46,3193,57,35,78,0,47,5,56,54,9,336,729,288,2379,8,716,112,316,722,84,5344,314,95,91,7,278,236,174,91,13,1301,998,240,332,48,370,3820,307,582,51,6743,364,16,330,754,53,706,52,754,26,3063,175,50,54,9,399,69,773,78,20,1619,67,93,93,5,52,80,0,12,7,418,64,255,8,6,349,58,3,0,15,761,91,31,20,4,98,331,21,8,15,613,197,904,255,11,358,23,13,29,14,1803,105,110,114,81,117,18,73,538,16,1169,202,475,131,513,428,8,13,206,41,2012,252,2866,112,995,335,6,6,48,14,4638,280,3334,215,2554,973,53,43,272,49,7765,73,71,22,175,52,31,0,24,4,462,176,134,875,346,195,46,30,137,14,1952,291,260,326,90,279,148,317,298,426,2430
21203,395,24,86,0,69,21,104,534,15,1261,3,0,4,0,5,0,19,4,0,32,188,57,394,22,127,82,143,309,14,1339,30,16,23,0,35,5,50,16,5,184,369,80,2013,9,425,96,332,755,73,4150,118,29,37,5,83,110,85,52,0,530,592,177,217,34,162,2658,150,470,23,4482,373,7,298,467,42,686,65,765,15,2723,189,20,34,12,312,43,1393,34,23,2053,48,124,131,0,101,40,0,12,14,464,46,180,3,0,260,14,14,0,4,520,44,34,28,0,89,302,15,20,10,542,122,638,184,4,288,21,13,18,9,1301,103,95,133,62,128,11,28,523,20,1107,34,164,24,251,171,0,14,112,15,789,309,3468,120,1632,344,5,20,60,17,5971,249,1234,158,2523,566,30,27,124,27,4933,136,96,185,332,64,27,5,145,21,1010,110,79,659,261,130,20,11,85,14,1365,136,118,210,92,179,84,197,193,396,1603
21204,163,26,66,0,56,39,53,226,6,640,20,10,18,0,11,3,27,8,0,104,4575,2290,5193,63,2755,900,5005,5104,397,26277,328,173,282,6,323,81,806,211,58,2259,1660,623,4555,18,1247,246,1188,1769,197,11502,1883,1027,691,10,1850,1097,2360,553,106,9579,1875,670,626,52,984,4440,1507,707,103,10963,661,27,543,668,123,712,108,961,28,3834,869,303,360,233,2308,230,4989,405,139,9824,121,139,128,12,101,78,147,46,15,778,140,351,36,7,772,80,6,6,37,1445,263,105,167,16,244,496,118,120,23,1541,534,1928,676,20,915,61,181,112,53,4479,330,293,235,160,346,55,364,1289,37,3105,437,1017,196,1145,1429,20,71,399,74,4783,520,3888,172,1266,553,10,40,64,26,6537,607,4751,322,4047,1438,74,134,422,102,11885,174,80,129,214,88,35,21,66,23,824,464,348,2346,356,680,110,153,473,62,4990,1129,903,1269,235,1115,496,1897,1580,1422,10053
21205,32,17,35,0,16,9,12,21,3,138,21,23,14,0,6,0,24,3,3,93,2292,2223,1729,97,1142,613,890,1345,139,10476,154,265,130,0,127,21,86,39,18,840,1627,926,3794,14,1201,251,296,818,143,9066,1982,1639,517,17,1191,782,416,148,106,6786,1906,1173,554,65,1021,4490,657,684,93,10651,832,96,792,1452,165,665,101,1075,26,5205,465,214,98,34,1176,187,1730,77,70,4067,239,532,341,19,170,89,39,30,20,1478,399,927,33,11,1230,67,0,0,51,2737,218,191,59,15,251,793,40,51,29,1644,1436,5226,1031,20,1306,111,62,106,87,9377,551,599,342,154,652,62,203,1228,59,3850,318,543,240,1647,535,24,27,109,37,3482,1372,9819,569,1661,1648,53,15,107,99,15336,1081,9042,941,4421,2848,136,135,657,166,19429,205,197,83,438,130,50,30,30,10,1183,390,399,1312,446,419,83,59,215,43,3363,977,1062,633,204,777,358,496,484,1067,6065
21301,73,13,17,0,45,12,60,55,4,276,15,10,30,0,11,0,48,4,6,114,1197,662,1647,64,674,271,1261,1608,111,7501,114,59,179,0,110,24,257,88,21,868,686,194,2319,4,510,82,477,972,101,5346,554,251,286,6,524,439,723,180,23,2988,976,281,364,54,422,3273,755,545,62,6729,501,19,358,555,85,857,83,990,28,3469,578,122,157,25,1812,154,3573,243,88,6739,49,68,65,11,39,75,16,11,9,338,67,164,4,3,381,30,4,6,13,674,123,35,53,10,153,303,71,56,15,826,163,725,260,4,345,21,47,76,14,1666,116,215,110,83,169,25,196,633,16,1557,236,654,115,849,615,3,39,153,43,2700,304,3376,136,1146,348,10,14,67,28,5433,420,4965,268,3070,1166,42,80,295,91,10392,105,74,25,145,40,48,8,28,10,483,174,154,1095,284,204,49,51,242,25,2274,380,313,503,158,436,215,781,523,763,4070
21302,14,14,8,0,14,11,6,15,0,85,13,12,13,0,5,0,22,12,0,71,605,441,1015,21,287,116,543,529,43,3600,66,68,74,8,54,6,135,71,6,486,682,367,2087,9,500,45,351,860,96,4987,349,227,98,8,289,181,300,74,22,1550,574,303,189,21,272,1596,478,347,43,3819,340,15,274,594,39,342,42,450,19,2117,397,136,214,17,684,99,2220,175,77,4010,41,80,50,0,38,24,10,9,0,255,67,191,3,4,170,11,9,3,12,463,128,30,74,4,109,187,60,56,12,652,185,842,204,8,210,22,18,18,19,1523,94,85,67,37,99,10,178,369,13,951,149,249,113,433,223,3,18,139,17,1332,143,1359,45,629,151,5,5,26,17,2368,136,1033,108,1234,384,26,34,139,9,3114,90,128,43,135,59,39,3,21,5,521,127,102,615,237,119,28,37,173,13,1445,236,222,260,67,208,94,409,237,339,2079
21303,22,10,5,0,6,9,7,14,0,84,0,5,3,0,3,0,0,0,0,21,462,268,516,23,235,177,460,617,45,2808,105,202,62,7,136,4,22,20,9,567,421,304,1246,3,213,37,149,457,51,2893,249,81,52,11,180,181,191,116,13,1073,968,227,302,53,293,3642,395,465,42,6385,533,87,484,865,58,402,43,632,17,3122,263,96,112,23,390,66,1381,143,40,2516,91,194,57,0,48,84,13,13,3,503,122,265,7,3,319,23,0,0,14,754,90,29,14,18,95,213,25,20,0,508,235,1188,195,11,298,33,48,27,17,2048,137,113,67,67,102,26,80,429,3,1008,174,482,91,392,309,12,20,118,28,1616,403,2533,80,655,443,6,6,24,24,4179,521,3533,191,2142,1004,48,59,182,57,7731,163,222,31,255,70,29,13,27,20,823,177,190,580,469,177,28,40,156,15,1843,258,223,215,108,205,102,341,252,473,2186
21304,189,73,36,0,59,19,53,88,10,533,14,11,26,0,13,0,115,7,0,185,304,105,450,28,175,137,272,292,18,1785,29,21,46,0,32,7,102,59,12,300,549,145,2840,20,616,114,661,965,101,6014,201,103,109,5,239,148,165,72,19,1055,673,178,265,33,271,3034,492,620,36,5608,402,12,316,585,42,842,81,864,27,3174,256,52,79,20,494,67,1525,65,38,2592,42,91,66,0,49,30,9,12,8,299,54,195,4,6,289,26,0,0,9,589,122,73,39,10,195,349,209,30,19,1049,154,668,206,4,306,13,3,5,14,1378,86,103,102,74,153,25,75,460,5,1076,255,536,98,1875,484,0,13,150,38,3452,318,3408,115,1564,370,5,9,71,29,5888,168,1493,129,1991,529,19,20,116,26,4501,78,56,57,183,50,19,6,64,13,522,116,82,894,340,156,28,36,124,9,1795,214,136,252,96,262,103,334,243,468,2104
21305,460,66,79,4,114,31,147,355,17,1286,13,5,19,0,3,5,53,3,0,107,1082,503,1220,61,610,262,1457,1351,105,6649,103,86,99,0,111,43,194,75,20,726,868,354,3556,19,704,166,855,1336,136,7987,663,268,317,13,577,399,960,200,45,3436,1385,546,407,54,669,5123,1776,901,99,10966,709,33,632,874,109,1177,105,1335,30,4997,903,257,284,51,1766,173,7551,476,175,11637,109,174,146,16,194,57,22,17,14,745,107,472,14,0,552,31,5,0,27,1210,182,68,49,9,243,679,103,66,25,1426,373,1758,422,12,569,27,31,83,39,3320,184,241,188,107,258,36,572,1033,50,2660,468,886,216,1421,676,7,45,336,68,4134,547,5765,232,2416,582,5,22,112,43,9718,387,3325,313,3823,1168,49,43,168,53,9324,167,141,105,391,105,53,5,57,20,1045,212,168,1293,357,249,54,65,230,32,2647,469,389,485,178,473,186,1009,577,1043,4811
21401,76,23,62,0,36,25,17,96,0,345,14,8,14,0,7,0,27,5,0,70,746,250,953,28,464,215,490,600,31,3781,184,313,99,0,220,17,97,51,17,992,789,155,2875,8,707,63,310,881,75,5852,333,95,65,7,236,226,162,84,11,1223,875,245,264,50,354,3492,204,527,39,6047,449,21,328,667,69,646,60,895,19,3156,156,36,58,15,324,80,646,104,18,1429,71,100,72,12,42,78,9,8,7,398,80,197,11,0,282,30,35,3,12,660,88,44,29,9,143,287,9,24,12,644,224,999,315,9,539,33,15,22,13,2174,139,177,191,147,186,24,54,614,14,1560,163,436,145,668,414,4,24,117,18,1992,288,2652,83,1073,340,3,7,45,26,4513,472,5392,336,3590,1513,56,92,341,83,11875,144,109,78,254,67,44,3,31,18,744,149,135,911,373,193,33,26,172,19,2007,318,220,330,93,325,143,311,340,505,2582
21402,569,50,156,7,88,55,76,433,18,1444,18,22,51,0,6,0,22,3,3,143,598,292,885,111,262,238,420,1024,40,3869,38,24,66,0,34,16,122,30,15,346,921,141,3668,43,780,73,335,856,76,6897,211,45,67,4,126,206,118,91,8,875,1086,259,423,107,295,4180,167,673,23,7226,1072,54,887,1865,185,648,94,1146,40,5989,114,48,39,12,223,85,432,59,9,1017,54,111,42,0,37,51,0,10,4,311,126,314,3,6,328,9,0,0,33,820,121,84,24,5,209,556,17,27,19,1068,423,1753,433,61,728,51,15,46,31,3535,193,113,294,142,179,18,35,621,4,1597,377,583,726,1184,405,19,11,106,51,3466,340,2902,128,1091,361,8,3,87,39,4960,398,2873,282,3554,1105,52,31,463,50,8801,237,284,197,341,106,45,8,185,27,1431,206,121,1123,507,216,39,18,138,25,2382,285,236,298,118,266,137,172,248,541,2293
21501,3083,82,210,16,150,48,208,732,26,4558,37,48,76,0,14,0,120,29,5,330,235,65,372,19,120,88,158,709,37,1809,55,54,68,0,63,9,74,14,0,335,200,28,709,0,132,21,253,245,15,1595,119,71,72,0,89,177,79,86,12,697,381,53,197,25,86,1229,42,252,14,2276,364,4,162,284,37,200,16,383,12,1457,96,3,34,8,185,37,511,40,11,933,20,52,26,0,16,20,3,8,0,149,30,77,0,0,152,10,0,7,0,279,9,16,10,3,43,78,6,3,5,176,51,289,122,0,176,12,4,15,8,668,43,45,49,32,55,4,4,267,4,508,207,375,108,735,285,0,128,133,28,1999,140,1087,42,455,182,0,15,59,7,1995,218,1546,161,1826,576,18,29,404,27,4812,65,65,57,75,19,10,3,41,6,345,63,57,433,106,84,13,5,69,5,837,67,53,95,46,58,45,58,139,271,831
21502,1179,79,133,7,123,25,196,869,45,2648,15,10,15,0,3,0,24,12,0,82,221,84,340,13,133,67,142,273,22,1295,52,44,84,0,50,4,51,29,4,317,208,26,789,0,186,30,140,208,14,1591,95,54,82,5,126,114,90,47,7,612,394,59,161,23,101,1630,79,283,16,2744,277,9,212,353,66,213,41,423,11,1600,98,16,51,37,174,54,495,40,13,970,22,41,32,0,18,28,7,8,0,155,54,84,8,0,175,11,0,3,11,332,21,20,16,4,60,117,5,19,6,257,80,396,130,0,220,10,7,18,0,863,68,107,70,81,110,5,43,429,10,910,123,239,75,442,237,5,54,72,17,1269,144,1215,41,453,172,5,6,36,16,2079,222,1475,132,1348,492,18,14,147,22,3873,28,50,26,48,17,18,0,15,4,211,61,42,464,163,80,24,10,73,9,929,101,74,145,43,96,66,96,194,338,1153
21503,2049,60,174,0,159,33,229,993,37,3726,14,6,14,0,7,0,27,4,0,70,190,54,235,17,118,68,119,308,19,1132,14,8,52,0,35,0,47,17,5,174,185,19,466,0,99,18,115,141,12,1052,100,68,62,0,74,124,63,51,3,546,235,42,110,4,61,795,46,165,4,1454,155,7,104,193,27,97,0,207,0,798,77,7,27,8,121,34,267,39,11,588,8,18,9,0,5,16,0,3,0,61,20,52,0,0,108,6,0,0,4,195,9,3,4,3,17,43,0,0,6,82,25,187,60,6,124,7,3,8,0,425,28,39,18,13,27,0,11,209,9,346,92,138,57,256,160,0,43,80,16,846,84,826,36,270,126,0,7,27,4,1383,97,781,79,743,257,0,7,183,12,2158,20,24,14,49,9,4,0,20,0,141,24,31,341,57,55,10,6,43,0,578,90,45,95,31,58,35,83,151,259,856
21601,1273,36,78,3,87,24,92,513,15,2113,4,0,0,0,0,0,13,0,0,23,265,96,409,22,120,103,206,513,14,1755,14,10,32,0,18,3,50,21,3,150,178,46,561,0,137,13,159,176,20,1284,61,31,26,0,42,82,49,38,0,338,241,48,132,14,75,992,50,176,11,1732,192,4,149,265,33,145,22,260,6,1079,66,9,29,0,90,30,309,23,4,562,6,17,0,0,5,16,0,3,0,53,26,63,0,3,127,5,0,3,3,224,15,11,6,0,39,75,3,12,0,157,43,260,88,5,140,8,3,5,5,551,35,38,30,28,41,5,4,146,7,324,71,94,39,150,100,3,24,42,4,532,54,748,27,279,73,0,0,29,0,1210,148,966,84,1069,307,13,11,190,21,2813,31,17,30,29,5,9,0,13,4,143,45,41,368,96,65,14,8,86,6,731,72,36,96,29,50,48,76,79,187,667
21602,1148,38,85,0,70,10,91,525,25,1996,3,0,4,0,0,0,17,0,0,31,164,60,270,18,88,55,147,474,20,1299,11,0,19,0,15,3,32,12,5,99,125,19,417,0,109,21,123,142,10,973,38,19,12,0,23,47,21,26,0,182,183,28,89,4,55,644,20,118,3,1142,135,0,80,182,15,57,9,165,4,644,63,10,31,5,89,23,255,42,6,519,6,22,8,0,6,5,0,0,0,48,17,39,0,0,77,4,0,0,3,135,3,11,6,0,18,56,0,11,0,99,15,131,47,3,99,8,0,9,0,313,20,16,23,9,20,5,4,117,5,222,36,55,33,75,58,6,10,25,3,295,59,543,23,228,61,0,7,19,5,947,65,469,49,618,184,0,10,137,8,1530,7,19,11,6,8,8,0,9,0,69,24,19,240,54,47,5,4,41,0,437,46,14,49,20,37,19,40,73,117,424
21603,1178,61,104,4,112,29,109,702,21,2323,3,0,12,0,0,0,17,0,3,32,417,164,607,18,239,122,384,810,47,2807,158,173,114,0,179,8,128,37,15,816,295,67,1199,0,295,49,207,362,37,2518,107,56,75,0,99,142,123,72,3,672,431,81,212,43,143,1753,114,280,9,3067,277,13,182,353,56,314,40,451,3,1691,135,11,60,17,264,46,663,40,6,1247,28,83,33,0,36,41,5,3,5,232,39,151,0,4,203,10,0,0,3,411,30,25,19,4,80,109,6,10,3,285,109,601,183,0,298,10,5,24,9,1241,69,85,63,32,73,11,47,424,4,816,165,310,74,480,294,5,17,96,16,1453,180,1538,68,544,247,7,5,52,11,2653,307,2283,174,1927,691,25,39,256,43,5748,47,36,59,55,31,18,4,30,3,281,96,93,624,170,132,27,33,225,3,1417,139,78,213,55,134,84,143,226,359,1424
21701,1751,87,126,19,89,25,114,542,24,2767,7,4,4,0,0,0,19,0,3,34,117,71,363,23,71,55,381,153,36,1264,7,6,23,0,17,0,36,26,8,131,125,14,505,0,92,12,121,160,8,1032,63,49,31,0,66,119,40,36,8,409,214,28,97,6,48,814,19,150,0,1371,169,6,129,244,32,131,6,226,5,957,80,25,33,3,117,28,345,55,8,694,11,37,25,0,10,11,0,13,0,98,15,36,3,0,98,6,0,0,0,167,15,0,8,0,28,65,7,7,0,126,23,202,72,3,125,13,0,9,0,442,13,39,56,19,17,0,5,146,0,300,93,164,49,282,200,3,55,75,9,938,100,705,34,258,116,0,10,42,4,1262,123,932,98,909,307,3,13,203,11,2598,22,45,25,54,11,6,0,13,0,173,36,34,267,80,42,8,11,56,4,528,74,31,97,27,41,26,63,79,172,621
21703,2142,43,148,6,94,19,197,751,30,3426,10,8,42,0,4,0,35,3,0,101,265,79,377,22,133,61,318,945,20,2220,22,7,91,0,15,0,46,15,5,199,156,17,533,0,82,5,166,211,15,1190,52,21,41,0,41,104,35,45,0,345,222,35,114,15,63,842,50,173,0,1513,285,13,174,266,51,123,7,296,7,1219,81,10,34,9,102,22,361,13,3,636,18,39,21,0,18,18,0,0,0,115,20,50,0,0,79,5,0,0,4,155,11,9,0,0,22,69,5,4,0,112,32,220,65,0,126,7,0,3,5,450,25,31,65,74,17,4,9,201,4,426,100,138,46,223,136,3,47,60,14,766,76,768,27,298,91,4,4,20,0,1291,100,695,64,960,251,9,9,175,12,2279,30,47,26,36,6,8,0,16,3,172,29,25,281,53,43,11,8,54,3,504,119,32,86,32,48,26,73,102,201,715
21704,1558,34,96,7,46,16,74,519,16,2364,7,3,3,0,10,0,24,8,0,48,253,115,409,17,146,105,210,661,27,1950,58,42,86,0,78,0,55,17,8,343,237,31,881,0,142,24,171,235,17,1737,95,31,33,0,67,128,76,62,0,496,352,62,195,21,129,1488,102,311,14,2667,321,0,242,481,87,223,27,527,13,1925,76,16,35,12,145,37,401,20,9,747,17,48,29,0,16,21,0,3,3,141,41,109,7,0,161,10,0,6,0,340,20,10,6,3,43,112,4,6,7,220,42,469,122,3,250,5,6,10,0,906,44,61,59,51,63,16,0,225,7,520,115,244,78,422,213,4,57,113,11,1264,141,1164,50,413,190,5,0,41,15,2027,240,1819,135,1376,546,24,23,238,20,4417,41,46,51,49,16,14,4,66,5,285,60,38,423,147,99,16,10,81,10,886,86,53,102,51,59,58,62,116,231,811
29797,0,0,0,0,0,0,0,0,0,0,3,5,26,0,0,0,11,8,6,57,0,0,0,0,0,0,0,0,0,0,0,0,0,0,0,0,0,0,0,3,0,0,3,0,0,0,0,4,0,16,0,0,0,0,0,0,0,0,0,3,0,0,0,0,0,0,0,0,0,0,0,0,0,0,0,0,0,5,0,5,0,24,11,13,0,0,4,26,0,77,0,0,0,0,0,0,0,0,0,0,0,0,0,0,0,0,0,0,0,0,0,0,0,0,0,0,0,0,0,0,0,0,0,0,0,0,0,0,0,5,0,0,0,0,0,0,0,0,0,0,0,0,0,0,0,0,0,0,0,3,0,0,0,0,0,0,0,0,0,0,0,0,0,0,0,0,0,0,0,0,0,0,0,0,0,0,0,0,0,0,0,0,0,0,0,0,0,0,0,4,0,5,0,0,0,0,0,7,0,16
29999,995,125,559,7,64,51,213,837,69,2922,29,56,67,0,9,0,102,25,8,298,400,313,900,24,122,441,151,334,45,2727,96,88,281,0,128,47,211,153,32,1029,3733,523,34916,46,896,163,2670,9903,750,53597,341,396,213,8,123,574,85,83,20,1844,747,428,282,38,215,1578,127,195,63,3674,310,93,179,313,75,193,260,250,36,1705,466,260,151,110,847,103,5443,398,109,7884,210,684,762,9,111,76,12,45,35,1949,314,711,56,8,736,87,7,7,99,2027,128,193,84,9,105,335,43,81,46,1024,948,4430,845,36,1181,330,23,165,136,8098,434,683,3027,647,452,129,182,7939,108,13600,262,561,326,1234,491,22,49,643,100,3695,269,3016,100,1129,169,19,13,61,62,4840,416,3139,299,8627,478,59,27,251,126,13424,172,781,139,535,91,34,11,82,28,1863,213,273,2157,883,111,51,61,523,50,4323,724,821,1105,414,490,411,473,839,1672,6946
