POW_SA3_CODE_2021,OM_UIE_75ov_HW_0,OM_UIE_75ov_HW_1_19,OM_UIE_75ov_HW_20_29,OM_UIE_75ov_HW_30_34,OM_UIE_75ov_HW_35_39,OM_UIE_75ov_HW_40_44,OM_UIE_75ov_HW_45_49,OM_UIE_75ov_HW_50mor,OM_UIE_75ov_HW_NS,OM_UIE_75ov_Tot,OM_UIE_Tot_HW_0,OM_UIE_Tot_HW_1_19,OM_UIE_Tot_HW_20_29,OM_UIE_Tot_HW_30_34,OM_UIE_Tot_HW_35_39,OM_UIE_Tot_HW_40_44,OM_UIE_Tot_HW_45_49,OM_UIE_Tot_HW_50mor,OM_UIE_Tot_HW_NS,OM_UIE_Tot_Tot,CFW_15_19_HW_0,CFW_15_19_HW_1_19,CFW_15_19_HW_20_29,CFW_15_19_HW_30_34,CFW_15_19_HW_35_39,CFW_15_19_HW_40_44,CFW_15_19_HW_45_49,CFW_15_19_HW_50mor,CFW_15_19_HW_NS,CFW_15_19_Tot,CFW_20_24_HW_0,CFW_20_24_HW_1_19,CFW_20_24_HW_20_29,CFW_20_24_HW_30_34,CFW_20_24_HW_35_39,CFW_20_24_HW_40_44,CFW_20_24_HW_45_49,CFW_20_24_HW_50mor,CFW_20_24_HW_NS,CFW_20_24_Tot,CFW_25_29_HW_0,CFW_25_29_HW_1_19,CFW_25_29_HW_20_29,CFW_25_29_HW_30_34,CFW_25_29_HW_35_39,CFW_25_29_HW_40_44,CFW_25_29_HW_45_49,CFW_25_29_HW_50mor,CFW_25_29_HW_NS,CFW_25_29_Tot,CFW_30_34_HW_0,CFW_30_34_HW_1_19,CFW_30_34_HW_20_29,CFW_30_34_HW_30_34,CFW_30_34_HW_35_39,CFW_30_34_HW_40_44,CFW_30_34_HW_45_49,CFW_30_34_HW_50mor,CFW_30_34_HW_NS,CFW_30_34_Tot,CFW_35_39_HW_0,CFW_35_39_HW_1_19,CFW_35_39_HW_20_29,CFW_35_39_HW_30_34,CFW_35_39_HW_35_39,CFW_35_39_HW_40_44,CFW_35_39_HW_45_49,CFW_35_39_HW_50mor,CFW_35_39_HW_NS,CFW_35_39_Tot,CFW_40_44_HW_0,CFW_40_44_HW_1_19,CFW_40_44_HW_20_29,CFW_40_44_HW_30_34,CFW_40_44_HW_35_39,CFW_40_44_HW_40_44,CFW_40_44_HW_45_49,CFW_40_44_HW_50mor,CFW_40_44_HW_NS,CFW_40_44_Tot,CFW_45_49_HW_0,CFW_45_49_HW_1_19,CFW_45_49_HW_20_29,CFW_45_49_HW_30_34,CFW_45_49_HW_35_39,CFW_45_49_HW_40_44,CFW_45_49_HW_45_49,CFW_45_49_HW_50mor,CFW_45_49_HW_NS,CFW_45_49_Tot,CFW_50_54_HW_0,CFW_50_54_HW_1_19,CFW_50_54_HW_20_29,CFW_50_54_HW_30_34,CFW_50_54_HW_35_39,CFW_50_54_HW_40_44,CFW_50_54_HW_45_49,CFW_50_54_HW_50mor,CFW_50_54_HW_NS,CFW_50_54_Tot,CFW_55_59_HW_0,CFW_55_59_HW_1_19,CFW_55_59_HW_20_29,CFW_55_59_HW_30_34,CFW_55_59_HW_35_39,CFW_55_59_HW_40_44,CFW_55_59_HW_45_49,CFW_55_59_HW_50mor,CFW_55_59_HW_NS,CFW_55_59_Tot,CFW_60_64_HW_0,CFW_60_64_HW_1_19,CFW_60_64_HW_20_29,CFW_60_64_HW_30_34,CFW_60_64_HW_35_39,CFW_60_64_HW_40_44,CFW_60_64_HW_45_49,CFW_60_64_HW_50mor,CFW_60_64_HW_NS,CFW_60_64_Tot,CFW_65_69_HW_0,CFW_65_69_HW_1_19,CFW_65_69_HW_20_29,CFW_65_69_HW_30_34,CFW_65_69_HW_35_39,CFW_65_69_HW_40_44,CFW_65_69_HW_45_49,CFW_65_69_HW_50mor,CFW_65_69_HW_NS,CFW_65_69_Tot,CFW_70_74_HW_0,CFW_70_74_HW_1_19,CFW_70_74_HW_20_29,CFW_70_74_HW_30_34,CFW_70_74_HW_35_39,CFW_70_74_HW_40_44,CFW_70_74_HW_45_49,CFW_70_74_HW_50mor,CFW_70_74_HW_NS,CFW_70_74_Tot,CFW_75ov_HW_0,CFW_75ov_HW_1_19,CFW_75ov_HW_20_29,CFW_75ov_HW_30_34,CFW_75ov_HW_35_39,CFW_75ov_HW_40_44,CFW_75ov_HW_45_49,CFW_75ov_HW_50mor,CFW_75ov_HW_NS,CFW_75ov_Tot,CFW_Tot_HW_0,CFW_Tot_HW_1_19,CFW_Tot_HW_20_29,CFW_Tot_HW_30_34,CFW_Tot_HW_35_39,CFW_Tot_HW_40_44,CFW_Tot_HW_45_49,CFW_Tot_HW_50mor,CFW_Tot_HW_NS,CFW_Tot_Tot,St_Em_NS_15_19_HW_0,St_Em_NS_15_19_HW_1_19,St_Em_NS_15_19_HW_20_29,St_Em_NS_15_19_HW_30_34,St_Em_NS_15_19_HW_35_39,St_Em_NS_15_19_HW_40_44,St_Em_NS_15_19_HW_45_49,St_Em_NS_15_19_HW_50mor,St_Em_NS_15_19_HW_NS,St_Em_NS_15_19_Tot,St_Em_NS_20_24_HW_0,St_Em_NS_20_24_HW_1_19,St_Em_NS_20_24_HW_20_29,St_Em_NS_20_24_HW_30_34,St_Em_NS_20_24_HW_35_39,St_Em_NS_20_24_HW_40_44,St_Em_NS_20_24_HW_45_49,St_Em_NS_20_24_HW_50mor,St_Em_NS_20_24_HW_NS,St_Em_NS_20_24_Tot,St_Em_NS_25_29_HW_0,St_Em_NS_25_29_HW_1_19,St_Em_NS_25_29_HW_20_29,St_Em_NS_25_29_HW_30_34,St_Em_NS_25_29_HW_35_39,St_Em_NS_25_29_HW_40_44,St_Em_NS_25_29_HW_45_49,St_Em_NS_25_29_HW_50mor,St_Em_NS_25_29_HW_NS,St_Em_NS_25_29_Tot,St_Em_NS_30_34_HW_0,St_Em_NS_30_34_HW_1_19,St_Em_NS_30_34_HW_20_29,St_Em_NS_30_34_HW_30_34,St_Em_NS_30_34_HW_35_39,St_Em_NS_30_34_HW_40_44,St_Em_NS_30_34_HW_45_49,St_Em_NS_30_34_HW_50mor,St_Em_NS_30_34_HW_NS,St_Em_NS_30_34_Tot
20101,4,21,8,0,0,3,0,0,0,38,146,620,441,253,279,498,156,482,42,2904,0,11,0,0,0,0,0,0,4,15,0,5,0,0,0,0,0,0,0,7,0,4,4,0,0,5,0,0,0,14,0,11,0,6,3,0,0,0,5,30,3,27,0,4,0,9,0,4,0,55,3,29,5,5,0,8,3,14,5,73,0,15,5,7,8,13,0,6,0,58,5,13,12,6,0,6,8,15,0,61,9,14,11,10,4,7,7,10,7,68,9,32,5,3,6,6,5,14,4,75,4,15,6,5,0,5,5,7,3,46,0,23,10,5,0,0,0,3,4,48,4,16,0,9,0,0,0,0,5,43,32,210,70,52,29,60,25,75,39,588,0,5,0,0,0,0,0,0,7,14,6,3,0,0,5,0,0,0,7,20,0,0,6,4,4,3,0,0,5,21,3,3,3,0,3,0,0,0,7,28
20102,4,9,13,7,7,5,9,21,0,70,75,296,186,119,95,204,72,287,28,1354,0,7,3,0,0,0,0,0,0,19,0,0,0,0,0,0,0,4,0,10,0,0,4,0,0,0,0,3,0,5,0,0,4,0,0,0,0,4,0,18,0,5,4,6,0,5,0,3,0,19,0,5,4,0,0,8,0,11,0,37,0,9,10,0,3,7,0,8,0,40,0,0,4,4,0,4,0,13,0,29,4,10,9,0,0,3,0,28,0,56,4,18,9,7,4,3,4,18,5,78,0,10,12,5,3,9,0,12,0,51,4,19,11,4,3,10,0,10,0,51,4,13,18,4,3,8,0,8,4,65,25,103,93,39,28,47,6,115,11,469,0,0,0,0,0,0,0,0,0,8,3,5,0,0,0,0,0,0,0,7,0,5,0,0,0,0,0,4,3,6,0,0,0,0,0,0,0,0,0,6
20103,0,6,9,6,0,0,0,4,0,29,32,125,86,69,43,131,54,220,15,779,0,4,0,0,0,0,0,0,0,10,0,0,0,0,0,0,0,0,0,0,0,3,0,0,0,0,0,0,0,8,0,0,0,0,0,4,0,6,0,12,0,5,0,0,0,0,0,4,0,12,0,0,4,0,0,0,0,5,0,16,0,3,0,3,0,0,0,18,0,40,0,3,3,0,0,8,0,16,3,42,0,5,7,3,0,9,5,19,5,53,0,4,4,6,0,10,0,18,0,42,6,9,4,9,0,10,0,15,0,39,4,7,6,3,0,8,6,14,7,39,3,12,6,5,3,7,0,0,0,46,19,71,41,29,4,53,15,110,16,366,0,4,0,0,0,4,0,0,0,11,0,0,0,0,3,0,0,0,0,3,0,0,0,0,0,0,0,0,4,8,0,0,0,0,0,0,0,0,0,4
20201,3,6,6,0,3,0,0,0,0,21,117,511,369,240,236,385,124,398,31,2407,0,12,5,0,0,0,0,0,0,18,0,3,0,0,0,0,0,0,0,9,0,10,0,0,0,0,0,3,4,17,0,9,5,0,0,0,0,6,5,30,0,20,8,0,0,0,0,3,3,39,5,9,3,0,0,7,0,7,0,36,0,13,10,0,5,4,0,11,3,43,3,6,12,6,7,3,0,15,0,46,7,16,3,4,0,4,0,7,0,42,8,16,9,0,0,9,0,7,6,53,5,18,8,0,0,6,0,9,3,46,0,11,7,5,0,0,0,4,3,33,0,18,7,3,0,0,0,0,9,34,36,153,66,29,21,36,11,62,29,432,0,0,0,0,0,0,0,0,4,6,0,0,3,0,0,4,0,0,7,11,3,0,0,0,3,0,0,0,3,17,0,0,0,4,0,3,0,3,8,16
20202,0,33,12,12,3,16,0,16,6,100,80,541,343,255,186,361,89,362,28,2243,6,4,0,0,0,0,0,0,0,7,0,4,0,0,0,0,0,0,0,12,0,0,0,0,0,0,0,0,0,6,3,9,8,0,5,0,0,0,0,23,4,3,4,4,0,4,0,4,0,25,0,14,6,0,3,4,6,4,4,39,6,9,6,0,0,4,4,10,0,45,3,16,0,0,0,5,0,5,0,36,0,10,5,9,4,8,0,12,0,63,10,14,11,0,5,11,7,13,0,76,9,27,8,3,7,3,0,13,0,69,0,21,8,9,0,11,4,12,3,65,3,18,15,8,4,3,0,8,7,60,40,157,69,39,25,60,25,85,24,523,0,0,0,0,0,0,0,0,5,7,0,4,0,3,0,0,0,0,3,13,0,0,0,0,0,3,0,4,0,10,0,0,0,0,0,0,0,3,3,16
20203,0,3,5,5,5,8,5,14,0,37,17,66,70,35,36,80,33,253,13,609,0,6,0,0,0,0,0,0,4,10,0,3,0,0,0,0,0,0,0,8,0,3,0,0,0,0,0,0,0,3,0,0,0,0,0,0,0,3,0,8,0,3,6,0,0,5,0,0,0,15,0,0,3,0,3,0,0,8,4,15,0,0,0,0,0,3,3,4,0,18,0,6,0,0,0,8,5,7,6,30,0,6,0,4,0,4,0,15,5,38,0,11,6,0,0,3,5,24,3,51,3,3,9,5,0,4,0,20,0,42,0,5,11,0,0,8,0,16,0,47,0,5,7,0,0,4,0,11,8,47,15,64,35,18,7,37,12,109,29,331,0,0,0,0,0,0,0,0,0,0,0,0,0,0,0,0,0,0,0,0,0,0,0,0,0,0,0,0,0,8,0,0,0,0,0,0,0,0,4,5
20301,0,9,3,5,0,6,0,11,0,32,32,171,95,64,63,102,24,157,12,722,0,3,0,0,0,0,0,0,0,7,0,0,0,0,0,0,0,0,0,0,0,0,0,0,0,0,0,0,0,3,0,8,0,0,0,0,0,6,0,11,0,6,3,5,0,4,3,0,0,23,0,3,3,0,0,0,0,0,0,18,0,0,6,0,5,4,3,0,0,20,0,6,0,0,0,4,0,5,0,22,7,9,3,0,0,3,0,3,0,23,0,7,0,0,5,8,0,9,0,28,4,12,7,3,0,6,0,8,0,31,0,13,7,7,4,7,0,10,0,49,6,12,3,9,0,4,3,5,0,44,21,89,38,27,11,45,6,54,4,286,0,0,0,0,0,0,0,0,0,3,0,0,0,0,0,0,0,0,0,0,0,0,0,0,0,0,0,0,0,4,0,0,0,0,0,3,0,0,0,3
20302,4,32,12,3,5,7,5,10,0,75,280,1278,882,610,472,900,280,813,89,5607,4,13,0,0,0,0,0,0,0,25,0,9,5,0,0,0,0,0,0,27,5,18,3,0,0,3,0,0,7,33,6,30,8,7,4,6,0,10,6,70,5,33,11,6,0,11,0,16,5,95,10,32,13,8,4,12,0,12,5,97,7,27,21,9,0,9,4,16,4,107,9,24,17,8,12,9,3,10,12,101,0,26,12,9,0,19,4,18,0,94,11,34,17,9,4,9,0,9,4,87,3,26,11,13,3,10,0,3,0,72,4,30,12,6,3,4,0,11,4,66,5,21,9,0,0,3,0,6,6,47,73,328,138,61,37,98,25,104,46,914,0,3,0,0,0,0,0,0,10,23,0,3,0,3,3,9,0,0,13,40,3,0,0,5,10,13,6,6,16,57,3,3,0,0,4,9,3,3,14,49
20303,0,31,10,9,0,6,0,9,0,54,152,788,491,335,261,495,112,296,32,2957,0,5,3,0,0,0,0,0,5,18,0,0,3,0,0,0,0,0,0,3,3,4,0,0,0,0,0,0,0,8,0,13,4,0,0,3,0,0,3,27,4,20,9,0,9,7,0,0,0,46,4,18,6,4,4,6,0,7,0,58,3,18,10,7,8,4,0,13,5,65,3,10,9,0,0,4,0,8,4,45,9,22,6,0,0,7,5,8,0,59,0,25,14,3,5,5,0,13,0,67,6,25,13,9,0,5,0,6,0,73,0,30,7,4,0,4,0,0,4,51,7,26,8,4,0,8,0,8,0,50,42,214,98,40,26,53,10,67,25,575,3,9,0,0,0,0,0,0,0,15,3,0,0,0,0,0,0,0,0,7,0,3,0,0,5,0,0,0,0,9,3,4,0,0,3,0,0,0,3,20
20401,4,26,23,23,12,20,3,36,7,155,115,376,292,223,174,393,127,490,45,2239,0,8,3,0,0,0,0,0,0,16,0,3,0,0,0,0,0,0,0,8,0,0,0,4,0,0,0,0,0,9,4,3,0,0,0,3,0,3,6,15,0,12,3,6,4,0,0,7,3,42,0,11,12,0,5,10,0,14,6,55,0,17,6,3,9,10,0,16,8,65,5,13,9,0,0,5,3,24,0,74,7,15,9,6,6,8,0,36,0,88,5,29,9,15,11,20,3,22,0,117,3,32,21,23,9,19,8,23,9,135,7,38,24,21,4,21,7,32,3,156,15,28,22,16,6,9,3,12,12,135,53,217,124,96,45,112,30,185,47,921,0,3,0,0,0,0,0,0,0,6,0,0,0,0,0,0,0,0,9,13,0,3,0,0,0,3,0,5,0,11,3,0,0,0,0,0,0,0,0,10
20402,7,12,17,15,11,17,0,21,3,102,100,281,222,156,135,304,101,472,35,1815,6,17,3,0,0,0,0,0,6,21,0,4,0,0,0,0,0,0,0,3,0,0,0,4,0,0,0,0,0,8,0,6,0,0,0,3,0,3,0,16,0,6,0,0,4,5,0,4,4,29,0,4,4,0,3,3,0,12,0,32,3,9,4,3,0,10,3,11,0,42,0,14,3,5,4,11,3,23,4,65,0,10,11,9,3,4,3,21,0,61,3,15,13,0,3,11,5,17,6,81,7,25,19,9,3,13,3,28,3,102,5,20,17,9,6,12,4,18,0,83,9,22,16,10,3,13,0,19,12,97,27,147,90,50,31,86,20,167,28,657,5,3,0,0,0,0,0,0,3,13,3,0,0,0,3,0,0,0,0,20,3,0,0,0,0,4,0,0,7,12,0,0,0,0,0,0,0,0,5,12
20403,8,33,7,7,8,14,4,33,6,123,137,477,346,233,220,418,155,647,46,2673,0,11,0,0,0,0,0,0,4,20,0,0,0,0,0,0,0,0,0,3,0,3,0,0,0,0,0,4,3,15,3,11,4,0,0,0,0,5,0,27,0,9,4,0,0,3,0,7,3,32,4,16,6,6,5,4,5,12,4,51,3,9,5,5,4,4,3,21,0,53,0,13,10,5,3,6,4,26,0,69,6,21,8,8,9,15,0,29,3,100,10,22,12,7,10,10,0,22,0,104,9,28,19,4,4,16,5,18,0,105,6,23,14,11,3,16,5,23,0,103,3,22,22,14,9,9,5,8,8,100,50,186,115,57,43,91,31,173,33,782,0,3,0,0,3,0,0,0,0,15,0,0,0,0,0,0,0,0,9,7,0,0,0,0,4,0,0,5,3,21,0,0,0,3,6,0,0,4,3,25
20501,0,33,15,9,3,5,4,22,3,97,91,361,283,144,166,295,84,503,41,1971,0,8,0,0,0,0,0,0,0,8,0,5,0,0,0,6,0,0,0,12,0,9,6,0,0,0,0,3,0,12,3,16,0,3,0,3,0,9,0,33,0,11,8,4,0,3,0,20,4,44,0,9,12,9,0,4,0,5,0,43,0,12,5,3,0,14,5,7,4,48,0,12,4,3,0,7,0,15,0,46,5,14,7,4,4,11,0,11,0,51,11,16,8,9,7,9,0,24,0,73,0,23,13,10,0,9,0,11,0,64,3,21,8,7,0,10,0,7,4,61,9,17,15,6,4,11,0,16,5,88,32,171,81,43,25,78,10,129,19,588,0,4,0,0,0,0,0,0,0,7,0,0,3,0,0,5,0,0,0,8,0,0,0,0,0,3,0,0,4,8,0,0,0,0,0,0,0,4,0,18
20502,4,10,14,17,4,9,4,17,0,89,86,291,220,153,146,270,109,394,39,1704,0,3,3,0,0,0,0,0,0,5,0,4,0,0,0,0,0,0,4,13,0,4,0,0,0,0,0,0,0,12,0,11,3,0,0,4,0,4,6,29,0,3,7,0,0,5,0,5,5,21,0,8,6,0,0,5,0,13,0,32,0,11,4,6,0,8,0,11,4,37,0,9,5,0,0,6,0,12,3,36,5,12,6,3,6,14,0,22,3,65,3,13,5,10,3,11,0,27,0,82,3,28,14,10,6,14,3,30,3,105,0,12,8,0,4,12,0,16,0,62,6,25,19,4,3,12,3,13,4,93,23,151,76,41,23,79,16,151,32,604,0,9,0,0,0,0,0,0,12,19,0,3,0,0,0,0,0,7,6,13,3,3,0,0,3,0,0,0,0,15,0,0,3,0,0,7,0,0,0,16
20503,7,40,18,21,0,13,5,18,11,130,148,666,427,314,241,529,156,774,65,3322,0,15,3,0,0,0,0,0,0,21,0,3,0,0,0,0,0,3,0,3,0,4,4,0,0,0,4,0,0,11,0,15,3,5,7,0,0,14,3,37,3,19,11,0,3,7,0,9,0,54,5,9,4,0,0,9,0,12,9,54,4,13,4,6,0,12,5,15,6,59,8,15,15,0,0,17,0,19,8,91,7,25,19,7,0,8,7,30,3,97,11,24,15,17,3,10,0,19,9,111,9,44,19,9,3,12,0,29,0,132,4,25,19,0,5,12,0,19,5,97,6,30,17,15,3,7,0,11,0,95,70,244,143,56,29,85,18,183,41,865,4,4,4,0,0,0,0,0,3,14,0,5,4,3,4,0,0,0,3,28,3,0,0,0,3,0,0,0,3,15,4,3,0,0,3,4,0,3,4,27
20504,0,18,5,0,4,7,0,3,3,45,70,310,218,147,132,278,85,307,47,1590,0,4,0,0,0,0,0,0,0,10,0,3,0,0,0,0,0,0,0,3,0,8,4,0,0,0,0,0,0,14,0,4,4,0,0,0,0,0,5,18,0,10,8,6,0,5,0,0,0,25,8,6,3,7,0,0,4,6,0,33,0,5,12,0,0,5,0,8,4,28,5,10,0,0,0,5,3,11,5,37,0,12,5,0,3,3,0,3,0,34,0,13,6,3,0,3,0,11,3,41,4,12,3,9,0,4,0,3,8,43,0,10,4,3,6,7,0,5,3,36,4,17,3,0,0,0,0,3,0,36,23,116,59,22,15,30,6,49,28,362,0,6,0,0,0,0,0,0,4,16,0,3,3,0,3,0,0,0,3,9,4,3,6,0,5,9,0,0,8,26,6,0,0,0,0,6,0,0,7,25
20505,5,11,14,12,3,8,4,20,3,81,78,284,211,144,115,290,93,501,36,1760,0,11,0,0,0,0,0,0,0,15,0,0,3,0,0,0,0,0,0,5,0,5,3,0,0,0,0,0,0,12,0,6,0,0,5,0,0,9,0,16,0,8,5,0,0,5,0,8,0,31,0,6,4,0,0,0,0,12,0,31,4,4,9,0,4,8,0,7,3,34,4,6,7,7,0,4,0,10,0,31,0,7,14,3,5,4,0,18,0,51,3,17,6,4,3,12,3,27,0,72,6,16,7,6,4,7,0,21,9,65,3,11,8,4,0,9,0,23,0,59,0,10,13,4,6,4,0,11,6,54,23,100,76,31,18,59,9,144,19,474,0,4,0,0,0,4,0,0,0,8,0,0,0,0,7,0,0,0,0,12,0,0,0,0,0,3,0,0,0,12,3,0,0,0,0,4,0,3,5,18
20601,0,15,6,5,4,0,0,3,0,35,172,731,518,349,286,526,111,383,42,3119,0,4,0,0,0,0,0,0,0,6,3,9,3,0,0,0,0,0,0,13,0,0,3,0,0,6,0,0,0,16,5,15,3,4,8,3,0,0,0,30,0,15,8,5,6,4,4,6,0,46,7,6,0,8,3,7,0,3,0,35,4,11,5,9,0,4,0,5,0,44,5,15,9,6,3,12,3,8,0,48,8,11,3,4,6,3,0,6,0,40,8,10,5,0,0,4,0,4,0,33,0,7,11,0,0,0,0,0,0,33,0,5,6,4,0,0,0,0,0,15,0,12,0,0,0,0,0,0,0,15,38,110,68,37,21,44,5,39,13,372,0,0,0,0,0,0,0,0,3,4,0,0,0,0,0,0,0,0,3,9,0,0,3,0,0,6,0,0,6,13,5,3,4,0,0,3,0,0,10,20
20602,0,3,7,0,0,4,0,4,0,22,119,491,368,259,210,336,75,215,14,2085,0,7,0,0,0,0,0,0,0,10,0,3,0,0,0,0,0,0,0,3,0,0,0,0,0,0,0,0,0,3,0,4,0,3,0,4,0,0,0,19,0,7,0,0,3,4,3,0,0,21,0,4,9,3,0,3,0,0,0,22,0,4,3,4,0,4,0,0,0,25,0,7,6,0,0,3,0,0,0,25,0,8,7,10,0,0,0,6,0,25,0,7,4,0,0,0,0,0,0,19,5,3,3,0,0,0,0,0,0,11,0,10,0,3,0,0,0,5,0,21,0,4,3,4,0,0,0,0,0,12,15,77,34,22,11,23,0,25,11,224,0,0,0,0,0,0,0,0,0,0,0,0,0,0,0,0,0,0,4,5,0,0,3,0,0,0,0,0,0,4,0,0,3,0,0,0,0,0,7,16
20603,0,8,3,0,0,0,0,0,0,20,114,446,295,179,159,306,76,253,25,1853,0,10,0,0,0,0,0,0,4,10,0,4,3,0,0,0,0,0,0,8,0,0,0,0,0,3,0,3,0,9,3,4,3,0,0,3,0,4,0,26,4,15,3,0,0,4,0,7,0,36,0,18,3,0,0,4,0,10,0,39,3,9,3,0,3,0,0,4,0,33,4,9,3,5,0,4,3,3,0,36,0,17,7,9,4,5,0,3,0,44,3,11,5,6,0,3,0,9,0,38,0,8,7,3,0,0,0,5,0,26,0,5,0,3,3,0,0,0,0,11,0,3,0,0,0,4,0,0,0,11,15,108,43,25,19,44,8,38,11,315,0,0,0,0,0,0,0,0,0,0,0,0,0,0,0,0,0,0,0,6,0,0,0,0,6,4,0,0,5,9,3,0,0,0,0,4,0,0,3,10
20604,12,71,31,22,6,24,4,21,9,187,420,1634,1275,786,718,1628,500,2455,269,9692,3,14,0,0,0,0,0,0,13,29,5,24,11,0,9,3,0,0,9,61,13,25,9,7,7,5,3,8,13,90,12,32,33,17,14,16,7,16,20,173,16,37,43,15,16,36,4,31,17,217,25,47,36,36,13,28,4,20,20,219,15,45,28,12,9,22,5,13,21,175,17,37,26,9,12,24,5,27,21,173,16,38,27,9,9,10,7,18,23,148,17,25,20,4,8,10,0,9,12,106,14,37,19,12,3,10,0,14,7,110,8,39,15,7,0,3,0,6,16,92,15,34,11,13,7,6,0,9,23,102,173,430,287,140,90,166,32,164,213,1698,3,4,5,0,0,0,0,0,10,25,0,9,10,5,3,7,5,0,36,80,13,13,13,5,17,15,0,3,71,154,24,17,16,0,22,24,0,11,79,196
20605,5,29,21,4,8,19,0,5,0,90,235,1115,826,472,398,735,198,579,69,4624,4,5,0,0,0,0,0,0,0,10,0,10,0,0,4,0,0,0,0,17,0,10,7,0,0,0,0,3,4,26,0,19,10,5,7,0,0,0,4,43,11,22,19,11,6,9,0,5,7,87,4,18,17,4,8,12,9,13,10,81,3,14,8,5,0,12,7,10,0,62,12,21,10,13,0,11,0,17,4,87,3,24,9,8,0,8,8,15,8,78,5,26,9,9,0,3,0,10,0,73,5,14,11,9,3,8,0,5,3,64,6,11,13,4,0,4,0,0,0,44,4,16,5,0,0,3,0,4,0,38,58,206,126,70,41,71,22,85,36,714,0,0,0,0,0,0,0,0,4,8,4,4,0,0,0,0,0,0,14,29,3,0,6,0,0,4,4,0,12,33,4,3,3,4,10,9,0,4,20,58
20606,9,33,15,6,6,4,0,10,0,86,156,560,422,282,227,413,124,371,29,2591,3,7,0,0,0,0,0,0,0,10,0,4,0,0,0,0,0,5,0,10,0,3,0,3,0,3,0,0,0,12,6,6,6,0,3,4,0,10,0,31,0,15,11,9,0,6,0,6,3,56,0,11,4,3,5,7,5,7,4,34,0,15,6,4,0,10,0,11,3,54,6,13,13,11,5,7,0,11,3,62,10,12,11,5,4,12,0,7,0,64,3,11,15,0,7,5,0,3,3,51,3,11,15,0,0,3,3,4,0,46,0,10,16,3,0,4,0,3,0,44,6,14,16,0,4,0,4,0,0,41,33,139,113,42,26,62,13,69,21,523,0,0,0,0,0,0,0,0,0,6,0,0,0,0,0,0,0,0,3,9,3,3,0,5,0,4,0,0,3,22,3,0,0,0,3,4,0,0,8,19
20607,4,39,16,12,8,15,0,9,3,101,230,970,698,514,375,858,219,694,62,4623,5,3,0,0,6,0,0,0,0,9,0,4,3,0,0,4,0,0,0,13,0,4,0,0,4,4,0,3,9,24,3,16,6,0,8,6,0,12,6,56,0,19,10,5,3,6,0,10,5,57,8,12,5,8,7,14,4,6,0,64,9,13,6,5,0,9,7,10,6,68,5,17,13,4,0,5,0,15,0,59,0,16,4,5,3,6,0,9,5,49,6,21,8,6,3,7,0,7,3,64,7,19,14,0,3,3,0,8,4,54,7,9,14,0,5,5,0,5,0,42,3,19,11,6,0,0,0,0,4,43,61,171,99,41,43,53,17,93,46,610,3,6,0,0,0,0,0,0,0,16,9,0,0,0,3,3,0,0,9,27,6,3,0,4,3,6,0,3,11,31,9,0,8,3,6,9,0,4,13,58
20701,11,83,17,14,0,15,5,9,7,155,233,1370,870,520,421,786,205,587,63,5060,0,17,0,0,0,0,0,0,3,14,0,9,4,3,0,0,0,3,3,20,0,7,8,5,0,0,0,3,7,27,3,17,16,10,4,9,0,9,5,75,5,31,26,9,13,22,3,14,8,134,0,35,27,13,8,21,0,15,11,133,6,45,31,13,8,32,4,10,0,152,9,38,34,14,9,27,3,11,7,153,5,28,18,9,0,18,0,17,4,105,8,38,37,10,10,6,4,18,3,128,8,39,14,7,0,10,0,3,0,78,8,31,14,5,0,0,0,4,3,73,4,44,15,6,5,3,0,3,3,85,63,383,233,111,68,148,18,94,56,1169,0,0,0,0,0,0,0,0,0,0,5,9,0,0,5,0,0,0,3,20,3,0,8,0,0,0,0,0,12,23,3,3,0,0,0,0,0,0,10,23
20702,0,35,6,4,0,0,0,0,0,49,112,569,367,232,170,305,86,220,28,2097,0,10,0,0,0,0,0,0,0,10,0,6,0,0,0,4,0,0,0,12,6,5,5,4,4,0,0,0,0,17,0,12,17,0,7,6,0,0,3,56,4,24,22,8,4,13,0,0,5,77,5,25,13,4,0,7,0,7,8,66,3,16,13,6,3,4,5,4,0,53,5,20,10,10,6,6,0,13,0,64,11,16,16,5,3,4,0,4,3,58,0,10,6,4,4,5,0,0,3,31,3,15,6,0,0,3,0,0,4,34,4,8,10,0,5,0,0,0,0,29,3,22,8,0,0,0,0,0,4,33,34,186,127,44,30,64,9,34,21,544,0,0,0,0,0,0,0,0,0,0,0,0,0,0,0,0,0,0,0,9,5,0,0,0,0,0,0,0,0,3,0,0,4,0,0,0,0,0,4,11
20703,0,35,11,7,3,0,0,4,0,63,129,749,473,257,233,454,95,286,43,2713,4,6,0,0,0,0,0,0,0,13,5,9,0,0,0,3,0,0,0,16,0,5,9,0,0,0,0,0,3,23,0,20,3,9,13,12,0,0,0,61,4,27,20,3,8,9,0,5,0,76,0,31,18,5,3,8,0,6,0,67,3,18,20,10,3,15,0,8,4,87,7,14,11,3,0,7,0,10,0,64,5,13,10,4,7,3,0,7,0,48,8,24,9,5,5,4,0,6,0,46,3,14,5,0,0,0,4,4,0,30,0,17,7,0,0,0,0,0,0,37,0,10,7,0,4,0,0,0,3,24,39,206,122,41,49,66,6,44,23,584,0,4,0,0,0,0,0,0,0,4,4,3,8,0,3,0,0,0,11,25,0,0,0,0,4,0,0,0,6,16,6,0,0,0,0,4,0,0,9,18
20801,6,41,14,4,0,11,6,6,0,82,177,848,561,318,277,492,154,375,31,3239,0,8,5,0,0,0,0,0,0,10,0,0,0,0,0,0,0,0,0,0,0,4,0,0,0,0,0,0,0,9,0,11,7,4,0,0,0,0,6,26,0,14,7,9,7,0,0,8,0,49,0,21,7,4,0,6,0,10,0,47,7,27,7,8,3,12,0,12,3,76,3,26,14,4,0,8,0,19,3,86,5,28,12,7,5,9,0,12,0,78,0,30,17,10,3,7,0,10,3,84,0,30,8,9,0,5,0,4,0,66,4,24,5,3,0,9,0,3,0,50,0,22,12,7,0,0,0,0,0,53,23,247,112,62,15,64,9,82,24,632,0,0,0,0,0,0,0,0,0,3,0,0,0,0,0,0,0,0,6,11,0,0,0,0,0,0,0,0,4,9,0,0,5,0,0,0,0,0,8,14
20802,0,35,16,6,6,8,0,0,0,79,235,1187,776,464,378,721,168,467,52,4444,3,3,0,0,0,0,0,0,0,6,0,9,7,0,0,0,0,0,5,17,0,8,3,6,0,0,0,0,0,18,0,22,5,3,4,8,3,5,3,62,3,21,12,4,9,10,0,14,0,78,6,31,16,11,5,14,3,11,3,94,7,17,5,0,3,11,5,13,5,80,0,30,15,13,3,8,9,13,0,86,3,26,20,6,13,11,0,8,3,81,3,23,10,9,0,3,0,7,0,66,13,26,12,11,3,3,3,7,4,75,3,26,10,6,0,3,0,0,0,43,0,18,10,3,3,0,0,4,0,40,44,256,139,59,48,82,27,86,20,760,0,6,0,0,0,0,0,0,0,5,0,0,0,0,0,4,0,0,7,15,0,0,0,4,5,0,0,0,3,14,3,5,0,3,0,0,0,3,4,22
20803,4,16,21,5,0,8,4,4,0,64,204,875,656,411,353,681,172,535,74,3969,4,15,0,0,0,0,0,0,3,24,0,4,5,0,0,0,0,0,0,11,0,3,3,0,4,5,0,0,0,16,5,16,7,10,6,6,0,5,10,63,5,30,4,7,9,8,5,10,3,74,3,21,12,9,7,15,3,4,0,87,7,28,31,7,8,18,4,16,0,117,8,20,15,9,4,12,6,14,0,93,9,20,8,11,4,12,0,14,5,82,4,27,15,4,9,12,3,9,8,92,6,26,11,6,3,10,0,7,0,79,3,32,10,7,4,5,0,6,0,72,7,21,13,4,3,0,0,0,3,51,61,266,134,73,55,106,26,89,37,850,5,8,0,0,0,0,0,0,4,15,0,0,6,7,5,0,0,0,12,30,5,3,3,0,0,0,0,0,16,32,7,6,9,0,3,3,0,5,8,42
20804,0,25,4,7,0,0,0,3,0,44,60,388,244,159,112,168,73,207,15,1437,0,3,4,0,0,0,0,0,0,9,3,4,0,0,0,0,0,0,0,7,0,0,0,0,0,0,0,0,0,9,4,0,6,0,0,0,0,0,0,16,4,8,9,3,4,4,0,5,4,31,0,8,8,5,6,4,0,4,6,40,0,7,4,5,0,0,0,6,0,17,3,12,4,0,0,4,4,7,3,35,0,3,6,3,10,3,0,4,0,30,0,9,4,0,0,0,0,4,0,17,0,13,4,0,0,0,0,4,0,23,0,15,7,3,0,0,0,3,0,28,0,14,3,4,3,0,0,5,0,24,15,94,57,32,16,22,4,33,15,293,0,0,0,0,0,0,0,0,0,0,0,4,0,0,0,0,0,0,0,5,0,0,0,0,0,6,0,0,0,5,0,0,0,0,0,0,0,0,5,5
20901,9,19,9,0,7,9,5,3,4,60,180,882,587,342,281,475,124,377,45,3297,0,11,0,0,0,0,0,0,0,10,0,11,0,0,0,0,0,0,0,18,0,12,5,0,0,0,0,0,0,16,0,14,3,5,3,0,3,0,0,36,7,17,12,5,0,5,0,3,0,54,4,16,16,10,3,4,5,12,0,57,4,17,9,0,4,8,0,13,0,52,0,19,9,3,3,3,6,8,0,43,6,20,4,0,7,7,0,7,4,62,4,22,10,0,0,3,0,11,0,50,4,12,9,4,0,9,0,5,0,42,0,11,3,3,0,3,0,5,0,28,0,10,5,6,0,0,0,4,3,24,28,187,71,38,23,42,13,62,19,488,0,0,0,0,0,0,0,0,0,5,0,4,3,0,0,0,0,0,4,9,0,7,0,0,3,4,0,0,3,19,4,0,0,0,0,6,0,0,13,28
20902,0,10,0,4,0,4,0,0,0,24,119,530,434,242,230,401,96,291,40,2387,0,4,0,0,0,0,0,0,0,7,0,9,0,0,0,0,0,5,0,14,0,5,6,4,0,0,0,0,0,17,4,12,8,0,4,4,0,0,8,35,3,11,5,5,4,8,4,3,9,43,7,8,14,9,4,6,0,10,0,53,3,12,3,4,4,13,0,6,0,40,3,14,8,8,0,0,0,13,0,54,4,6,3,6,6,6,0,4,0,36,0,10,9,0,6,7,0,5,0,39,9,5,0,0,0,3,0,0,0,15,0,0,0,0,0,0,0,0,0,6,0,6,0,0,0,0,0,0,0,13,32,102,58,36,25,47,6,49,20,375,0,0,3,0,0,0,0,0,5,9,4,0,0,0,0,0,0,0,0,10,0,0,4,4,0,0,0,0,15,18,0,0,3,5,3,3,0,0,4,25
20903,0,19,6,4,0,5,0,3,0,35,128,508,329,198,157,319,79,219,25,1962,0,4,0,0,0,0,0,0,0,4,0,0,0,0,0,0,0,0,5,8,0,0,4,0,0,0,0,0,0,4,0,9,3,0,0,0,0,0,0,15,0,10,5,0,0,5,0,9,0,28,3,19,10,5,0,9,0,3,0,44,0,11,7,3,3,3,0,9,0,36,3,8,0,4,0,3,0,3,0,28,0,14,5,7,4,0,3,7,0,44,0,20,11,4,0,7,0,3,0,55,5,18,8,0,0,3,0,3,0,50,0,17,4,3,0,0,0,3,0,30,0,15,5,0,0,0,0,0,0,21,17,140,57,30,12,39,4,39,14,350,0,0,0,0,0,0,0,0,0,0,0,0,0,0,0,0,0,0,3,7,0,0,0,0,0,0,0,0,0,4,0,0,0,0,0,0,0,0,0,5
20904,0,23,4,3,4,0,0,3,0,42,270,1044,796,438,491,816,208,557,90,4703,0,11,9,0,0,0,0,0,4,20,0,13,0,0,0,0,0,0,4,20,5,18,7,0,9,0,0,0,6,42,7,22,21,12,8,7,0,9,15,92,11,45,26,8,16,19,0,13,5,144,5,21,19,11,8,18,6,11,9,102,8,26,10,7,7,11,4,12,0,84,7,17,15,14,5,17,0,13,4,98,8,28,12,9,5,3,3,10,3,87,10,21,12,7,0,8,0,7,5,71,4,17,10,10,6,9,0,7,4,52,4,15,8,3,0,0,0,0,4,33,0,10,0,0,5,0,0,0,5,27,78,262,135,70,64,94,11,91,61,875,0,3,0,0,0,0,0,0,0,12,0,4,0,4,4,10,0,0,14,34,3,6,4,7,8,5,0,3,23,59,3,9,11,6,3,8,4,3,15,53
21001,0,5,0,0,0,0,0,5,0,15,110,347,285,166,136,294,76,239,55,1693,0,11,0,0,0,0,0,0,0,14,0,3,0,0,0,0,0,0,3,12,0,3,0,0,0,4,0,0,0,21,0,10,3,3,3,3,0,3,7,34,4,18,6,3,0,3,0,0,3,32,0,12,6,0,5,4,0,0,4,41,3,6,5,6,9,8,0,5,0,42,0,9,6,3,3,3,0,11,0,43,9,9,4,13,0,5,0,0,0,42,8,13,3,0,0,0,0,6,0,31,8,10,11,0,0,0,0,0,0,38,0,6,0,3,0,0,0,0,7,15,3,0,0,0,0,0,0,0,0,10,35,130,53,28,19,38,8,27,27,379,3,0,0,0,0,0,0,0,0,4,0,4,6,0,0,3,0,0,5,18,0,0,4,0,0,4,0,0,4,24,0,4,0,0,4,0,0,0,12,15
21002,0,15,3,3,5,0,0,4,0,35,44,243,158,95,83,144,48,153,15,979,0,0,0,0,0,0,0,0,0,0,0,3,0,0,0,0,0,0,0,5,0,5,0,0,0,0,0,0,0,5,0,7,0,0,0,0,0,0,0,16,0,7,0,0,0,0,0,4,0,12,3,13,4,4,0,0,0,10,0,32,0,8,4,0,0,0,0,5,0,18,0,5,8,4,0,9,0,11,0,28,0,13,0,3,0,6,0,3,0,24,0,16,5,4,0,3,0,7,0,38,0,4,9,8,0,3,0,3,0,29,0,5,9,6,0,6,0,0,6,27,0,3,7,0,0,0,0,9,3,24,8,84,42,23,5,32,7,52,10,256,0,3,0,0,0,0,0,0,0,5,0,0,0,0,0,0,0,0,0,3,0,0,0,0,0,0,0,0,3,9,0,0,0,0,0,3,0,0,0,3
21003,0,8,0,0,0,3,0,0,0,14,111,394,299,166,169,283,71,191,26,1713,0,0,0,0,0,0,0,0,0,0,0,0,5,0,0,0,0,0,0,5,0,0,0,0,0,0,0,0,0,8,0,13,3,0,0,0,0,0,0,22,4,13,5,9,0,3,0,0,0,35,0,6,3,6,5,3,0,0,0,31,3,9,9,5,0,4,0,4,0,37,0,12,4,4,3,11,4,3,3,42,0,9,6,4,4,0,0,4,0,25,6,10,0,0,0,0,0,5,0,21,0,5,0,4,0,0,0,0,0,12,0,3,5,0,0,0,0,0,0,12,0,0,3,4,0,0,0,0,0,9,20,91,51,24,15,27,11,24,9,269,0,0,0,0,0,0,0,0,0,0,0,0,0,0,0,3,0,0,0,0,0,0,0,0,0,3,0,0,0,9,0,0,3,0,6,0,0,0,0,6
21004,0,4,0,0,0,0,0,0,0,3,77,212,152,99,75,155,33,119,17,942,0,6,0,0,0,0,0,0,0,7,0,0,0,0,0,0,0,0,0,4,0,4,0,0,0,0,0,0,0,6,0,5,5,0,0,0,0,0,0,13,0,11,6,0,0,3,0,0,0,21,3,6,3,0,3,4,0,0,0,16,0,6,0,0,0,0,0,3,0,14,0,9,3,0,0,0,0,6,0,17,5,8,0,0,0,0,0,7,0,20,0,3,5,0,0,0,0,5,0,13,0,9,3,0,0,0,0,9,0,23,0,3,0,0,0,0,0,4,0,9,0,0,0,0,0,0,0,5,0,8,14,65,24,3,12,18,0,28,4,163,0,0,0,0,0,0,0,0,0,0,0,0,0,0,0,0,0,0,0,6,0,0,0,0,0,0,0,0,0,5,0,0,0,0,0,0,0,0,0,6
21005,0,7,7,6,3,4,0,3,0,30,204,861,715,393,405,742,222,540,125,4207,0,17,0,0,0,0,0,0,0,23,0,12,4,5,0,0,0,0,3,31,9,13,6,3,0,0,0,0,8,41,5,35,26,3,10,5,0,15,4,104,13,36,20,13,14,16,0,6,3,126,9,26,15,4,5,16,3,12,6,98,3,31,14,9,6,8,3,4,3,95,5,30,17,8,9,18,3,7,11,94,4,14,9,11,0,7,0,5,0,60,8,11,7,5,3,4,0,6,3,45,0,15,7,3,3,6,0,3,3,38,0,11,7,0,8,4,0,0,5,29,0,11,3,7,4,0,0,0,3,21,57,258,130,64,61,85,22,72,62,805,0,5,0,3,0,0,0,0,3,15,4,8,9,4,0,3,0,0,15,44,4,6,10,9,10,10,0,3,13,57,7,10,0,9,13,8,6,10,23,83
21101,3,25,11,9,4,10,0,0,0,60,260,1007,657,397,407,665,191,563,71,4222,0,14,0,0,0,0,0,0,0,15,0,9,7,0,0,3,0,0,0,15,0,10,3,7,5,0,0,0,0,29,6,22,19,4,4,14,0,0,3,76,3,24,18,9,3,7,0,5,0,85,0,27,21,8,5,14,4,12,3,100,10,21,16,13,4,15,3,17,0,94,7,30,15,6,4,9,4,9,3,97,3,28,6,4,3,5,3,20,9,79,9,26,14,4,6,9,3,9,8,83,3,14,15,6,4,0,0,0,0,59,5,20,4,0,6,0,0,3,0,35,6,15,3,8,0,0,0,0,4,43,56,259,138,65,43,94,20,83,31,801,0,5,0,0,0,0,0,0,0,3,0,0,0,0,0,3,0,0,8,11,0,0,0,6,6,5,0,0,10,30,0,0,0,0,0,0,0,3,7,17
21102,0,14,0,0,0,5,0,3,3,25,38,207,114,67,65,98,15,62,0,674,0,0,0,0,0,0,0,0,0,0,0,0,0,0,0,0,0,0,0,3,0,0,0,0,0,0,0,0,0,9,0,3,5,0,0,0,0,0,0,8,0,6,0,0,0,0,0,0,0,7,0,4,0,0,0,0,0,3,0,14,0,6,4,0,0,3,0,4,0,23,0,8,8,0,0,0,0,0,0,17,0,12,5,4,5,5,0,0,0,29,0,11,4,0,3,0,0,0,0,29,0,10,0,0,0,0,0,3,0,16,3,7,6,0,0,0,0,0,0,12,0,9,10,0,0,0,0,0,0,19,12,79,33,8,9,23,7,16,4,190,0,0,0,0,0,0,0,0,0,0,0,0,0,0,0,0,0,0,0,0,0,0,0,0,0,0,0,0,0,5,0,0,0,0,0,0,0,0,0,0
21103,0,21,8,4,0,0,0,0,0,42,154,720,457,296,278,472,129,406,38,2952,0,10,0,0,0,0,0,0,0,10,0,6,0,0,0,0,0,0,0,10,0,11,9,0,0,0,0,0,0,21,0,15,3,0,4,7,0,6,6,34,6,19,9,4,8,11,0,8,0,63,6,24,10,4,0,11,0,4,3,56,0,18,11,3,4,6,4,7,6,62,3,23,6,3,3,8,4,3,5,59,0,13,9,5,0,4,0,11,8,51,0,19,6,0,3,9,4,3,4,50,4,18,5,10,0,4,0,4,0,39,6,15,5,0,0,0,4,0,0,32,8,17,10,0,0,0,0,0,0,30,38,200,78,30,30,58,19,47,30,520,0,0,0,0,0,0,0,0,0,4,0,7,3,0,0,0,0,0,10,17,0,4,0,0,9,3,0,0,18,31,0,4,3,0,3,3,0,0,6,17
21104,3,15,4,0,0,3,0,0,0,33,76,391,306,156,138,221,59,149,23,1520,0,3,0,0,0,0,0,0,0,7,0,3,0,0,0,0,0,0,0,11,0,0,0,0,0,3,0,0,0,10,3,4,13,4,4,6,0,4,0,35,3,15,9,0,4,12,0,5,0,46,0,21,7,7,8,6,0,3,3,50,0,11,7,4,7,5,0,6,3,42,0,15,4,0,5,7,0,4,0,40,0,13,8,3,0,0,0,3,0,27,0,8,5,0,3,4,0,0,0,25,0,9,3,0,0,0,0,0,0,17,0,12,6,0,0,0,0,0,0,20,5,5,0,0,0,0,0,0,0,9,16,114,59,19,26,49,12,31,14,346,0,0,0,0,0,0,0,0,0,0,0,0,0,0,0,0,0,0,3,3,0,0,0,0,0,0,0,0,10,5,0,0,0,0,0,0,0,0,0,0
21105,3,32,18,10,4,16,0,12,0,90,290,1113,742,507,417,710,212,601,58,4643,6,22,0,0,0,0,0,0,0,22,0,8,0,0,0,0,0,0,0,17,0,8,0,0,0,4,0,0,4,22,0,23,9,7,0,7,0,0,0,67,0,24,9,0,5,6,0,11,3,65,9,28,11,8,6,11,0,17,4,88,4,29,18,7,5,0,0,20,4,87,6,27,18,10,10,16,0,17,3,95,4,42,24,11,3,17,0,24,0,122,10,41,23,8,13,8,6,10,3,120,7,33,19,9,7,9,0,14,3,107,9,30,20,15,4,8,3,6,4,93,3,22,13,11,0,3,5,4,3,65,74,332,159,81,49,97,17,128,29,963,0,5,4,0,0,0,0,0,3,13,4,0,0,0,3,0,0,0,4,14,3,0,0,6,5,0,0,0,4,22,0,0,3,0,0,0,0,0,7,16
21201,0,19,14,9,0,9,4,6,3,65,218,598,429,250,247,460,131,477,44,2853,0,13,3,0,0,0,0,0,0,20,0,8,9,0,0,4,0,0,0,22,3,6,4,0,0,0,0,0,0,20,0,23,6,5,10,0,0,4,5,51,0,17,17,6,3,9,0,3,5,62,3,18,12,6,0,9,0,14,0,60,3,15,9,13,3,6,0,18,0,68,4,11,17,3,12,9,0,14,5,64,3,23,9,5,8,9,0,18,0,77,3,17,4,7,3,10,0,13,0,65,0,21,9,7,4,3,0,14,0,60,0,27,9,0,0,4,0,6,3,52,10,21,7,5,0,0,0,8,0,57,31,214,110,55,43,64,13,114,26,666,0,4,0,0,3,0,0,0,4,10,0,0,0,0,4,0,0,0,3,7,0,7,5,3,9,3,0,0,5,33,4,3,3,0,3,9,0,0,0,26
21202,3,15,9,3,5,0,0,0,0,33,178,668,523,292,317,480,128,369,50,2999,0,10,4,0,0,0,0,0,0,15,0,7,5,0,0,3,0,0,0,20,0,3,4,3,0,0,0,0,3,17,0,11,11,4,7,6,0,4,0,49,7,31,4,6,4,8,0,12,5,81,13,24,10,3,8,12,0,3,0,81,3,22,13,9,4,12,0,6,5,72,4,23,13,0,0,15,0,10,0,71,5,26,11,10,5,5,0,10,0,72,5,14,12,0,0,4,0,6,0,46,3,13,0,0,0,0,0,4,0,29,3,11,6,0,0,0,0,0,4,26,0,9,9,3,0,0,0,0,3,22,50,210,92,44,33,66,10,62,15,577,0,0,0,0,0,0,0,0,0,6,3,3,0,0,3,0,0,0,4,16,3,5,3,0,7,0,0,0,10,28,3,7,0,3,0,0,0,0,6,19
21203,5,14,0,0,0,0,0,3,0,27,230,752,640,346,406,609,156,453,56,3645,0,12,0,0,0,0,0,0,3,15,0,7,3,0,0,0,0,3,0,16,0,15,4,4,0,0,0,3,3,35,7,38,16,11,6,9,0,6,9,89,4,32,19,8,9,10,0,18,4,107,8,25,3,12,4,13,0,11,0,67,0,25,13,3,3,4,3,8,0,68,4,13,12,3,3,8,0,8,0,60,6,14,16,3,3,9,0,10,0,54,7,13,3,4,3,5,0,9,3,40,0,16,6,3,0,0,0,12,0,45,0,9,7,0,0,3,0,3,0,19,0,5,6,0,0,0,0,0,0,15,37,207,109,59,42,57,5,86,29,627,0,3,0,0,0,0,0,0,0,0,4,0,5,0,4,0,0,0,4,18,0,6,3,0,8,0,0,0,8,24,0,0,3,5,4,3,0,4,10,28
21204,7,23,6,0,4,10,0,4,5,69,242,924,726,460,580,851,277,681,121,4859,7,22,6,0,3,0,0,0,4,38,5,25,6,0,3,8,0,3,4,52,3,13,11,6,3,7,0,0,4,53,6,30,22,6,11,22,0,7,9,108,11,43,27,8,13,20,0,3,9,137,5,45,22,12,23,23,0,14,6,158,6,29,16,0,11,10,7,18,3,106,11,26,20,7,11,12,3,17,5,103,10,32,19,6,10,14,3,15,0,106,0,27,17,3,5,9,6,11,3,87,6,16,9,11,5,0,0,5,6,57,11,21,13,8,3,0,0,3,0,59,3,14,5,0,3,4,0,3,4,37,86,341,182,73,115,126,26,103,55,1101,0,3,0,0,0,0,0,0,6,13,0,0,4,0,3,6,0,8,19,43,5,8,7,5,11,13,0,4,14,66,9,0,6,3,13,15,5,6,29,90
21205,5,40,13,10,8,6,3,4,0,92,253,1152,829,473,394,736,193,533,100,4658,0,11,5,0,0,0,0,0,0,24,6,17,7,4,0,0,0,0,0,41,0,11,9,10,3,4,0,0,9,42,9,27,22,9,9,18,0,6,11,104,15,29,32,9,6,15,3,15,14,143,7,36,21,14,9,26,0,9,3,131,12,36,27,14,7,18,4,19,6,140,12,34,18,8,4,7,0,15,4,109,6,30,9,12,10,15,7,9,4,101,4,27,11,4,4,13,4,14,6,94,5,36,10,6,8,0,0,6,0,73,9,27,8,3,0,4,0,4,5,64,3,31,9,0,5,3,0,0,9,64,80,353,191,92,77,123,25,107,79,1110,0,5,3,0,0,0,0,0,0,5,5,11,0,0,5,4,0,0,17,39,6,5,5,0,9,0,4,0,20,42,3,12,5,3,11,0,0,6,11,49
21301,0,11,3,0,0,3,0,0,0,23,197,675,541,302,352,593,124,407,85,3278,0,14,0,0,0,0,0,0,4,24,0,13,0,0,0,0,0,0,0,19,6,12,12,0,0,0,3,3,3,32,6,22,8,13,4,5,0,7,3,67,11,31,9,10,11,11,0,7,13,101,6,29,7,5,9,8,0,4,4,69,0,21,17,3,10,8,0,5,3,73,6,16,11,5,3,14,0,9,3,66,8,16,10,3,5,9,0,11,0,64,6,24,4,3,6,4,0,0,4,47,3,14,3,3,0,3,0,0,0,39,3,6,3,0,7,0,0,0,0,16,0,0,4,0,0,0,0,0,0,11,55,216,98,49,51,62,10,53,34,627,0,4,0,0,0,0,0,0,5,8,0,0,6,6,5,5,0,0,8,27,7,5,4,0,3,3,0,0,8,30,7,4,0,0,4,9,0,4,12,47
21302,0,7,0,5,0,0,0,9,0,21,112,476,380,211,169,383,91,296,39,2157,0,9,0,0,0,0,0,0,3,13,0,6,0,0,0,0,0,0,0,13,0,3,6,0,0,0,0,0,3,13,0,7,3,0,0,3,0,0,4,27,0,5,8,3,0,9,0,3,3,42,0,11,6,4,3,5,0,6,0,37,0,16,9,0,5,5,4,6,0,53,3,15,9,3,4,4,0,8,0,45,5,12,11,0,3,0,0,11,0,43,3,12,14,4,0,5,0,8,0,43,6,9,4,4,0,0,0,0,0,25,3,4,0,3,0,3,0,0,0,21,0,11,0,0,0,0,0,0,0,14,33,117,85,33,21,37,7,42,21,395,0,0,0,0,0,0,0,0,0,5,0,0,4,0,0,5,4,0,3,21,0,3,0,0,4,0,0,0,3,12,4,0,4,0,0,3,0,0,6,21
21303,0,6,0,0,3,0,0,3,0,19,130,516,437,286,267,424,87,332,32,2520,0,11,0,0,0,0,0,0,0,11,0,5,0,0,0,0,0,0,0,16,0,3,3,0,5,0,0,4,0,18,4,15,10,4,0,0,0,0,0,46,4,11,10,7,0,5,0,8,10,51,3,5,3,0,4,4,4,10,0,32,3,8,6,0,0,6,0,7,0,41,3,14,10,3,0,14,0,9,3,53,8,8,5,5,0,3,0,8,0,35,3,8,3,3,5,4,0,9,3,28,3,6,3,0,4,3,0,3,0,21,0,3,0,0,0,0,0,0,0,13,0,6,0,0,0,4,0,0,0,10,26,98,60,25,29,48,9,51,24,379,0,3,0,0,0,0,0,0,3,7,5,4,0,0,0,0,0,0,3,16,0,4,3,0,6,3,0,0,4,19,3,0,0,0,0,0,0,0,8,25
21304,0,3,0,0,0,5,0,0,0,12,179,663,454,303,326,524,119,376,65,3010,0,7,0,0,0,0,0,0,0,9,5,5,0,0,0,0,0,0,0,17,0,14,0,0,0,0,0,3,0,18,7,23,14,4,0,7,0,6,0,69,4,38,20,7,12,15,0,11,0,112,0,28,24,6,4,7,0,14,4,92,3,16,13,4,3,11,0,22,3,88,5,19,7,6,3,15,6,13,3,75,7,27,10,5,12,5,3,7,4,76,5,17,9,4,3,3,4,4,9,59,0,12,7,7,0,8,0,4,0,30,5,4,6,4,0,0,0,3,0,14,0,7,3,0,0,0,0,0,0,18,45,211,117,40,41,75,15,90,31,676,0,3,0,0,0,0,0,0,0,11,4,0,6,0,0,3,0,0,4,15,3,7,0,0,0,13,0,0,8,34,3,5,3,4,6,0,0,5,19,46
21305,0,20,4,5,0,3,0,0,0,28,324,1072,956,521,509,885,215,543,113,5140,5,20,4,0,0,0,0,0,0,27,0,7,8,3,6,0,3,0,3,29,7,18,10,3,6,11,0,0,0,50,3,37,24,8,12,19,0,12,10,118,9,63,41,21,12,29,3,10,14,214,12,54,35,13,9,23,5,19,10,183,8,37,19,16,4,14,5,14,8,120,12,22,14,13,9,15,5,12,4,92,10,25,10,13,8,13,3,12,0,95,9,21,13,0,6,10,0,10,9,73,0,17,6,0,0,5,0,5,4,40,5,7,4,0,0,0,0,3,0,21,3,8,4,0,0,0,0,3,4,14,88,331,196,100,61,138,26,103,58,1095,3,5,0,0,0,0,0,0,4,7,0,3,6,5,0,5,0,0,14,42,0,7,9,0,4,8,0,4,23,61,10,7,7,0,10,17,0,0,30,82
21401,0,10,10,0,3,0,3,7,0,37,222,808,548,391,305,598,147,494,56,3571,0,15,0,0,0,0,0,0,0,19,0,5,0,0,0,0,0,0,0,8,3,8,0,0,3,0,0,0,0,15,4,14,4,3,0,5,0,3,6,50,0,28,11,9,10,7,0,9,4,77,3,22,17,8,3,6,0,8,3,82,6,19,10,4,3,0,0,10,4,56,5,24,7,6,6,14,0,13,5,79,6,25,5,0,4,8,0,9,0,63,9,22,8,0,0,0,0,3,4,58,0,23,3,5,0,0,3,3,0,45,0,7,9,0,0,0,0,0,0,22,3,19,3,3,0,0,0,3,0,35,47,233,77,42,30,56,17,71,27,610,0,5,0,0,0,0,0,0,0,6,0,7,0,0,0,0,0,0,6,16,3,0,0,0,3,4,0,0,3,21,3,4,0,3,6,3,0,0,4,21
21402,9,51,25,10,8,16,0,13,5,136,352,1321,873,603,544,966,249,629,75,5607,4,27,0,0,0,0,0,0,0,32,3,9,0,0,0,4,0,0,0,17,0,10,4,3,4,3,3,5,0,28,9,25,4,4,5,8,0,3,9,63,11,26,17,4,6,7,0,8,7,89,4,26,25,9,6,8,0,11,3,88,3,29,13,8,6,17,5,22,3,105,18,31,20,12,10,22,5,18,3,139,20,36,11,11,10,19,7,11,4,126,11,53,19,12,12,10,0,18,9,135,9,37,23,14,5,3,4,4,0,91,7,56,19,10,0,5,0,10,3,100,9,37,24,8,0,0,0,14,6,93,101,403,171,93,57,97,19,116,43,1103,3,4,0,0,4,0,0,0,13,24,0,0,9,3,0,0,0,0,18,30,10,3,5,4,0,7,0,3,9,43,0,9,0,3,8,10,0,4,8,45
21501,8,33,24,20,5,21,6,35,11,161,99,350,279,196,147,487,174,876,38,2638,0,16,9,0,0,3,0,0,3,30,0,5,0,0,3,6,0,7,4,19,7,5,0,0,0,0,0,14,0,32,0,20,6,5,7,5,0,19,0,63,9,19,5,3,0,18,0,25,0,78,3,13,11,0,0,3,5,33,0,71,0,11,0,3,4,19,9,34,6,81,5,9,11,4,6,14,5,50,10,109,0,10,17,6,5,20,9,54,3,130,9,35,14,6,4,15,9,67,10,165,7,32,21,14,8,21,3,49,6,155,4,30,14,15,8,20,4,34,12,142,13,38,24,15,16,15,7,20,20,158,55,239,136,77,62,167,49,404,60,1240,3,3,0,0,0,0,0,0,4,14,4,0,0,4,7,4,0,0,4,23,3,0,3,0,3,9,6,3,6,37,0,4,0,0,5,6,0,8,6,24
21502,0,10,3,0,5,8,6,12,0,38,65,241,174,146,158,252,84,407,29,1544,0,13,0,0,0,0,0,0,3,21,0,0,0,0,0,0,0,5,0,14,3,3,5,0,3,0,0,5,6,24,0,5,8,4,0,3,0,4,0,31,4,13,5,3,0,5,0,5,6,49,3,11,10,0,3,5,6,20,4,52,6,7,8,4,0,0,0,13,0,41,6,3,9,4,5,3,5,31,0,69,3,7,10,0,13,14,3,25,0,84,12,20,17,10,7,14,5,32,0,108,4,8,6,5,3,6,0,22,0,56,3,12,0,3,3,4,0,15,4,51,0,9,6,5,0,6,0,9,9,36,50,118,75,45,33,66,20,170,44,630,0,3,0,0,0,5,0,0,6,16,0,3,0,3,4,0,0,0,7,13,0,0,4,0,4,3,0,4,6,24,4,0,0,0,6,6,0,4,3,25
21503,8,11,13,0,4,10,0,18,0,58,55,165,154,106,103,249,90,474,26,1425,0,28,0,0,0,0,0,0,0,26,3,4,0,0,0,0,0,6,0,18,0,0,0,4,0,0,0,6,3,22,0,14,3,0,0,3,0,13,3,41,0,9,3,4,0,5,0,15,0,38,0,14,7,0,0,4,0,21,0,42,0,11,5,3,4,14,0,28,0,66,3,12,8,3,3,17,0,49,4,97,4,13,4,4,0,15,6,45,0,101,6,8,20,10,5,24,7,43,10,129,3,15,13,12,5,11,7,26,6,92,3,16,16,3,5,10,4,9,6,73,0,22,12,11,5,14,0,13,18,99,37,166,92,57,27,112,33,270,55,853,3,3,0,0,0,0,0,0,9,12,0,0,0,0,0,6,0,0,7,13,0,0,4,0,0,3,0,0,0,15,0,6,3,4,3,5,0,3,4,21
21601,6,15,16,5,0,11,0,16,0,63,57,216,170,121,104,237,76,478,49,1506,0,10,0,0,0,0,0,0,0,14,0,3,0,0,0,0,0,0,0,9,0,0,4,0,0,3,0,4,0,19,0,0,0,7,4,0,0,0,0,17,0,19,6,0,3,6,0,6,0,35,0,3,0,0,0,3,0,14,0,31,5,3,4,0,6,0,0,17,3,39,0,4,9,3,0,9,0,17,0,48,5,7,6,0,0,6,0,33,8,67,6,17,16,3,3,10,5,19,3,79,0,16,12,5,0,3,0,23,6,75,0,3,14,0,0,6,3,10,4,47,0,21,8,3,0,5,0,7,6,49,31,110,78,36,16,57,13,154,34,527,0,3,3,0,0,0,0,0,9,14,0,0,0,0,0,0,0,0,4,9,0,0,0,0,0,0,0,5,0,8,0,5,4,0,0,7,0,0,4,22
21602,0,9,11,4,0,8,0,6,4,42,54,136,114,75,52,182,61,320,26,1022,0,9,0,0,0,0,0,0,3,17,0,0,3,0,0,0,0,0,0,0,0,0,0,0,0,0,0,0,0,3,0,5,0,0,0,0,0,0,0,21,0,9,0,0,0,0,0,8,0,24,4,4,0,0,0,4,0,5,0,24,0,6,5,0,0,3,0,11,0,29,0,9,5,7,0,4,5,21,4,53,0,6,6,4,5,5,5,17,0,51,0,14,3,0,0,7,3,30,3,65,7,16,6,4,3,12,3,12,8,62,3,12,3,3,0,3,0,12,7,46,4,13,6,0,0,0,0,7,14,46,27,99,47,29,20,44,18,133,34,445,0,5,0,0,0,0,0,0,3,4,0,0,0,0,0,0,0,0,0,4,0,0,0,0,0,0,0,3,5,11,3,3,0,0,6,0,6,4,0,17
21603,3,7,6,6,4,4,0,7,0,41,66,292,208,160,163,302,81,414,26,1706,4,13,0,0,0,0,0,0,0,20,0,5,3,0,0,0,0,4,0,12,0,0,0,0,0,3,0,6,0,7,0,4,7,0,3,0,0,0,0,22,0,12,6,0,4,9,5,3,4,43,7,13,7,3,0,3,0,9,0,44,4,6,9,5,3,9,3,19,0,59,5,8,3,4,3,11,0,30,0,63,0,13,8,5,0,12,0,19,0,71,3,13,11,3,3,4,0,18,4,61,3,22,8,0,3,6,3,13,3,70,4,23,10,4,4,0,7,12,6,60,0,17,13,9,4,11,0,0,8,61,39,149,83,31,30,65,24,141,27,596,0,0,0,4,0,0,0,0,5,11,0,3,0,0,8,0,0,0,0,15,4,0,0,6,0,5,0,0,5,21,3,0,3,0,5,0,0,0,7,23
21701,4,21,5,13,3,12,9,20,7,95,73,279,191,142,126,286,102,588,37,1810,0,15,0,0,0,0,0,0,0,15,0,4,0,4,0,0,0,6,0,14,0,8,0,0,0,0,3,3,0,19,0,9,0,0,0,6,0,9,0,20,5,9,4,5,4,5,4,5,0,38,0,5,7,0,3,3,4,19,3,43,4,3,6,6,0,8,0,17,4,51,3,4,12,0,0,13,3,27,0,63,0,5,11,3,0,5,5,27,0,59,3,12,17,6,3,18,3,28,3,90,3,18,5,5,3,22,9,40,3,104,0,10,13,13,0,21,3,31,9,100,7,8,12,0,8,7,4,22,18,90,30,108,85,40,33,114,35,231,39,717,0,7,0,0,0,0,0,0,0,8,0,0,0,0,0,0,0,0,0,3,0,0,0,0,0,0,5,4,3,15,0,0,0,0,0,5,0,9,4,19
21703,0,20,13,7,3,20,3,28,12,113,88,301,214,130,134,273,117,765,48,2053,3,16,0,0,0,0,0,0,4,21,0,0,0,0,0,0,0,0,0,9,0,8,4,0,0,0,0,4,0,22,0,16,4,0,0,5,0,6,0,31,3,10,7,9,0,3,0,24,4,62,0,4,0,9,0,6,0,18,0,39,0,6,7,0,0,9,0,22,0,47,3,7,3,5,0,6,0,22,0,52,0,13,9,5,5,11,0,29,3,80,0,15,11,0,3,21,0,20,0,78,9,19,17,4,9,9,7,18,4,88,3,18,18,10,0,17,0,24,11,97,4,26,12,6,8,6,0,8,9,85,25,163,100,44,27,87,22,201,39,692,0,0,0,0,0,0,0,3,4,14,0,0,0,0,0,0,0,3,5,19,0,0,0,0,0,8,0,0,0,18,0,4,0,0,0,4,0,0,4,14
21704,0,10,6,4,8,11,3,20,4,82,104,348,304,170,160,367,87,691,43,2286,0,9,4,0,0,0,0,0,3,21,0,0,0,0,0,0,0,0,0,0,0,0,0,0,0,0,0,9,5,20,3,19,0,0,0,7,0,5,0,32,3,7,3,0,4,7,0,10,4,40,0,6,7,5,0,5,5,8,3,32,0,7,3,6,0,6,5,15,0,44,5,10,8,9,0,6,3,15,0,58,0,13,7,4,0,6,3,23,0,61,4,19,10,0,0,7,3,19,0,73,0,20,7,8,0,10,4,16,3,57,0,20,6,5,3,7,0,15,9,60,0,14,9,8,3,5,0,9,11,67,19,146,66,47,17,66,21,151,34,567,9,11,0,0,0,0,0,0,0,16,0,0,0,0,0,3,0,3,6,21,6,3,3,0,0,0,0,0,0,11,3,0,5,0,0,7,0,0,0,17
29797,0,0,0,0,0,0,0,0,0,0,0,0,0,0,0,0,0,0,0,0,0,0,0,0,0,0,0,0,0,0,0,0,0,0,0,0,0,0,0,0,0,0,0,0,0,0,0,0,0,0,0,0,0,0,0,0,0,0,0,0,0,0,0,0,0,0,0,0,0,0,0,0,0,0,0,0,0,0,0,0,0,0,0,0,0,0,0,0,0,0,0,0,0,0,0,0,0,0,0,0,0,0,0,0,0,0,0,0,0,0,0,0,0,0,0,0,0,0,0,0,0,0,0,0,0,0,0,0,0,0,0,0,0,0,0,0,0,0,0,0,0,0,0,0,0,0,0,0,0,0,0,0,0,0,0,0,0,0,0,0,0,0,0,0,0,0,0,0,0,0,0,0,0,0,0,0,0,0,0,0,0,0,0,0,0,0,0,0,0,0,0,0,0,0,0,0,0,0,0,0
29999,63,212,61,33,11,20,0,40,7,453,2863,9179,5931,3917,3255,6478,1546,3640,523,37324,10,32,5,3,0,3,0,0,10,65,7,24,4,4,5,9,0,0,8,66,6,36,13,3,4,8,3,7,4,89,22,66,41,10,14,15,0,14,17,217,28,80,42,22,16,26,6,25,20,257,32,73,35,20,14,15,4,25,6,230,35,62,40,11,9,21,0,20,18,215,35,61,42,24,6,29,6,30,8,232,34,71,46,18,9,16,5,32,10,240,50,70,29,10,11,20,0,22,13,226,42,85,23,15,11,13,0,19,7,214,27,61,18,12,0,15,4,27,13,163,45,86,28,8,9,19,3,22,22,240,378,802,360,156,106,216,35,250,151,2452,7,7,0,0,0,3,0,0,12,35,8,20,11,10,11,18,0,13,18,97,12,14,11,8,16,21,0,21,46,149,17,23,26,13,9,45,5,20,33,192
