SAL_CODE_2021,Intct_fam_no_otr_chld_pre_Fam,Step_fam_no_otr_chld_pre_Fam,Blnd_fam_no_otr_chld_pre_Fam,Intct_fam_othr_child_pres_Fam,Step_fam_othr_child_pres_Fam,Blnd_fam_othr_child_pres_Fam,Otr_cpl_fam_otr_chld_only_Fam,Tot_Families
SAL20001,0,0,0,0,0,0,0,0
SAL20002,508,42,6,0,3,0,5,555
SAL20003,569,22,8,3,0,0,0,600
SAL20004,0,0,0,0,0,0,0,0
SAL20005,13,0,0,0,0,0,0,12
SAL20006,0,0,0,0,0,0,0,0
SAL20007,8,0,0,0,0,0,0,9
SAL20008,3,0,0,0,0,0,0,8
SAL20009,8,0,0,0,0,0,0,8
SAL20010,3,0,0,0,0,0,0,3
SAL20011,1331,73,38,31,3,0,3,1481
SAL20012,0,0,0,0,0,0,0,0
SAL20013,70,5,0,0,0,0,0,78
SAL20014,20,4,0,0,0,0,0,22
SAL20015,901,55,22,5,0,0,0,985
SAL20016,0,0,0,0,0,0,0,0
SAL20017,577,38,25,16,3,0,0,658
SAL20018,647,39,13,0,0,0,0,708
SAL20019,19,7,3,0,0,0,0,26
SAL20020,8,0,0,0,0,0,0,8
SAL20021,320,19,12,3,0,0,0,353
SAL20022,221,24,3,0,0,0,3,252
SAL20023,1289,130,65,15,0,0,7,1510
SAL20024,0,0,0,0,0,0,0,0
SAL20025,4,0,0,0,0,0,0,6
SAL20026,3,3,0,0,0,0,0,6
SAL20027,35,0,0,0,0,0,0,40
SAL20028,146,14,7,0,0,0,0,166
SAL20029,21,0,0,0,0,0,0,22
SAL20030,20,0,0,0,0,0,0,23
SAL20031,15,0,0,0,0,0,0,16
SAL20032,0,0,0,0,0,0,0,0
SAL20033,10,0,0,0,0,0,0,10
SAL20034,646,30,9,6,0,0,3,689
SAL20035,1220,82,30,6,0,0,0,1342
SAL20036,2035,132,65,8,3,0,7,2257
SAL20037,1398,68,39,14,0,0,0,1527
SAL20038,14,0,0,0,0,0,0,16
SAL20039,6,0,0,0,0,0,0,6
SAL20040,0,0,0,0,0,0,0,0
SAL20041,14,0,0,0,0,0,0,21
SAL20042,91,6,5,0,0,0,0,106
SAL20043,3,0,0,0,0,0,0,4
SAL20044,0,0,0,0,0,0,0,0
SAL20045,0,0,0,0,0,0,0,0
SAL20046,277,12,0,0,0,0,0,293
SAL20047,9,0,0,0,0,0,0,9
SAL20048,4,0,0,0,0,0,0,4
SAL20049,116,3,4,0,0,0,0,131
SAL20050,0,0,0,0,0,0,0,0
SAL20051,3,0,0,0,0,0,0,3
SAL20052,24,3,0,0,0,0,0,26
SAL20053,536,61,39,10,0,0,4,653
SAL20054,4,0,0,0,0,0,0,4
SAL20055,0,0,0,0,0,0,0,0
SAL20056,25,0,0,0,0,0,0,26
SAL20057,6,4,0,0,0,0,0,8
SAL20058,4,0,0,0,0,0,0,4
SAL20059,0,0,0,0,0,0,0,0
SAL20060,3,0,0,0,0,0,0,0
SAL20061,0,0,0,0,0,0,0,0
SAL20062,278,14,7,6,0,0,3,307
SAL20063,43,0,0,0,0,0,0,56
SAL20064,0,0,0,0,0,0,0,0
SAL20065,16,0,0,0,0,0,0,16
SAL20066,753,40,10,0,0,0,0,804
SAL20067,9,0,0,0,0,0,0,6
SAL20068,1330,124,80,9,0,0,3,1550
SAL20069,3,0,3,0,0,0,0,8
SAL20070,0,0,0,0,0,0,0,0
SAL20071,50,3,6,5,0,0,0,64
SAL20072,49,3,0,0,0,0,0,51
SAL20073,10,0,0,0,0,0,0,10
SAL20074,272,19,23,4,0,0,0,326
SAL20075,1685,86,17,12,0,0,4,1802
SAL20076,33,4,0,0,0,0,0,31
SAL20077,1170,44,15,3,0,0,3,1238
SAL20078,811,41,20,5,0,0,0,872
SAL20079,1005,58,20,6,0,0,3,1087
SAL20080,978,45,27,8,0,0,0,1058
SAL20081,17,0,0,0,0,0,0,22
SAL20082,509,28,9,6,0,0,0,552
SAL20083,0,0,0,0,0,0,0,0
SAL20084,0,0,0,0,0,0,0,0
SAL20085,26,0,0,0,0,0,0,32
SAL20086,102,9,8,0,0,0,0,121
SAL20087,99,9,3,0,0,0,0,112
SAL20088,0,0,0,0,0,0,0,0
SAL20089,1473,51,32,9,0,0,5,1577
SAL20090,3,0,0,0,0,0,0,6
SAL20091,97,18,4,0,0,0,0,119
SAL20092,60,15,0,0,0,0,0,77
SAL20093,114,9,12,0,0,0,0,136
SAL20094,4,0,0,0,0,0,0,3
SAL20095,687,61,57,8,0,3,0,809
SAL20096,29,7,3,0,0,0,0,36
SAL20097,152,18,17,0,0,0,0,187
SAL20098,0,0,0,0,0,0,0,0
SAL20099,36,5,0,0,0,0,0,39
SAL20100,3,0,0,0,0,0,0,3
SAL20101,3,0,0,0,0,0,0,3
SAL20102,11,0,0,0,0,0,0,11
SAL20103,536,64,35,4,0,4,9,645
SAL20104,15,0,0,0,0,0,0,15
SAL20105,382,28,8,0,0,0,0,420
SAL20106,16,0,0,0,0,0,0,14
SAL20107,8,0,0,0,0,0,0,8
SAL20108,332,27,18,4,0,0,0,384
SAL20109,12,0,0,0,0,0,0,13
SAL20110,0,0,0,0,0,0,0,0
SAL20111,415,42,3,0,0,0,0,462
SAL20112,370,32,20,4,0,0,3,427
SAL20113,372,25,16,0,0,0,3,414
SAL20114,7,0,0,0,0,0,0,14
SAL20115,30,0,0,0,0,0,0,28
SAL20116,20,0,0,0,0,0,0,17
SAL20117,12,0,0,0,0,0,0,12
SAL20118,10,0,0,0,0,0,0,16
SAL20119,27,5,0,0,0,0,0,27
SAL20120,262,12,3,6,0,0,0,293
SAL20121,39,3,0,0,0,0,0,42
SAL20122,0,0,0,0,0,0,0,0
SAL20123,1751,75,20,6,0,0,0,1860
SAL20124,3215,119,44,19,0,0,6,3396
SAL20125,45,8,0,0,0,0,0,54
SAL20126,27,0,0,0,0,0,0,35
SAL20127,11,0,0,0,0,0,0,16
SAL20128,8,0,0,0,0,0,0,8
SAL20129,77,4,6,0,0,0,0,87
SAL20130,5,0,0,0,0,0,4,5
SAL20131,28,7,0,0,0,0,0,36
SAL20132,3,0,0,0,0,0,0,10
SAL20133,871,57,35,7,0,0,8,977
SAL20134,3,0,0,0,0,0,0,3
SAL20135,3,0,0,0,0,0,0,3
SAL20136,349,30,24,6,0,0,0,413
SAL20137,7,0,0,0,0,0,0,8
SAL20138,15,0,0,0,0,0,0,15
SAL20139,0,0,0,0,0,0,0,0
SAL20140,18,0,0,0,0,0,0,18
SAL20141,53,0,0,0,0,0,0,58
SAL20142,0,0,0,0,0,0,0,0
SAL20143,3,0,0,0,0,0,0,3
SAL20144,22,0,0,0,0,0,0,21
SAL20145,0,0,0,0,0,0,0,0
SAL20146,110,7,8,0,0,0,0,130
SAL20147,18,0,0,0,0,0,0,22
SAL20148,17,3,0,0,0,0,0,17
SAL20149,54,4,0,0,0,0,0,54
SAL20150,30,0,0,0,0,0,0,34
SAL20151,31,0,0,0,0,0,0,33
SAL20152,0,0,0,0,0,0,0,0
SAL20153,0,0,0,0,0,0,0,0
SAL20154,6,0,0,0,0,0,0,6
SAL20155,0,0,0,0,0,0,0,0
SAL20156,4,0,0,0,0,0,0,4
SAL20157,4,0,0,0,0,0,0,4
SAL20158,0,0,0,0,0,0,0,0
SAL20159,10,0,0,0,0,0,0,10
SAL20160,31,4,4,0,0,0,0,36
SAL20161,12,0,0,0,0,0,0,10
SAL20162,484,23,5,3,0,0,0,513
SAL20163,4,0,0,0,0,0,0,4
SAL20164,32,5,0,0,0,0,0,39
SAL20165,172,11,0,0,0,0,0,185
SAL20166,10,0,0,0,0,0,0,10
SAL20167,0,0,0,0,0,0,0,0
SAL20168,0,0,0,0,0,0,0,0
SAL20169,202,23,14,3,0,0,0,244
SAL20170,0,0,0,0,0,0,0,0
SAL20171,58,8,3,0,0,0,0,63
SAL20172,11,0,0,0,0,0,0,11
SAL20173,1262,84,37,10,0,0,4,1397
SAL20174,1005,73,35,7,0,0,0,1130
SAL20175,1022,72,28,8,0,0,5,1139
SAL20176,436,32,10,0,0,0,0,478
SAL20177,11,0,0,0,0,0,0,15
SAL20178,5,0,0,0,0,0,0,5
SAL20179,6,0,0,0,0,0,0,5
SAL20180,3,0,0,0,0,0,0,3
SAL20181,118,16,4,0,0,0,3,143
SAL20182,1922,83,43,5,0,0,4,2060
SAL20183,6,0,0,0,0,0,0,6
SAL20184,34,3,3,0,0,0,0,40
SAL20185,7,0,0,0,0,0,0,8
SAL20186,349,28,10,0,0,0,0,388
SAL20187,0,0,0,0,0,0,0,0
SAL20188,466,37,15,0,0,0,3,522
SAL20189,184,12,7,0,0,0,0,201
SAL20190,221,14,10,0,0,0,0,255
SAL20191,496,42,18,4,0,0,6,567
SAL20192,454,45,17,5,0,4,0,526
SAL20193,14,0,0,0,0,0,0,20
SAL20194,0,0,0,0,0,0,0,0
SAL20195,137,3,3,0,0,0,0,152
SAL20196,36,9,6,0,0,0,0,48
SAL20197,4,0,0,0,0,0,0,5
SAL20198,227,7,3,0,0,0,0,235
SAL20199,0,0,0,0,0,0,0,0
SAL20200,15,0,0,0,0,0,0,18
SAL20201,1388,109,49,0,0,0,0,1552
SAL20202,3,0,0,0,0,0,0,3
SAL20203,25,3,0,0,0,0,0,32
SAL20204,675,80,48,12,0,0,7,817
SAL20205,5,0,0,0,0,0,0,5
SAL20206,4,0,0,0,0,0,0,4
SAL20207,28,4,0,0,0,0,0,34
SAL20208,394,29,16,0,0,0,0,441
SAL20209,3,0,0,0,0,0,0,3
SAL20210,8,0,0,0,0,0,0,9
SAL20211,9,0,0,0,0,0,0,9
SAL20212,12,3,0,0,0,0,0,17
SAL20213,6,0,0,0,0,0,0,6
SAL20214,2349,105,44,6,0,0,6,2502
SAL20215,4271,199,79,16,0,0,7,4575
SAL20216,0,0,0,0,0,0,0,0
SAL20217,22,5,0,0,0,0,0,30
SAL20218,4,0,0,0,0,0,0,4
SAL20219,11,0,0,0,0,0,0,16
SAL20220,0,0,0,0,0,0,0,5
SAL20221,21,0,0,0,0,0,0,24
SAL20222,4,0,0,0,0,0,0,0
SAL20223,17,0,0,0,0,0,0,19
SAL20224,6897,457,231,50,4,0,16,7652
SAL20225,13,0,0,0,0,0,0,12
SAL20226,12,0,0,0,0,0,0,11
SAL20227,7,0,0,0,0,0,0,10
SAL20228,0,0,0,0,0,0,0,0
SAL20229,57,3,0,0,0,0,0,62
SAL20230,6,5,0,0,0,0,0,11
SAL20231,28,0,0,0,0,0,0,28
SAL20232,36,3,3,0,0,0,0,45
SAL20233,658,48,40,9,0,4,5,762
SAL20234,0,0,0,0,0,0,0,0
SAL20235,31,3,5,0,0,0,0,42
SAL20236,4,0,0,0,0,0,0,0
SAL20237,3,0,0,0,0,0,0,9
SAL20238,6,0,0,0,0,0,0,6
SAL20239,0,0,0,0,0,0,0,0
SAL20240,0,0,0,0,0,0,0,0
SAL20241,6,0,0,0,0,0,0,6
SAL20242,18,3,0,0,0,0,0,20
SAL20243,0,0,0,0,0,0,0,0
SAL20244,58,5,5,0,0,0,0,65
SAL20245,0,0,0,0,0,0,0,0
SAL20246,77,6,6,0,0,0,0,90
SAL20247,98,4,3,0,0,0,0,109
SAL20248,447,51,9,4,0,4,0,510
SAL20249,186,12,8,0,0,0,0,203
SAL20250,12,3,0,0,0,0,0,16
SAL20251,784,45,9,4,0,0,0,845
SAL20252,1783,70,30,8,0,0,0,1886
SAL20253,1104,33,17,5,0,0,0,1155
SAL20254,1437,58,23,3,0,0,4,1523
SAL20255,4,0,0,0,0,0,0,5
SAL20256,25,4,0,0,0,0,0,28
SAL20257,196,15,3,0,0,0,0,218
SAL20258,8,0,0,0,0,0,0,8
SAL20259,20,0,0,0,0,0,0,24
SAL20260,159,16,9,0,0,0,0,182
SAL20261,8,0,0,0,0,0,0,8
SAL20262,3,0,0,0,0,0,0,3
SAL20263,6,0,0,0,0,0,0,8
SAL20264,5,0,0,0,0,0,0,10
SAL20265,0,0,0,0,0,0,0,0
SAL20266,7,0,0,0,0,0,0,7
SAL20267,9,0,0,0,0,0,0,9
SAL20268,3,0,0,0,0,0,0,3
SAL20269,0,0,0,0,0,0,0,0
SAL20270,31,5,0,3,0,0,0,44
SAL20271,0,0,0,0,0,0,0,0
SAL20272,22,0,0,0,0,0,0,26
SAL20273,0,0,0,0,0,0,0,0
SAL20274,62,12,9,0,0,0,0,78
SAL20275,6,0,0,0,0,0,0,6
SAL20276,10,3,0,0,0,0,0,10
SAL20277,0,0,0,0,0,0,0,3
SAL20278,660,59,20,0,0,0,0,751
SAL20279,43,0,0,0,0,0,0,47
SAL20280,34,0,0,0,0,0,0,37
SAL20281,6,0,0,0,0,0,0,6
SAL20282,34,7,0,0,0,0,0,35
SAL20283,49,3,0,0,0,0,0,54
SAL20284,97,4,10,0,0,0,0,114
SAL20285,17,3,0,0,0,0,0,22
SAL20286,0,0,0,0,0,0,0,0
SAL20287,0,0,0,0,0,0,0,0
SAL20288,73,11,5,3,0,0,0,94
SAL20289,9,0,0,0,0,0,0,15
SAL20290,0,0,0,0,0,0,0,0
SAL20291,3,0,0,0,0,0,0,3
SAL20292,3,0,0,0,0,0,0,3
SAL20293,0,0,0,0,0,0,0,0
SAL20294,20,0,4,0,0,0,0,22
SAL20295,18,5,0,0,0,0,0,20
SAL20296,0,0,0,0,0,0,0,0
SAL20297,4,0,0,0,0,0,0,7
SAL20298,17,0,0,0,0,0,0,19
SAL20299,6,0,0,0,0,0,0,6
SAL20300,65,3,5,0,0,0,0,73
SAL20301,8,3,0,0,0,0,0,16
SAL20302,6,0,0,0,0,0,0,13
SAL20303,4,0,0,0,0,0,0,4
SAL20304,2392,208,82,29,3,0,10,2720
SAL20305,4,0,0,0,0,0,0,4
SAL20306,6,0,0,0,0,0,0,11
SAL20307,984,93,63,5,0,0,0,1147
SAL20308,10,0,0,0,0,0,0,15
SAL20309,14,7,5,0,0,0,0,20
SAL20310,7,0,0,0,0,0,0,7
SAL20311,0,0,0,0,0,0,0,4
SAL20312,12,0,0,0,0,0,0,12
SAL20313,3,0,0,0,0,0,0,7
SAL20314,994,53,16,11,0,0,0,1074
SAL20315,1499,77,22,3,0,0,9,1604
SAL20316,1079,50,8,3,0,0,3,1146
SAL20317,4,0,0,0,0,0,0,4
SAL20318,0,0,0,0,0,0,0,0
SAL20319,9,0,0,0,0,0,0,9
SAL20320,0,0,0,0,0,0,0,0
SAL20321,10,0,0,0,0,0,0,9
SAL20322,36,6,0,0,0,0,0,34
SAL20323,0,0,0,0,0,0,0,0
SAL20324,824,81,18,26,3,0,3,960
SAL20325,4,0,0,0,0,0,0,4
SAL20326,55,12,4,0,0,0,0,72
SAL20327,9,0,0,0,0,0,0,17
SAL20328,0,0,0,0,0,0,0,0
SAL20329,4,0,0,0,0,0,0,4
SAL20330,96,15,6,0,0,0,0,113
SAL20331,388,25,9,8,0,0,0,423
SAL20332,16,0,0,0,0,0,0,16
SAL20333,14,0,0,0,0,0,0,20
SAL20334,9,0,0,0,0,0,0,9
SAL20335,22,5,0,0,0,0,0,30
SAL20336,201,15,10,0,0,0,0,228
SAL20337,2699,157,49,16,0,0,0,2912
SAL20338,2227,115,46,3,0,0,6,2392
SAL20339,14,0,5,0,0,0,0,19
SAL20340,0,0,0,0,0,0,0,0
SAL20341,9,0,0,0,0,0,0,9
SAL20342,9,0,0,0,0,0,0,10
SAL20343,0,0,0,0,0,0,0,0
SAL20344,7,0,0,0,0,0,0,7
SAL20345,423,51,27,3,0,0,6,514
SAL20346,1193,49,32,18,5,0,7,1308
SAL20347,12,0,0,0,0,0,0,12
SAL20348,0,0,0,0,0,0,0,0
SAL20349,6,0,0,0,0,0,0,6
SAL20350,3,0,0,0,0,0,0,3
SAL20351,1288,93,65,25,0,0,9,1476
SAL20352,168,14,6,4,0,0,0,189
SAL20353,0,0,0,0,0,0,0,4
SAL20354,20,0,0,0,0,0,0,21
SAL20355,6,0,0,0,0,0,0,6
SAL20356,504,38,17,11,0,0,3,571
SAL20357,5,0,0,0,0,0,0,15
SAL20358,11,0,0,0,0,0,0,9
SAL20359,11,0,0,0,0,0,0,15
SAL20360,0,0,0,0,0,0,0,0
SAL20361,1740,83,25,6,0,0,4,1861
SAL20362,845,34,10,5,0,0,0,894
SAL20363,1290,45,22,9,0,0,0,1367
SAL20364,73,9,0,0,0,0,0,90
SAL20365,8,0,0,0,0,0,0,5
SAL20366,13,0,0,0,0,0,0,15
SAL20367,11,0,0,0,0,0,0,11
SAL20368,18,0,0,0,0,0,0,18
SAL20369,34,4,0,0,0,0,0,36
SAL20370,5,0,0,0,0,0,0,5
SAL20371,6,0,0,0,0,0,0,6
SAL20372,0,0,0,0,0,0,0,0
SAL20373,20,4,0,0,0,0,0,25
SAL20374,0,0,0,0,0,0,0,0
SAL20375,25,4,0,0,0,0,0,29
SAL20376,26,5,0,0,0,0,0,33
SAL20377,12,0,0,0,0,0,0,12
SAL20378,0,0,0,0,0,0,0,0
SAL20379,0,0,0,0,0,0,0,0
SAL20380,0,0,0,0,0,0,0,0
SAL20381,82,13,0,0,0,0,0,95
SAL20382,0,0,0,0,0,0,0,3
SAL20383,9,0,0,0,0,0,0,9
SAL20384,5,0,0,0,0,0,0,11
SAL20385,3,0,0,0,0,0,0,3
SAL20386,1418,55,21,0,0,0,6,1501
SAL20387,93,6,0,0,0,0,0,98
SAL20388,4,0,0,0,0,0,0,4
SAL20389,3,0,0,0,0,0,0,7
SAL20390,75,4,5,0,0,0,0,80
SAL20391,15,0,0,0,0,0,0,20
SAL20392,8,0,0,0,0,0,0,8
SAL20393,37,3,0,0,0,0,0,45
SAL20394,25,0,0,0,0,0,0,29
SAL20395,53,0,5,0,0,0,0,55
SAL20396,5,0,0,0,0,0,0,5
SAL20397,0,0,0,0,0,0,0,0
SAL20398,6,0,0,0,0,0,0,5
SAL20399,3125,160,50,20,0,0,0,3366
SAL20400,0,0,0,0,0,0,0,0
SAL20401,11,0,0,0,0,0,0,11
SAL20402,3,0,0,0,0,0,0,0
SAL20403,10,0,0,0,0,0,0,16
SAL20404,40,0,0,0,0,0,0,35
SAL20405,3,0,0,0,0,0,0,3
SAL20406,4,0,0,0,0,0,0,3
SAL20407,0,0,0,0,0,0,0,0
SAL20408,0,0,0,0,0,0,0,0
SAL20409,443,21,9,0,0,0,0,475
SAL20410,24,4,6,0,0,0,0,32
SAL20411,365,25,17,0,0,0,0,406
SAL20412,10,0,0,0,0,0,0,11
SAL20413,0,0,0,0,0,0,0,0
SAL20414,0,0,0,0,0,0,0,0
SAL20415,0,0,0,0,0,0,0,0
SAL20416,6,0,0,0,0,0,0,6
SAL20417,3,0,0,0,0,0,0,3
SAL20418,59,0,0,0,0,0,0,70
SAL20419,829,56,28,9,0,0,0,924
SAL20420,1061,56,29,9,0,0,0,1155
SAL20421,3,0,0,0,0,0,0,3
SAL20422,24,3,4,0,0,0,0,31
SAL20423,5,0,0,0,0,0,0,5
SAL20424,0,0,0,0,0,0,0,0
SAL20425,21,0,0,0,0,0,0,18
SAL20426,1439,58,18,6,0,0,0,1531
SAL20427,1270,63,16,8,0,0,0,1355
SAL20428,73,7,7,0,0,0,0,89
SAL20429,8,0,0,0,0,0,0,8
SAL20430,0,0,0,0,0,0,0,0
SAL20431,45,0,7,0,0,0,0,52
SAL20432,13,0,0,0,0,0,0,13
SAL20433,13,0,5,0,0,0,0,21
SAL20434,20,4,0,0,0,0,0,19
SAL20435,13,0,0,0,0,0,0,12
SAL20436,16,6,4,0,0,0,0,22
SAL20437,53,3,7,0,0,0,0,61
SAL20438,0,0,0,0,0,0,0,0
SAL20439,0,0,0,0,0,0,0,4
SAL20440,0,0,0,0,0,0,0,0
SAL20441,1392,70,40,21,0,0,7,1529
SAL20442,0,0,0,0,0,0,0,0
SAL20443,22,4,0,0,0,0,0,25
SAL20444,274,39,25,11,3,0,9,349
SAL20445,18,0,0,0,0,0,0,18
SAL20446,3,0,0,0,0,0,0,3
SAL20447,41,3,0,0,0,0,0,49
SAL20448,3,0,0,0,0,0,0,3
SAL20449,0,0,0,0,0,0,0,0
SAL20450,4,0,0,0,0,0,0,3
SAL20451,17,0,0,0,0,0,0,23
SAL20452,0,0,0,0,0,0,0,0
SAL20453,2729,116,33,12,3,0,4,2900
SAL20454,39,3,3,0,0,0,0,48
SAL20455,556,23,16,5,0,0,3,605
SAL20456,3,0,0,0,0,0,0,3
SAL20457,191,21,11,6,0,0,0,221
SAL20458,7,0,0,0,0,0,0,7
SAL20459,3,0,0,0,0,0,0,8
SAL20460,253,22,18,0,0,0,0,293
SAL20461,344,40,16,6,0,0,0,408
SAL20462,0,0,0,0,0,0,0,0
SAL20463,9,0,0,0,0,0,0,11
SAL20464,7,0,0,0,0,0,0,14
SAL20465,0,0,0,0,0,0,0,0
SAL20466,62,11,3,0,0,0,0,75
SAL20467,7,0,0,0,0,0,0,7
SAL20468,1021,43,10,3,0,0,0,1075
SAL20469,15,0,0,0,0,0,0,15
SAL20470,9,0,0,0,0,0,0,10
SAL20471,0,0,0,0,0,0,0,0
SAL20472,4,0,0,0,0,0,0,5
SAL20473,100,3,7,0,0,0,0,112
SAL20474,48,7,0,0,0,0,0,57
SAL20475,218,22,7,0,0,0,0,246
SAL20476,265,29,18,0,0,0,5,317
SAL20477,3,0,0,0,0,0,0,3
SAL20478,0,0,0,0,0,0,0,0
SAL20479,0,0,0,0,0,0,0,0
SAL20480,15,0,4,0,0,0,3,20
SAL20481,4,0,0,0,0,0,0,4
SAL20482,5,0,0,0,0,0,0,4
SAL20483,7,0,0,0,0,0,0,11
SAL20484,7,3,0,0,0,0,0,9
SAL20485,169,14,3,0,0,0,0,186
SAL20486,121,14,14,5,0,0,0,154
SAL20487,40,3,4,0,0,0,0,50
SAL20488,99,7,3,4,0,0,0,115
SAL20489,3,0,0,0,0,0,0,6
SAL20490,0,0,0,0,0,0,0,0
SAL20491,0,0,0,0,0,0,0,0
SAL20492,121,12,10,0,0,0,5,139
SAL20493,10,0,3,0,0,0,0,16
SAL20494,57,0,4,0,0,0,0,59
SAL20495,438,25,16,4,0,0,0,480
SAL20496,429,26,4,0,0,0,0,464
SAL20497,10,0,0,0,0,0,0,12
SAL20498,1838,56,22,3,0,0,0,1923
SAL20499,18,0,0,0,0,0,0,14
SAL20500,3540,199,103,46,6,0,14,3906
SAL20501,12,0,0,0,0,0,0,12
SAL20502,7,0,0,0,0,0,0,11
SAL20503,7,0,0,0,0,0,0,11
SAL20504,7,0,0,0,0,0,0,7
SAL20505,5,0,0,0,0,0,0,6
SAL20506,3,0,0,0,0,0,0,3
SAL20507,400,49,12,0,0,0,0,462
SAL20508,2215,235,125,20,10,0,6,2617
SAL20509,5,0,0,0,0,0,0,8
SAL20510,18,0,0,0,0,0,0,27
SAL20511,3,0,0,0,0,0,0,3
SAL20512,34,0,0,0,0,0,0,34
SAL20513,101,5,0,0,0,0,0,109
SAL20514,7,0,0,0,0,0,0,8
SAL20515,15,0,0,0,0,0,0,15
SAL20516,481,39,18,3,0,0,4,548
SAL20517,38,0,3,0,0,0,0,44
SAL20518,10,0,0,0,0,0,0,10
SAL20519,0,0,0,0,0,0,0,0
SAL20520,4,0,0,0,0,0,0,4
SAL20521,602,36,3,0,0,0,0,639
SAL20522,118,7,0,0,0,0,0,131
SAL20523,1704,78,19,0,0,0,0,1805
SAL20524,1616,70,21,3,0,0,0,1711
SAL20525,0,0,0,0,0,0,0,0
SAL20526,27,0,4,0,0,0,0,33
SAL20527,43,0,0,0,0,0,0,43
SAL20528,1033,56,16,9,0,0,0,1110
SAL20529,0,0,0,0,0,0,0,0
SAL20530,0,0,0,0,0,0,0,0
SAL20531,4,0,0,0,0,0,0,4
SAL20532,3,0,0,0,0,0,0,3
SAL20533,258,15,13,0,0,0,0,291
SAL20534,11,0,0,0,0,0,0,16
SAL20535,66,5,6,0,0,0,0,78
SAL20536,5,0,0,0,0,0,0,5
SAL20537,819,71,16,0,0,0,4,911
SAL20538,722,46,14,5,0,0,0,785
SAL20539,2906,145,53,8,0,0,8,3115
SAL20540,5,0,0,0,0,0,0,6
SAL20541,4,0,0,0,0,0,0,7
SAL20542,0,0,0,0,0,0,0,0
SAL20543,13,0,0,0,0,0,0,18
SAL20544,0,0,0,0,0,0,0,0
SAL20545,21,6,0,0,0,0,0,22
SAL20546,5,0,0,0,0,0,0,5
SAL20547,59,8,4,4,0,0,0,65
SAL20548,4,0,0,0,0,0,0,0
SAL20549,5,0,0,0,0,0,0,5
SAL20550,0,0,0,0,0,0,0,0
SAL20551,133,16,14,0,0,0,0,163
SAL20552,10,3,0,0,0,0,0,9
SAL20553,0,0,0,0,0,0,0,0
SAL20554,4,0,0,0,0,0,0,4
SAL20555,12,0,0,0,0,0,0,17
SAL20556,1479,109,64,11,0,0,4,1672
SAL20557,0,0,0,0,0,0,0,0
SAL20558,3,0,0,0,0,0,0,6
SAL20559,46,5,0,0,0,0,0,50
SAL20560,105,21,7,0,0,0,0,128
SAL20561,340,45,33,5,0,0,8,434
SAL20562,0,0,0,0,0,0,0,0
SAL20563,0,0,0,0,0,0,0,0
SAL20564,17,0,0,0,0,0,0,19
SAL20565,0,0,0,0,0,0,0,0
SAL20566,921,29,19,14,0,0,3,988
SAL20567,30,6,0,0,0,0,0,35
SAL20568,13,0,0,0,0,0,0,12
SAL20569,1123,46,11,12,0,0,6,1197
SAL20570,1403,68,32,27,0,4,10,1539
SAL20571,5,0,0,0,0,0,0,5
SAL20572,43,0,0,0,0,0,0,50
SAL20573,23,0,4,0,0,0,0,28
SAL20574,655,30,12,0,0,0,0,694
SAL20575,657,84,36,6,0,0,8,792
SAL20576,34,3,0,3,0,0,0,39
SAL20577,3,0,0,0,0,0,0,3
SAL20578,22,0,0,0,0,0,0,28
SAL20579,0,0,0,0,0,0,0,0
SAL20580,119,15,13,0,0,0,0,149
SAL20581,1601,139,58,15,0,0,8,1821
SAL20582,5010,290,176,72,0,3,18,5559
SAL20583,18,0,0,0,0,0,0,18
SAL20584,3,0,0,0,0,0,0,3
SAL20585,6,0,0,0,0,0,0,6
SAL20586,26,4,3,0,0,0,0,30
SAL20587,16,0,0,0,0,0,0,15
SAL20588,0,0,0,0,0,0,0,0
SAL20589,0,0,0,0,0,0,0,0
SAL20590,526,23,19,6,0,0,0,574
SAL20591,141,14,10,0,0,0,0,154
SAL20592,404,49,27,5,0,0,3,491
SAL20593,22,3,0,0,0,0,0,30
SAL20594,4,0,0,0,0,0,0,4
SAL20595,3,0,0,0,0,0,0,3
SAL20596,2900,113,45,15,0,0,7,3077
SAL20597,941,49,19,0,0,0,3,1010
SAL20598,0,0,0,0,0,0,0,0
SAL20599,0,0,0,0,0,0,0,0
SAL20600,519,59,31,0,0,0,0,612
SAL20601,0,0,0,0,0,0,0,0
SAL20602,5,0,0,0,0,0,0,5
SAL20603,7,0,0,0,0,0,0,7
SAL20604,185,19,6,0,0,0,0,213
SAL20605,56,0,0,0,0,0,0,59
SAL20606,0,0,0,0,0,0,0,0
SAL20607,647,66,21,5,0,0,6,746
SAL20608,4,0,0,0,0,0,0,9
SAL20609,8,0,0,0,0,0,0,8
SAL20610,9,0,0,0,0,0,0,9
SAL20611,23,0,0,0,0,0,0,21
SAL20612,0,0,4,0,0,0,0,5
SAL20613,244,19,20,0,0,0,0,288
SAL20614,59,7,9,0,0,0,0,72
SAL20615,18,3,0,0,0,0,0,29
SAL20616,360,27,14,4,0,0,0,406
SAL20617,0,0,0,0,0,0,0,0
SAL20618,14,0,0,0,0,0,0,14
SAL20619,11,0,0,0,0,0,0,11
SAL20620,79,7,0,3,0,0,0,91
SAL20621,106,8,0,0,0,0,0,119
SAL20622,0,0,0,0,0,0,0,0
SAL20623,5,0,0,0,0,0,0,5
SAL20624,327,17,4,3,5,0,3,348
SAL20625,7,0,0,0,0,0,0,16
SAL20626,14,0,0,0,0,0,0,14
SAL20627,36,0,3,0,0,0,0,43
SAL20628,7,5,0,0,0,0,0,9
SAL20629,4,0,0,0,0,0,0,4
SAL20630,0,0,0,0,0,0,0,0
SAL20631,33,0,0,0,0,0,0,38
SAL20632,3,0,0,0,0,0,0,3
SAL20633,23,0,6,0,0,0,0,27
SAL20634,0,0,0,0,0,0,0,0
SAL20635,0,0,0,0,0,0,0,0
SAL20636,12,0,3,0,0,0,0,18
SAL20637,8,0,0,0,0,0,0,10
SAL20638,11,0,0,0,0,0,0,11
SAL20639,77,6,0,0,0,0,3,86
SAL20640,1153,128,76,18,5,0,10,1395
SAL20641,6,0,0,0,0,0,0,3
SAL20642,0,0,0,0,0,0,0,0
SAL20643,11,0,0,0,0,0,0,9
SAL20644,69,7,4,0,0,0,0,79
SAL20645,12,0,0,0,0,0,0,18
SAL20646,37,0,0,0,0,0,0,37
SAL20647,0,0,0,0,0,0,0,0
SAL20648,86,6,6,0,0,0,0,100
SAL20649,8,0,0,0,0,0,0,11
SAL20650,4,0,0,0,0,0,0,4
SAL20651,0,0,0,0,0,0,0,0
SAL20652,4,6,3,0,0,0,0,7
SAL20653,0,0,0,0,0,0,0,0
SAL20654,71,6,3,0,0,0,0,79
SAL20655,0,0,0,0,0,0,0,0
SAL20656,4,0,0,0,0,0,0,4
SAL20657,418,37,27,7,0,0,5,489
SAL20658,3,0,0,0,0,0,0,3
SAL20659,35,0,0,0,0,0,0,40
SAL20660,4,0,0,0,0,0,0,9
SAL20661,9581,405,200,115,6,6,21,10336
SAL20662,2112,199,103,31,3,0,15,2462
SAL20663,3471,208,135,93,4,5,9,3926
SAL20664,3422,228,128,50,5,0,12,3846
SAL20665,414,30,21,8,0,0,0,475
SAL20666,2702,131,126,38,5,0,9,3008
SAL20667,0,0,0,0,0,0,0,3
SAL20668,0,0,0,0,0,0,0,6
SAL20669,9,0,0,0,0,0,0,14
SAL20670,133,4,3,0,0,0,0,141
SAL20671,14,0,0,0,0,0,0,14
SAL20672,252,22,19,0,6,0,0,295
SAL20673,9,0,5,0,0,0,0,11
SAL20674,308,40,22,5,0,0,4,380
SAL20675,0,0,0,0,0,0,0,0
SAL20676,0,0,0,0,0,0,0,0
SAL20677,3,0,0,0,0,0,0,0
SAL20678,27,0,0,0,0,0,0,29
SAL20679,15,0,0,0,0,0,0,18
SAL20680,4,0,0,0,0,0,0,6
SAL20681,10,0,0,0,0,0,0,10
SAL20682,2984,222,100,25,0,0,7,3339
SAL20683,720,33,18,0,0,0,0,778
SAL20684,1034,83,27,7,0,0,0,1145
SAL20685,590,32,20,3,0,0,0,642
SAL20686,0,0,0,0,0,0,0,0
SAL20687,43,0,0,0,0,0,0,45
SAL20688,16,0,0,0,0,0,0,16
SAL20689,3,0,0,0,0,0,0,3
SAL20690,0,0,0,0,0,0,0,0
SAL20691,6,0,0,0,0,0,0,6
SAL20692,0,0,0,0,0,0,0,3
SAL20693,0,0,0,0,0,0,0,0
SAL20694,0,0,0,0,0,0,0,0
SAL20695,6,0,0,0,0,0,0,6
SAL20696,18,0,0,0,0,0,0,18
SAL20697,419,46,39,6,0,0,0,513
SAL20698,3,0,0,0,0,0,0,3
SAL20699,5,0,0,0,0,0,0,5
SAL20700,30,3,4,0,0,0,0,36
SAL20701,54,6,0,0,0,0,0,64
SAL20702,751,20,20,16,0,0,5,810
SAL20703,13,0,0,0,0,0,0,13
SAL20704,5,0,0,0,0,0,0,4
SAL20705,0,0,0,0,0,0,0,0
SAL20706,75,3,3,0,0,0,0,87
SAL20707,2952,136,51,38,3,4,0,3193
SAL20708,2582,145,50,44,0,0,12,2832
SAL20709,0,0,0,0,0,0,0,0
SAL20710,0,0,0,0,0,0,0,0
SAL20711,6,0,0,0,0,0,0,8
SAL20712,1065,111,57,11,4,0,6,1258
SAL20713,4,0,0,0,0,0,0,4
SAL20714,4,0,0,0,0,0,0,4
SAL20715,83,8,5,0,0,0,0,101
SAL20716,39,0,0,0,0,0,0,43
SAL20717,0,0,0,0,0,0,0,0
SAL20718,20,3,0,0,0,0,0,23
SAL20719,3,0,0,0,0,0,0,3
SAL20720,3,0,0,0,0,0,0,3
SAL20721,157,12,9,0,0,0,0,172
SAL20722,18,0,0,0,0,0,0,17
SAL20723,30,3,0,0,0,0,0,33
SAL20724,83,12,3,0,0,0,0,98
SAL20725,0,0,0,0,0,0,0,0
SAL20726,18,4,0,0,0,0,0,24
SAL20727,18,0,0,0,0,0,0,18
SAL20728,250,9,4,0,0,0,3,267
SAL20729,2001,93,71,45,0,0,12,2225
SAL20730,436,48,23,6,0,5,5,523
SAL20731,956,56,16,14,0,0,3,1058
SAL20732,3,0,0,0,0,0,0,3
SAL20733,0,0,0,0,0,0,0,4
SAL20734,5,0,0,0,0,0,0,5
SAL20735,0,0,0,0,0,0,0,0
SAL20736,56,3,0,0,0,0,0,59
SAL20737,220,25,13,0,0,0,0,251
SAL20738,12,5,0,0,0,0,0,13
SAL20739,0,0,0,0,0,0,0,0
SAL20740,0,0,0,0,0,0,0,0
SAL20741,56,0,8,0,0,0,0,64
SAL20742,3,0,0,0,0,0,0,4
SAL20743,1300,60,33,27,0,0,0,1421
SAL20744,7,0,0,0,0,0,0,11
SAL20745,29,0,0,0,0,0,0,30
SAL20746,17,6,0,0,0,0,0,23
SAL20747,0,0,0,0,0,0,0,0
SAL20748,175,18,6,0,0,0,0,205
SAL20749,32,5,0,0,0,0,0,36
SAL20750,17,0,0,0,0,0,0,20
SAL20751,25,3,0,0,0,0,0,28
SAL20752,1779,139,53,5,0,0,0,1983
SAL20753,8,0,0,0,0,0,0,11
SAL20754,670,41,28,11,0,0,0,753
SAL20755,3,0,0,0,0,0,0,3
SAL20756,106,8,11,0,0,0,0,132
SAL20757,18,0,0,0,0,0,0,21
SAL20758,1389,86,44,9,0,0,0,1534
SAL20759,10,0,0,0,0,0,0,12
SAL20760,6,0,0,0,0,0,0,9
SAL20761,19,3,0,0,0,0,0,18
SAL20762,37,5,0,0,0,0,0,37
SAL20763,3,0,0,0,0,0,0,3
SAL20764,10,4,0,0,0,0,0,14
SAL20765,11,0,0,0,0,0,0,11
SAL20766,864,57,11,3,0,0,0,939
SAL20767,0,0,0,0,0,0,0,0
SAL20768,8,0,0,0,0,0,0,8
SAL20769,68,9,0,0,0,0,0,74
SAL20770,109,12,4,0,0,0,0,126
SAL20771,2758,118,40,18,3,0,10,2946
SAL20772,4316,160,58,29,3,0,4,4569
SAL20773,273,8,14,11,0,0,0,308
SAL20774,1699,82,16,15,0,0,6,1818
SAL20775,0,0,0,0,0,0,0,0
SAL20776,26,0,0,0,0,0,0,29
SAL20777,31,0,0,0,0,0,0,30
SAL20778,0,0,0,0,0,0,0,0
SAL20779,3816,286,162,32,5,0,7,4305
SAL20780,0,0,0,0,0,0,0,0
SAL20781,0,0,0,0,0,0,0,0
SAL20782,9,0,0,0,0,0,0,9
SAL20783,890,54,39,11,0,0,7,1007
SAL20784,3,0,5,0,0,0,0,9
SAL20785,0,0,0,0,0,0,0,0
SAL20786,11,0,0,0,0,0,0,11
SAL20787,5,0,0,0,0,0,0,5
SAL20788,505,70,21,0,0,0,5,600
SAL20789,0,0,0,0,0,0,0,0
SAL20790,1406,151,106,11,0,4,10,1695
SAL20791,22,3,0,0,0,0,0,23
SAL20792,40,5,0,0,0,0,0,44
SAL20793,44,0,5,0,0,0,0,48
SAL20794,3,0,0,0,0,0,0,3
SAL20795,13,0,0,0,0,0,0,16
SAL20796,67,5,0,0,0,0,0,78
SAL20797,4,0,0,0,0,0,0,4
SAL20798,29,3,4,0,0,0,0,37
SAL20799,23,0,0,0,0,0,0,30
SAL20800,17,0,0,0,0,0,0,17
SAL20801,4,0,0,0,0,0,0,7
SAL20802,454,44,16,4,0,0,7,526
SAL20803,5,0,0,0,0,0,0,3
SAL20804,30,4,8,0,0,0,0,40
SAL20805,12,0,0,0,0,0,0,8
SAL20806,5,0,0,0,0,0,0,5
SAL20807,6,0,0,0,0,0,0,6
SAL20808,0,0,0,0,0,0,0,0
SAL20809,65,7,0,0,0,0,0,70
SAL20810,0,0,0,0,0,0,0,0
SAL20811,0,0,0,0,0,0,0,3
SAL20812,33,0,0,0,0,0,0,33
SAL20813,32,12,7,0,0,0,0,55
SAL20814,4,0,0,0,0,0,0,9
SAL20815,0,0,0,0,0,0,0,3
SAL20816,57,3,3,0,0,0,0,62
SAL20817,6,0,0,0,0,0,0,6
SAL20818,4,0,0,0,0,0,0,4
SAL20819,0,0,0,0,0,0,0,0
SAL20820,8,0,0,0,0,0,0,6
SAL20821,4,0,0,0,0,0,0,4
SAL20822,79,12,0,0,0,0,0,91
SAL20823,422,53,28,3,0,0,6,510
SAL20824,0,0,0,0,0,0,0,0
SAL20825,540,21,11,0,0,0,0,566
SAL20826,10,6,0,0,0,0,0,7
SAL20827,78,11,6,0,0,0,4,103
SAL20828,159,18,3,0,0,0,0,183
SAL20829,399,30,13,3,0,0,0,438
SAL20830,214,18,0,0,0,0,0,232
SAL20831,0,0,0,0,0,0,0,0
SAL20832,9,0,0,0,0,0,0,9
SAL20833,61,11,4,0,0,0,0,78
SAL20834,0,0,0,0,0,0,0,6
SAL20835,0,0,0,0,0,0,0,0
SAL20836,241,25,12,0,0,0,5,283
SAL20837,18,4,0,0,0,0,0,18
SAL20838,1184,137,77,18,3,0,14,1423
SAL20839,59,6,0,0,0,0,0,71
SAL20840,52,7,0,0,0,0,0,58
SAL20841,20,0,0,0,0,0,0,24
SAL20842,12,0,0,0,0,0,0,17
SAL20843,165,9,6,0,0,0,0,176
SAL20844,56,5,0,0,0,0,0,70
SAL20845,12,0,0,0,0,0,0,13
SAL20846,5,0,0,0,0,0,0,8
SAL20847,6,0,0,0,0,0,0,10
SAL20848,729,48,12,6,0,0,0,793
SAL20849,15,0,0,0,0,0,0,15
SAL20850,43,7,0,0,0,0,0,48
SAL20851,18,6,0,0,0,0,0,24
SAL20852,39,5,0,0,0,0,0,47
SAL20853,4,0,0,0,0,0,0,4
SAL20854,9,0,0,0,0,0,0,6
SAL20855,15,0,0,0,0,0,0,18
SAL20856,0,0,0,0,0,0,0,0
SAL20857,27,3,0,0,0,0,0,34
SAL20858,19,3,0,0,0,0,0,20
SAL20859,396,21,18,0,0,0,0,443
SAL20860,28,0,0,0,0,0,0,28
SAL20861,12,0,0,0,0,0,0,11
SAL20862,61,0,3,0,0,0,0,65
SAL20863,55,10,5,0,0,0,0,66
SAL20864,1159,50,15,0,0,0,0,1226
SAL20865,2599,152,52,8,0,0,3,2819
SAL20866,1067,66,16,4,0,0,0,1160
SAL20867,1168,94,28,6,0,0,0,1294
SAL20868,737,52,26,8,0,0,9,829
SAL20869,0,0,0,0,0,0,0,0
SAL20870,53,0,0,0,0,0,0,62
SAL20871,3201,155,84,40,6,0,8,3489
SAL20872,73,4,0,0,0,0,0,81
SAL20873,0,0,0,0,0,0,0,0
SAL20874,0,0,0,0,0,0,0,0
SAL20875,9,0,0,0,0,0,0,11
SAL20876,0,0,0,0,0,0,0,0
SAL20877,78,4,4,0,0,0,0,93
SAL20878,4224,216,113,56,0,0,15,4625
SAL20879,536,59,32,4,0,0,0,637
SAL20880,5,0,0,0,0,0,0,5
SAL20881,8,0,0,0,0,0,0,12
SAL20882,0,0,0,0,0,0,0,0
SAL20883,15,0,0,0,0,0,0,18
SAL20884,0,0,0,0,0,0,0,0
SAL20885,2518,111,34,8,0,0,0,2667
SAL20886,0,0,0,0,0,0,0,0
SAL20887,308,15,4,0,0,0,0,328
SAL20888,214,13,6,0,0,0,0,233
SAL20889,222,13,3,7,0,0,4,249
SAL20890,8,0,0,0,0,0,0,12
SAL20891,48,3,0,0,0,0,0,49
SAL20892,234,23,11,3,6,0,0,274
SAL20893,10,0,0,0,0,0,0,15
SAL20894,6,4,0,0,0,0,0,15
SAL20895,3,0,0,0,0,0,0,3
SAL20896,21,0,0,0,0,0,0,23
SAL20897,17,0,0,0,0,0,0,17
SAL20898,19,0,0,0,0,0,0,23
SAL20899,429,41,21,4,0,0,0,496
SAL20900,3,0,0,0,0,0,0,7
SAL20901,662,40,3,3,0,0,0,712
SAL20902,39,3,0,0,0,0,0,44
SAL20903,0,0,0,0,0,0,0,0
SAL20904,9,0,3,0,0,0,0,12
SAL20905,0,0,0,0,0,0,0,0
SAL20906,8,0,0,0,0,0,0,3
SAL20907,16,3,0,0,0,0,0,18
SAL20908,10,0,0,0,0,0,0,10
SAL20909,1666,46,30,15,0,0,0,1756
SAL20910,0,0,0,0,0,0,0,0
SAL20911,0,0,0,0,0,0,0,0
SAL20912,9,0,0,0,0,0,0,13
SAL20913,14,3,3,0,0,0,0,21
SAL20914,3,0,0,0,0,0,0,7
SAL20915,3,0,0,0,0,0,0,3
SAL20916,0,0,0,0,0,0,0,0
SAL20917,3162,225,123,19,3,0,7,3545
SAL20918,203,6,8,7,0,0,0,220
SAL20919,3,0,0,0,0,0,0,3
SAL20920,45,9,0,0,0,0,0,56
SAL20921,73,7,4,0,0,0,0,90
SAL20922,0,0,0,0,0,0,0,0
SAL20923,0,0,0,0,0,0,0,0
SAL20924,492,41,14,3,0,0,0,548
SAL20925,1006,42,21,3,0,0,0,1066
SAL20926,11,0,5,3,0,0,0,16
SAL20927,3,0,6,0,0,0,0,6
SAL20928,0,0,0,0,0,0,0,0
SAL20929,485,19,12,5,0,0,0,520
SAL20930,70,5,0,0,0,0,0,77
SAL20931,279,23,11,0,0,0,0,316
SAL20932,64,11,4,0,0,0,0,75
SAL20933,21,4,0,0,0,0,0,26
SAL20934,0,0,0,0,0,0,0,0
SAL20935,1086,59,16,10,5,0,5,1175
SAL20936,16,0,0,0,0,0,0,24
SAL20937,1324,52,12,11,0,0,0,1398
SAL20938,36,0,0,0,0,0,0,35
SAL20939,10,6,0,0,0,0,0,17
SAL20940,128,6,4,4,0,0,0,140
SAL20941,11,0,0,0,0,0,0,14
SAL20942,3,0,0,0,0,0,0,8
SAL20943,3,0,0,0,0,0,0,3
SAL20944,15,0,0,0,0,0,0,15
SAL20945,3,0,0,0,0,0,0,3
SAL20946,4,0,0,0,0,0,0,4
SAL20947,2827,344,176,25,6,0,16,3408
SAL20948,312,57,33,8,0,0,3,416
SAL20949,2277,174,72,7,0,0,0,2539
SAL20950,1428,62,51,14,0,3,0,1569
SAL20951,12,0,0,0,0,0,0,12
SAL20952,10,0,0,0,0,0,0,9
SAL20953,0,0,0,0,0,0,0,0
SAL20954,55,6,0,0,0,0,0,62
SAL20955,20,0,0,0,0,0,0,18
SAL20956,20,0,6,0,0,0,0,24
SAL20957,0,0,0,0,0,0,0,0
SAL20958,4,0,0,0,0,0,0,4
SAL20959,5,0,0,0,0,0,0,5
SAL20960,170,20,8,0,0,0,0,199
SAL20961,0,0,0,0,0,0,0,0
SAL20962,3,0,0,0,0,0,0,3
SAL20963,14,0,0,0,0,0,0,17
SAL20964,16,0,0,0,0,0,0,13
SAL20965,111,7,5,0,0,0,0,121
SAL20966,251,18,9,0,0,0,0,284
SAL20967,22,0,0,0,0,0,0,22
SAL20968,19,0,0,0,0,0,0,19
SAL20969,35,0,0,0,0,0,0,35
SAL20970,0,0,0,0,0,0,0,0
SAL20971,7,0,0,0,0,0,0,7
SAL20972,7,0,0,0,0,0,0,3
SAL20973,396,34,13,0,0,0,0,446
SAL20974,742,32,11,5,0,0,0,788
SAL20975,0,0,0,0,0,0,0,0
SAL20976,19,0,0,0,0,0,0,18
SAL20977,3,0,0,0,0,0,0,3
SAL20978,5,0,0,0,0,0,0,0
SAL20979,297,30,16,0,0,0,0,345
SAL20980,0,0,0,0,0,0,0,6
SAL20981,0,0,0,0,0,0,0,0
SAL20982,9,0,0,0,0,0,0,9
SAL20983,4,0,0,0,0,0,0,4
SAL20984,10,0,0,0,0,0,0,10
SAL20985,14,0,0,0,0,0,0,16
SAL20986,4,0,0,0,0,0,0,4
SAL20987,0,0,0,0,0,0,0,0
SAL20988,4,0,0,0,0,0,0,4
SAL20989,59,4,0,0,0,0,0,58
SAL20990,10,0,0,0,0,0,0,13
SAL20991,3,0,0,0,0,0,0,3
SAL20992,0,0,0,0,0,0,0,10
SAL20993,6,0,0,0,0,0,0,6
SAL20994,0,0,0,0,0,0,0,0
SAL20995,3,0,0,0,0,0,0,3
SAL20996,5,0,0,0,0,0,0,6
SAL20997,0,0,0,0,0,0,0,0
SAL20998,0,0,0,0,0,0,0,0
SAL20999,47,4,4,0,0,0,0,55
SAL21000,12,0,0,0,0,0,0,14
SAL21001,1354,89,29,3,0,0,0,1471
SAL21002,117,3,8,0,0,0,0,122
SAL21003,3,0,0,0,0,0,0,3
SAL21004,942,45,27,6,0,0,3,1023
SAL21005,44,0,0,0,0,0,0,54
SAL21006,22,0,0,0,0,0,0,22
SAL21007,4,0,0,0,0,0,0,4
SAL21008,10,3,0,0,0,0,0,11
SAL21009,459,27,3,4,0,0,0,491
SAL21010,3468,111,52,7,0,0,4,3636
SAL21011,14,0,0,0,0,0,0,14
SAL21012,0,0,0,0,0,0,0,0
SAL21013,5816,202,69,48,0,0,8,6147
SAL21014,0,0,0,0,0,0,0,0
SAL21015,0,0,0,0,0,0,0,0
SAL21016,3,0,0,0,0,0,0,3
SAL21017,0,0,0,0,0,0,0,0
SAL21018,21,5,0,0,0,0,0,28
SAL21019,0,0,0,0,0,0,0,0
SAL21020,35,0,3,0,0,0,0,43
SAL21021,4,0,0,0,0,0,0,7
SAL21022,0,0,0,0,0,0,0,0
SAL21023,0,0,0,0,0,0,0,0
SAL21024,17,0,0,0,0,0,0,17
SAL21025,136,6,10,0,0,0,0,156
SAL21026,18,9,4,0,0,0,0,25
SAL21027,19,0,0,0,0,0,0,21
SAL21028,0,0,0,0,0,0,0,0
SAL21029,4,0,0,0,0,0,0,4
SAL21030,0,0,0,0,0,0,0,0
SAL21031,0,0,0,0,0,0,0,0
SAL21032,9,0,0,0,0,0,0,9
SAL21033,0,0,0,0,0,0,0,0
SAL21034,3,0,0,0,0,0,0,3
SAL21035,0,0,0,0,0,0,0,0
SAL21036,0,0,0,0,0,0,0,0
SAL21037,0,0,0,0,0,0,0,0
SAL21038,32,4,0,0,0,0,0,39
SAL21039,23,0,0,0,0,0,0,19
SAL21040,8,0,0,0,0,0,0,6
SAL21041,13,0,0,0,0,0,0,9
SAL21042,3,0,0,0,0,0,0,3
SAL21043,7,0,0,0,0,0,0,7
SAL21044,0,0,0,0,0,0,0,0
SAL21045,105,19,4,0,0,0,0,132
SAL21046,6,0,0,0,0,0,0,5
SAL21047,2404,89,37,26,3,0,8,2567
SAL21048,18,3,0,0,0,0,0,26
SAL21049,0,0,0,0,0,0,0,0
SAL21050,32,0,0,0,0,0,0,37
SAL21051,5,5,0,0,0,0,0,12
SAL21052,6,0,0,0,0,0,0,6
SAL21053,3,4,0,0,0,0,0,6
SAL21054,7,0,0,0,0,0,0,11
SAL21055,21,3,0,0,0,0,0,23
SAL21056,132,23,10,3,0,0,0,168
SAL21057,8,0,0,0,0,0,0,8
SAL21058,737,71,42,3,0,0,0,855
SAL21059,30,0,0,0,0,0,0,33
SAL21060,0,0,0,0,0,0,0,0
SAL21061,0,0,0,0,0,0,0,0
SAL21062,5,0,0,0,0,0,0,7
SAL21063,9,3,0,0,0,0,0,10
SAL21064,15,0,0,0,0,0,0,14
SAL21065,0,0,0,0,0,0,0,0
SAL21066,14,0,0,0,0,0,0,14
SAL21067,6,0,0,0,0,0,0,6
SAL21068,17,6,0,0,0,0,0,25
SAL21069,89,11,3,0,0,0,0,104
SAL21070,0,0,0,0,0,0,0,0
SAL21071,32,3,0,0,0,0,0,38
SAL21072,24,6,0,0,0,0,0,30
SAL21073,147,16,4,0,0,0,0,168
SAL21074,33,0,0,0,0,0,0,37
SAL21075,20,0,0,0,0,0,0,27
SAL21076,3,0,0,0,0,0,0,6
SAL21077,16,6,0,0,0,0,0,21
SAL21078,10,0,0,0,0,0,0,10
SAL21079,410,18,11,3,0,0,0,443
SAL21080,0,0,0,0,0,0,0,0
SAL21081,0,0,0,0,0,0,0,0
SAL21082,0,0,0,0,0,0,0,0
SAL21083,7,0,0,0,0,0,0,7
SAL21084,86,5,0,0,0,0,0,97
SAL21085,0,0,0,0,0,0,0,0
SAL21086,0,0,0,0,0,0,0,0
SAL21087,19,0,4,0,0,0,0,19
SAL21088,33,0,3,0,0,0,0,37
SAL21089,82,11,0,0,0,0,0,95
SAL21090,6,0,0,0,0,0,0,8
SAL21091,4,0,0,0,0,0,0,4
SAL21092,42,7,0,3,0,0,0,52
SAL21093,0,0,0,0,0,0,0,0
SAL21094,3,3,0,0,0,0,0,7
SAL21095,0,0,0,0,0,0,0,0
SAL21096,0,0,0,0,0,0,0,0
SAL21097,4,0,0,0,0,0,0,4
SAL21098,34,12,0,0,0,0,0,43
SAL21099,0,0,0,0,0,0,0,0
SAL21100,4,0,0,0,0,0,0,4
SAL21101,82,3,9,0,0,0,0,92
SAL21102,7,0,0,0,0,0,0,7
SAL21103,5,0,0,0,0,0,0,11
SAL21104,2748,147,64,12,0,0,7,2978
SAL21105,3324,145,60,21,0,0,0,3552
SAL21106,5,0,0,0,0,0,0,10
SAL21107,10,0,0,0,0,0,0,13
SAL21108,13,0,0,0,0,0,0,13
SAL21109,16,0,0,0,0,0,0,22
SAL21110,12,0,0,0,0,0,0,14
SAL21111,0,0,0,0,0,0,0,0
SAL21112,5,0,0,0,0,0,0,5
SAL21113,8,4,0,0,0,0,0,12
SAL21114,1381,104,56,7,3,0,3,1557
SAL21115,123,11,4,0,0,0,0,145
SAL21116,26,0,0,0,0,0,0,23
SAL21117,56,0,4,0,0,0,0,66
SAL21118,21,0,0,0,0,0,0,22
SAL21119,0,0,0,0,0,0,0,0
SAL21120,0,0,0,0,0,0,0,0
SAL21121,56,0,0,0,0,0,0,61
SAL21122,11,0,0,0,0,0,0,11
SAL21123,163,14,8,4,0,0,0,184
SAL21124,697,36,9,11,0,0,3,752
SAL21125,1315,70,34,21,0,0,5,1446
SAL21126,20,0,0,0,0,0,0,20
SAL21127,36,0,0,0,0,0,0,36
SAL21128,15,0,0,0,0,0,0,19
SAL21129,870,61,39,7,0,0,12,986
SAL21130,630,50,20,3,0,0,3,708
SAL21131,1806,102,20,4,0,0,0,1930
SAL21132,596,37,12,0,0,0,0,646
SAL21133,3195,200,106,65,9,5,14,3584
SAL21134,20,5,0,0,0,0,0,24
SAL21135,6,0,0,0,0,0,0,6
SAL21136,8,0,0,0,0,0,0,8
SAL21137,95,4,5,0,0,0,0,107
SAL21138,27,0,0,0,0,0,0,30
SAL21139,143,14,0,0,0,0,0,160
SAL21140,1448,113,80,37,5,7,3,1691
SAL21141,10,0,0,0,0,0,0,10
SAL21142,36,3,0,0,0,0,0,40
SAL21143,16,0,0,0,0,0,0,17
SAL21144,20,0,0,0,0,0,0,20
SAL21145,778,78,57,6,0,0,8,933
SAL21146,0,0,0,0,0,0,0,0
SAL21147,10,0,0,0,0,0,0,7
SAL21148,194,12,9,3,0,0,0,216
SAL21149,3,0,0,0,0,0,0,3
SAL21150,35,5,0,4,0,0,0,40
SAL21151,0,0,0,0,0,0,0,0
SAL21152,1922,94,21,9,0,0,3,2045
SAL21153,1522,55,30,3,0,0,6,1617
SAL21154,6,0,0,0,0,0,0,6
SAL21155,12,0,0,0,0,0,0,14
SAL21156,198,13,7,3,0,0,0,218
SAL21157,27,0,3,0,0,0,0,34
SAL21158,674,70,31,5,3,0,8,792
SAL21159,16,0,3,0,0,0,0,18
SAL21160,159,22,14,0,0,0,0,197
SAL21161,111,11,7,0,0,0,0,126
SAL21162,0,0,0,0,0,0,0,0
SAL21163,382,27,14,3,0,0,0,426
SAL21164,21,4,4,0,0,0,0,25
SAL21165,1354,59,15,4,0,0,3,1440
SAL21166,6,4,0,0,0,0,0,9
SAL21167,780,33,10,4,0,0,0,828
SAL21168,640,26,8,0,0,0,0,680
SAL21169,394,35,13,3,0,0,0,454
SAL21170,8,0,4,0,0,0,0,11
SAL21171,6,0,0,0,0,0,0,3
SAL21172,50,0,0,0,0,0,0,55
SAL21173,12,3,0,0,0,0,0,13
SAL21174,329,28,10,0,0,0,0,362
SAL21175,38,5,7,0,0,0,0,52
SAL21176,19,0,0,0,0,0,0,17
SAL21177,0,0,0,0,0,0,0,0
SAL21178,15,0,0,0,0,0,0,15
SAL21179,162,16,9,0,0,0,0,188
SAL21180,4,0,0,0,0,0,0,4
SAL21181,114,8,11,5,0,0,0,144
SAL21182,4,0,0,0,0,0,0,4
SAL21183,0,0,0,0,0,0,0,0
SAL21184,13,3,0,0,0,0,0,14
SAL21185,1433,91,30,6,0,0,6,1559
SAL21186,11,0,0,0,0,0,0,14
SAL21187,2469,143,76,10,0,0,4,2711
SAL21188,0,0,0,0,0,0,0,0
SAL21189,19,0,3,0,0,0,0,20
SAL21190,11,0,0,0,0,0,0,11
SAL21191,27,3,0,0,0,0,0,34
SAL21192,32,5,3,0,0,0,0,42
SAL21193,2606,131,62,17,4,0,10,2829
SAL21194,0,0,0,0,0,0,0,0
SAL21195,40,7,0,0,0,0,0,52
SAL21196,55,10,0,0,0,0,0,70
SAL21197,0,0,0,0,0,0,0,0
SAL21198,0,0,0,0,0,0,0,4
SAL21199,5,0,0,0,0,0,0,5
SAL21200,7,0,0,0,0,0,0,7
SAL21201,46,0,0,0,0,0,0,51
SAL21202,156,10,6,0,0,0,0,167
SAL21203,4259,287,146,72,11,0,23,4797
SAL21204,3,0,0,0,0,0,0,7
SAL21205,12,0,0,0,0,0,0,12
SAL21206,1223,135,91,15,0,3,12,1470
SAL21207,4,0,0,0,0,0,0,4
SAL21208,3,0,0,0,0,0,0,3
SAL21209,11,0,0,0,0,0,0,11
SAL21210,0,0,0,0,0,0,0,0
SAL21211,10,0,0,0,0,0,0,10
SAL21212,0,0,0,0,0,0,0,0
SAL21213,0,0,0,0,0,0,0,0
SAL21214,921,36,12,4,0,0,4,971
SAL21215,47,3,0,0,0,0,0,45
SAL21216,3,0,0,0,0,0,0,3
SAL21217,0,0,0,0,0,0,0,0
SAL21218,235,7,4,4,0,0,3,252
SAL21219,385,47,24,0,0,0,0,463
SAL21220,7,0,0,0,0,0,0,8
SAL21221,21,0,4,0,0,0,0,25
SAL21222,46,4,0,0,0,0,0,56
SAL21223,478,35,17,6,0,0,0,530
SAL21224,0,0,0,0,0,0,0,0
SAL21225,6,0,0,0,0,0,0,4
SAL21226,5,3,0,0,0,0,0,4
SAL21227,6,0,0,0,0,0,0,9
SAL21228,35,3,0,0,0,0,0,39
SAL21229,97,10,3,0,0,0,0,112
SAL21230,37,4,0,0,0,0,0,38
SAL21231,57,8,4,0,0,0,4,70
SAL21232,13,3,0,0,0,0,0,13
SAL21233,57,8,5,0,0,0,0,70
SAL21234,247,17,6,0,0,0,0,271
SAL21235,530,35,16,5,0,0,3,588
SAL21236,116,7,3,0,0,0,0,129
SAL21237,182,13,4,0,0,0,3,203
SAL21238,26,4,0,0,0,0,0,36
SAL21239,12,0,0,0,0,0,0,15
SAL21240,4,0,0,0,0,0,0,4
SAL21241,80,3,5,5,0,0,0,95
SAL21242,33,0,0,0,0,0,0,38
SAL21243,11,0,0,0,0,0,0,11
SAL21244,9,0,0,0,0,0,0,11
SAL21245,606,52,27,10,3,0,7,700
SAL21246,1572,63,16,7,0,0,0,1661
SAL21247,541,18,3,0,0,0,0,567
SAL21248,203,11,11,6,0,0,0,234
SAL21249,16,0,5,0,0,0,0,21
SAL21250,206,20,22,5,0,0,0,247
SAL21251,0,0,0,0,0,0,0,0
SAL21252,3,6,0,0,0,0,0,7
SAL21253,15,0,0,0,0,0,0,12
SAL21254,539,30,5,0,0,0,4,576
SAL21255,0,0,0,0,0,0,0,0
SAL21256,19,0,3,0,0,0,0,23
SAL21257,8,0,0,0,0,0,0,8
SAL21258,13,0,0,0,0,0,0,15
SAL21259,7,0,0,0,0,0,0,10
SAL21260,5,0,0,0,0,0,0,9
SAL21261,59,8,0,0,0,0,0,72
SAL21262,6,0,0,0,0,0,0,15
SAL21263,4,0,0,0,0,0,0,4
SAL21264,0,0,0,0,0,0,0,0
SAL21265,26,6,0,0,0,0,0,31
SAL21266,0,0,0,0,0,0,0,0
SAL21267,0,0,0,0,0,0,0,0
SAL21268,3,0,0,0,0,0,0,3
SAL21269,61,6,3,0,0,0,0,73
SAL21270,6,0,0,0,0,0,0,0
SAL21271,3,0,0,0,0,0,0,3
SAL21272,3,0,0,0,0,0,0,3
SAL21273,22,0,0,0,0,0,0,22
SAL21274,0,0,0,0,0,0,0,0
SAL21275,3,0,0,0,0,0,0,3
SAL21276,14,0,0,0,0,0,0,22
SAL21277,70,7,0,0,0,0,0,82
SAL21278,0,0,0,0,0,0,0,0
SAL21279,500,36,15,0,0,0,0,557
SAL21280,6,0,0,0,0,0,0,11
SAL21281,0,0,0,0,0,0,0,0
SAL21282,84,10,6,0,0,0,0,101
SAL21283,11,0,0,0,0,0,0,13
SAL21284,884,31,11,14,0,0,0,940
SAL21285,6,0,0,0,0,0,0,6
SAL21286,163,13,3,0,0,0,0,179
SAL21287,160,11,8,0,0,0,0,181
SAL21288,8,0,0,0,0,0,0,8
SAL21289,11,0,0,0,0,0,0,10
SAL21290,0,0,0,0,0,0,0,0
SAL21291,3,0,0,0,0,0,0,3
SAL21292,10,0,0,0,0,0,0,10
SAL21293,822,93,53,8,3,0,9,994
SAL21294,145,11,0,0,0,0,0,155
SAL21295,79,4,0,0,0,0,0,85
SAL21296,3,0,0,0,0,0,0,3
SAL21297,0,0,0,0,0,0,0,0
SAL21298,5,0,0,0,0,0,0,5
SAL21299,3,0,0,0,0,0,0,3
SAL21300,24,0,0,0,0,0,0,22
SAL21301,10,0,0,0,0,0,0,14
SAL21302,6,4,0,0,0,0,0,10
SAL21303,0,0,0,0,0,0,0,0
SAL21304,4,0,0,0,0,0,0,4
SAL21305,0,0,0,0,0,0,0,0
SAL21306,39,0,3,0,0,0,0,44
SAL21307,0,0,0,0,0,0,0,3
SAL21308,10,0,0,0,0,0,0,10
SAL21309,51,0,3,0,0,0,0,58
SAL21310,101,5,4,0,0,0,5,116
SAL21311,14,0,0,0,0,0,0,18
SAL21312,362,18,10,11,0,0,0,395
SAL21313,7,0,0,0,0,0,0,7
SAL21314,798,31,14,6,5,0,0,846
SAL21315,1139,51,34,15,4,0,0,1235
SAL21316,1931,104,30,8,0,0,4,2071
SAL21317,226,13,0,5,0,0,0,244
SAL21318,6,0,0,0,0,0,0,10
SAL21319,312,19,11,0,0,0,3,346
SAL21320,0,0,0,0,0,0,0,0
SAL21321,5,0,0,0,0,0,0,5
SAL21322,3,0,0,0,0,0,0,3
SAL21323,0,0,0,0,0,0,0,0
SAL21324,6,0,0,0,0,0,0,3
SAL21325,9,0,0,0,0,0,0,9
SAL21326,419,40,21,6,0,0,0,485
SAL21327,915,34,5,0,0,0,0,957
SAL21328,275,20,22,0,0,0,3,320
SAL21329,5,0,0,0,0,0,0,4
SAL21330,23,0,0,0,0,0,0,27
SAL21331,9,0,0,0,0,0,0,12
SAL21332,12,0,0,0,0,0,0,12
SAL21333,12,0,0,0,0,0,0,12
SAL21334,5,0,0,0,0,0,0,10
SAL21335,0,0,0,0,0,0,0,0
SAL21336,2779,123,41,12,0,0,3,2950
SAL21337,914,29,17,0,0,0,0,956
SAL21338,3,0,0,0,0,0,0,7
SAL21339,4138,194,110,83,3,12,16,4559
SAL21340,1076,63,49,13,0,4,6,1205
SAL21341,16,3,0,0,0,0,0,23
SAL21342,59,3,0,0,0,0,0,63
SAL21343,3,0,0,0,0,0,0,8
SAL21344,62,5,4,0,0,0,0,67
SAL21345,54,5,3,0,0,0,0,57
SAL21346,0,0,0,0,0,0,0,0
SAL21347,186,14,16,0,0,0,0,226
SAL21348,25,0,0,0,0,0,0,25
SAL21349,43,4,3,0,0,0,0,50
SAL21350,12,0,0,0,0,0,0,12
SAL21351,16,0,0,0,0,0,0,15
SAL21352,913,90,49,9,5,0,4,1062
SAL21353,47,5,4,0,0,0,0,56
SAL21354,1212,88,51,10,0,0,5,1374
SAL21355,419,30,16,5,0,0,4,473
SAL21356,6,0,0,0,0,0,0,12
SAL21357,9,0,0,0,0,0,0,9
SAL21358,159,20,16,3,0,0,4,199
SAL21359,38,7,4,0,0,0,0,47
SAL21360,153,18,3,0,0,0,0,177
SAL21361,3,0,0,0,0,0,0,5
SAL21362,862,52,35,29,9,0,6,996
SAL21363,301,14,13,5,0,0,0,325
SAL21364,18,0,0,0,0,0,0,22
SAL21365,497,15,5,0,0,0,0,520
SAL21366,0,0,0,0,0,0,0,0
SAL21367,0,0,0,0,0,0,0,0
SAL21368,41,7,0,0,0,0,0,50
SAL21369,9,0,0,0,0,0,0,6
SAL21370,7,0,0,0,0,0,0,7
SAL21371,0,0,0,0,0,0,0,0
SAL21372,0,0,0,0,0,0,0,0
SAL21373,15,0,0,0,0,0,0,19
SAL21374,957,59,22,0,0,0,0,1042
SAL21375,3,0,0,0,0,0,0,3
SAL21376,4,0,0,0,0,0,0,4
SAL21377,20,0,4,0,0,0,0,22
SAL21378,23,5,0,0,0,0,0,30
SAL21379,4,0,0,0,0,0,0,5
SAL21380,425,50,32,8,0,0,0,512
SAL21381,5,0,0,0,0,0,0,4
SAL21382,0,0,0,0,0,0,0,0
SAL21383,3,0,0,0,0,0,0,3
SAL21384,68,16,3,3,0,0,0,86
SAL21385,30,0,0,0,0,0,0,35
SAL21386,43,4,0,0,0,0,0,44
SAL21387,3,0,0,0,0,0,0,3
SAL21388,41,5,0,0,0,0,0,55
SAL21389,11,0,0,0,0,0,0,16
SAL21390,4,0,0,0,0,0,0,4
SAL21391,0,0,0,0,0,0,0,0
SAL21392,14,3,0,0,0,0,0,17
SAL21393,90,3,6,0,0,0,0,100
SAL21394,3,0,0,0,0,0,0,3
SAL21395,11,0,0,0,0,0,0,14
SAL21396,218,21,9,8,0,0,4,262
SAL21397,4,0,4,0,0,0,0,11
SAL21398,4,0,0,0,0,0,0,3
SAL21399,400,40,25,3,3,0,3,476
SAL21400,9,5,0,0,0,0,0,14
SAL21401,21,0,0,0,0,0,0,23
SAL21402,17,0,0,0,0,0,0,19
SAL21403,11,4,0,0,0,0,0,12
SAL21404,36,5,5,0,0,0,0,46
SAL21405,14,0,5,0,0,0,0,18
SAL21406,0,0,0,0,0,0,0,0
SAL21407,6,0,0,0,0,0,0,6
SAL21408,0,0,0,0,0,0,0,0
SAL21409,0,0,0,0,0,0,0,0
SAL21410,4,0,0,0,0,0,0,4
SAL21411,1101,108,61,19,3,0,9,1308
SAL21412,636,66,38,5,0,0,6,747
SAL21413,10,0,0,0,0,0,0,7
SAL21414,728,52,25,3,0,0,0,814
SAL21415,7,0,0,0,0,0,0,10
SAL21416,42,6,3,0,0,0,0,43
SAL21417,21,0,0,0,0,0,0,20
SAL21418,11,3,0,0,0,0,0,12
SAL21419,47,5,3,0,0,0,0,54
SAL21420,33,0,0,0,0,0,0,39
SAL21421,9,3,0,0,0,0,0,10
SAL21422,0,0,0,0,0,0,0,0
SAL21423,0,0,0,0,0,0,0,0
SAL21424,0,0,0,0,0,0,0,0
SAL21425,9,0,0,0,0,0,0,9
SAL21426,14,0,0,0,0,0,0,13
SAL21427,89,8,3,0,0,0,0,95
SAL21428,36,0,4,0,0,0,0,41
SAL21429,33,6,0,0,0,0,0,41
SAL21430,17,0,0,0,0,0,0,17
SAL21431,0,0,0,0,0,0,0,0
SAL21432,0,0,0,0,0,0,0,0
SAL21433,0,0,0,0,0,0,0,0
SAL21434,0,0,0,0,0,0,0,0
SAL21435,176,10,6,0,0,0,0,197
SAL21436,5,0,0,0,0,0,0,5
SAL21437,11,0,0,0,0,0,0,11
SAL21438,3,0,0,0,0,0,0,3
SAL21439,0,0,0,0,0,0,0,3
SAL21440,0,0,0,0,0,0,0,0
SAL21441,0,0,0,0,0,0,0,3
SAL21442,5,0,0,0,0,0,0,12
SAL21443,0,0,0,0,0,0,0,0
SAL21444,51,11,3,0,0,0,0,72
SAL21445,0,0,0,0,0,0,0,0
SAL21446,0,0,0,0,0,0,0,0
SAL21447,263,15,0,0,0,0,3,277
SAL21448,0,0,0,0,0,0,0,0
SAL21449,278,33,22,10,0,0,0,345
SAL21450,74,5,3,0,0,0,0,82
SAL21451,11,0,0,0,0,0,0,11
SAL21452,2675,110,63,32,0,0,8,2890
SAL21453,0,0,0,0,0,0,0,0
SAL21454,37,8,0,0,0,0,0,49
SAL21455,14,7,3,0,0,0,0,19
SAL21456,301,27,13,0,4,0,0,348
SAL21457,7,0,0,0,0,0,0,15
SAL21458,4,0,0,0,0,0,0,5
SAL21459,281,32,22,0,4,0,0,335
SAL21460,14,0,0,0,0,0,0,17
SAL21461,0,0,0,0,0,0,0,0
SAL21462,0,0,0,0,0,0,0,0
SAL21463,7,0,0,0,0,0,0,7
SAL21464,9,0,0,0,0,0,0,9
SAL21465,0,0,0,0,0,0,0,3
SAL21466,3,3,0,0,0,0,0,11
SAL21467,2752,259,152,28,3,4,12,3205
SAL21468,182,11,10,4,0,0,0,208
SAL21469,2068,165,115,16,5,3,13,2385
SAL21470,7,0,0,0,0,0,0,7
SAL21471,23,5,0,0,0,0,0,23
SAL21472,9,0,0,0,0,0,0,9
SAL21473,292,20,20,0,0,0,0,334
SAL21474,30,0,0,0,0,0,0,29
SAL21475,9,0,0,0,0,0,0,5
SAL21476,388,24,15,8,0,0,0,429
SAL21477,0,0,0,0,0,0,0,0
SAL21478,4,0,0,0,0,0,0,4
SAL21479,5,0,0,0,0,0,0,5
SAL21480,0,0,0,0,0,0,0,0
SAL21481,0,0,0,0,0,0,0,0
SAL21482,39,6,3,0,0,0,0,42
SAL21483,3,0,0,0,0,0,0,3
SAL21484,25,0,0,4,0,0,0,26
SAL21485,5,0,0,0,0,0,0,5
SAL21486,51,5,3,0,0,0,0,56
SAL21487,29,0,0,0,0,0,0,29
SAL21488,175,16,9,0,0,0,0,207
SAL21489,4,0,0,0,0,0,0,4
SAL21490,483,50,27,0,0,0,0,571
SAL21491,12,0,0,0,0,0,0,16
SAL21492,71,3,0,0,0,0,0,78
SAL21493,1343,156,72,15,0,0,7,1592
SAL21494,0,0,0,0,0,0,0,0
SAL21495,13,0,0,0,0,0,0,13
SAL21496,141,6,9,4,0,0,0,159
SAL21497,24,3,0,0,0,0,0,25
SAL21498,0,0,0,0,0,0,0,0
SAL21499,0,0,0,0,0,0,0,0
SAL21500,8,0,0,0,0,0,0,13
SAL21501,0,0,0,0,0,0,0,3
SAL21502,11,0,0,0,0,0,0,14
SAL21503,9,0,0,0,0,0,0,9
SAL21504,1934,177,71,15,0,0,0,2198
SAL21505,7,0,0,0,0,0,0,11
SAL21506,10,0,3,0,0,0,0,16
SAL21507,14,0,0,0,0,0,0,18
SAL21508,8,0,0,0,0,0,0,8
SAL21509,40,0,0,0,0,0,0,47
SAL21510,53,3,3,0,0,0,0,62
SAL21511,0,0,0,0,0,0,0,0
SAL21512,0,0,0,0,0,0,0,3
SAL21513,0,0,0,0,0,0,0,0
SAL21514,45,3,3,4,0,0,0,56
SAL21515,7,0,0,0,0,0,0,7
SAL21516,31,3,0,0,0,0,0,39
SAL21517,5,0,0,0,0,0,0,5
SAL21518,0,0,0,0,0,0,0,0
SAL21519,7,0,0,0,0,0,0,7
SAL21520,164,12,0,7,0,0,0,177
SAL21521,3,0,0,0,0,0,0,5
SAL21522,5,0,0,0,0,0,0,3
SAL21523,65,5,3,0,0,0,0,69
SAL21524,19,3,0,0,0,0,4,29
SAL21525,0,0,0,0,0,0,0,0
SAL21526,65,7,4,0,0,0,0,80
SAL21527,10,0,0,0,0,0,0,10
SAL21528,90,3,3,0,0,0,0,100
SAL21529,126,9,11,0,0,0,0,143
SAL21530,5,0,0,0,0,0,0,5
SAL21531,4,0,0,0,0,0,0,6
SAL21532,19,0,0,0,0,0,0,19
SAL21533,45,3,0,0,0,0,0,50
SAL21534,194,23,13,3,0,0,4,234
SAL21535,17,0,0,0,0,0,0,18
SAL21536,191,10,7,0,0,0,0,210
SAL21537,80,9,0,0,0,0,0,93
SAL21538,224,29,19,5,0,0,0,275
SAL21539,12,0,0,0,0,0,0,17
SAL21540,20,0,0,0,0,0,0,22
SAL21541,6,0,0,0,0,0,0,6
SAL21542,85,4,0,0,0,0,0,93
SAL21543,0,0,0,0,0,0,0,0
SAL21544,323,36,19,4,0,0,0,387
SAL21545,0,0,0,0,0,0,0,0
SAL21546,26,0,0,0,0,0,0,32
SAL21547,458,22,10,3,0,0,0,496
SAL21548,0,0,0,0,0,0,0,0
SAL21549,0,0,0,0,0,0,0,3
SAL21550,342,29,28,8,0,0,0,412
SAL21551,128,10,4,0,0,0,4,144
SAL21552,3,0,0,0,0,0,0,5
SAL21553,27,5,0,0,0,0,0,28
SAL21554,1380,65,28,27,0,0,0,1504
SAL21555,1517,78,31,14,0,0,0,1644
SAL21556,6,0,0,0,0,0,0,6
SAL21557,14,3,0,0,0,0,0,14
SAL21558,1069,52,24,9,0,0,0,1149
SAL21559,157,11,0,0,0,0,0,168
SAL21560,45,4,3,0,0,0,0,47
SAL21561,106,12,4,0,0,0,0,121
SAL21562,264,12,8,0,0,0,0,282
SAL21563,5,0,0,0,0,0,0,4
SAL21564,1245,63,16,3,0,0,4,1331
SAL21565,0,0,0,0,0,0,0,0
SAL21566,0,0,0,0,0,0,0,0
SAL21567,6,0,0,0,0,0,0,4
SAL21568,0,0,0,0,0,0,0,0
SAL21569,617,61,34,4,0,0,0,731
SAL21570,4,0,0,0,0,0,0,4
SAL21571,461,37,24,6,0,0,0,532
SAL21572,10,0,0,0,0,0,0,10
SAL21573,48,3,0,0,0,0,4,57
SAL21574,759,53,32,4,0,0,3,854
SAL21575,900,65,24,11,0,0,0,997
SAL21576,62,3,4,0,0,0,0,68
SAL21577,0,0,0,0,0,0,0,0
SAL21578,34,8,0,0,0,0,0,42
SAL21579,24,5,0,0,0,0,0,29
SAL21580,10,0,0,0,0,0,0,10
SAL21581,0,0,0,0,0,0,0,0
SAL21582,12,0,0,0,0,0,0,13
SAL21583,97,14,3,0,0,0,0,114
SAL21584,76,8,3,0,0,0,0,83
SAL21585,102,3,0,0,0,0,0,104
SAL21586,1080,64,20,0,0,0,0,1161
SAL21587,2710,99,20,5,0,0,4,2842
SAL21588,45,3,0,0,0,0,0,55
SAL21589,24,0,4,0,0,0,0,29
SAL21590,96,3,3,0,0,0,0,108
SAL21591,31,3,0,0,0,0,0,40
SAL21592,12,4,0,0,0,0,0,16
SAL21593,337,16,3,0,0,0,0,352
SAL21594,13,0,0,0,0,0,0,18
SAL21595,3,0,3,0,0,0,0,6
SAL21596,0,0,0,0,0,0,0,0
SAL21597,1982,109,66,27,0,0,0,2190
SAL21598,0,0,0,0,0,0,0,0
SAL21599,460,34,14,5,3,0,0,522
SAL21600,0,0,0,0,0,0,0,0
SAL21601,21,0,0,0,0,0,0,22
SAL21602,20,6,3,0,0,0,0,32
SAL21603,18,0,0,0,0,0,0,22
SAL21604,1337,64,25,9,0,4,7,1446
SAL21605,8,0,0,0,0,0,0,9
SAL21606,20,0,4,0,0,0,0,26
SAL21607,0,0,0,0,0,0,0,0
SAL21608,49,0,0,0,0,0,0,50
SAL21609,7,0,0,0,0,0,0,4
SAL21610,0,0,0,0,0,0,0,0
SAL21611,0,0,0,0,0,0,0,0
SAL21612,277,17,15,0,0,0,4,310
SAL21613,7,3,0,0,0,0,0,10
SAL21614,6,0,0,0,0,0,0,6
SAL21615,156,21,12,0,0,0,3,192
SAL21616,0,0,0,0,0,0,0,0
SAL21617,11,0,0,0,0,0,0,11
SAL21618,498,57,32,4,3,0,3,593
SAL21619,91,6,3,0,0,0,0,99
SAL21620,28,3,0,0,0,0,0,29
SAL21621,6,0,0,0,0,0,0,6
SAL21622,0,0,0,0,0,0,0,0
SAL21623,0,0,0,0,0,0,0,0
SAL21624,31,5,0,0,0,0,0,32
SAL21625,262,20,14,0,0,0,0,299
SAL21626,0,0,0,0,0,0,0,0
SAL21627,19,0,0,0,0,0,0,19
SAL21628,73,7,0,0,0,0,0,82
SAL21629,985,49,18,0,0,0,0,1054
SAL21630,3,0,0,0,0,0,0,9
SAL21631,7,0,0,0,0,0,0,7
SAL21632,9,0,0,0,0,0,0,11
SAL21633,11,0,0,0,0,0,0,11
SAL21634,14,0,0,0,0,0,0,10
SAL21635,1776,85,37,34,0,0,5,1932
SAL21636,5,0,0,0,0,0,0,5
SAL21637,82,6,0,0,0,0,0,88
SAL21638,0,0,0,0,0,0,0,0
SAL21639,11,0,0,0,0,0,0,11
SAL21640,1465,91,7,0,0,0,6,1572
SAL21641,0,0,0,0,0,0,0,0
SAL21642,587,79,48,7,0,0,8,726
SAL21643,989,78,58,21,0,0,11,1162
SAL21644,868,79,50,10,0,0,10,1021
SAL21645,7,0,0,0,0,0,0,8
SAL21646,0,0,0,0,0,0,0,0
SAL21647,3,0,0,0,0,0,0,3
SAL21648,1444,77,31,6,0,0,0,1555
SAL21649,130,5,5,0,0,0,0,139
SAL21650,3,0,0,0,0,0,0,3
SAL21651,10,0,0,0,0,0,0,13
SAL21652,4,0,6,0,0,0,0,5
SAL21653,223,29,11,0,0,0,0,264
SAL21654,45,3,0,0,0,0,0,52
SAL21655,23,0,0,0,0,0,0,20
SAL21656,78,7,8,0,3,0,0,101
SAL21657,3,0,0,0,0,0,0,9
SAL21658,11,0,3,0,0,0,0,19
SAL21659,3281,214,142,31,0,3,6,3680
SAL21660,18,0,0,0,0,0,0,17
SAL21661,3,0,0,0,0,0,0,3
SAL21662,16,0,0,0,0,0,0,17
SAL21663,10,0,0,0,0,0,0,10
SAL21664,42,0,0,0,0,0,0,45
SAL21665,50,4,4,0,0,0,0,65
SAL21666,0,0,0,0,0,0,0,0
SAL21667,39,3,0,5,0,0,0,40
SAL21668,58,0,0,0,0,0,0,58
SAL21669,4,0,0,0,0,0,0,5
SAL21670,22,0,0,0,0,0,0,21
SAL21671,14,0,0,0,0,0,0,21
SAL21672,0,0,0,0,0,0,0,0
SAL21673,120,10,3,0,0,0,0,135
SAL21674,11,4,0,0,0,0,0,16
SAL21675,2616,142,65,35,0,6,4,2867
SAL21676,3,0,0,0,0,0,0,3
SAL21677,469,29,5,0,0,0,0,508
SAL21678,13,0,0,0,0,0,0,13
SAL21679,15,5,3,0,0,0,0,19
SAL21680,5,0,0,0,0,0,0,5
SAL21681,69,5,4,0,0,0,0,80
SAL21682,2653,266,173,38,7,3,29,3173
SAL21683,3726,169,83,35,5,0,12,4028
SAL21684,20,4,0,0,0,0,0,25
SAL21685,133,12,6,0,0,0,0,156
SAL21686,4,0,0,0,0,0,0,4
SAL21687,0,0,5,0,0,0,0,3
SAL21688,0,0,0,0,0,0,0,5
SAL21689,4,0,0,0,0,0,0,8
SAL21690,0,0,0,0,0,0,0,0
SAL21691,454,42,27,4,3,0,5,522
SAL21692,9,0,0,0,0,0,0,9
SAL21693,14,0,0,0,0,0,0,19
SAL21694,7,0,0,0,0,0,0,10
SAL21695,6,0,0,0,0,0,0,6
SAL21696,4,0,0,0,0,0,0,4
SAL21697,0,0,0,0,0,0,0,0
SAL21698,34,7,0,0,0,0,0,43
SAL21699,0,0,0,0,0,0,0,0
SAL21700,0,0,0,0,0,0,0,0
SAL21701,6,0,0,0,0,0,0,9
SAL21702,27,0,0,0,0,0,0,27
SAL21703,188,26,13,6,0,0,0,228
SAL21704,0,0,0,0,0,0,0,0
SAL21705,0,0,0,0,0,0,0,0
SAL21706,2136,97,31,14,0,0,0,2290
SAL21707,83,4,5,0,0,0,0,97
SAL21708,5,0,0,0,0,0,0,5
SAL21709,3,0,0,0,0,0,0,7
SAL21710,10,0,0,0,0,0,0,12
SAL21711,16,0,0,0,0,0,0,17
SAL21712,0,0,0,0,0,0,0,0
SAL21713,3,0,0,0,0,0,0,6
SAL21714,18,3,0,0,0,0,0,20
SAL21715,28,4,0,0,0,0,0,32
SAL21716,531,85,52,10,0,0,5,690
SAL21717,59,6,4,0,0,0,3,63
SAL21718,13,0,0,0,0,0,0,15
SAL21719,0,0,0,0,0,0,0,0
SAL21720,0,0,0,0,0,0,0,0
SAL21721,6,0,0,0,0,0,0,3
SAL21722,6,0,0,0,0,0,0,5
SAL21723,0,0,0,0,0,0,0,0
SAL21724,9,0,5,0,0,0,0,14
SAL21725,6,0,0,0,0,0,0,6
SAL21726,9,0,0,0,0,0,0,9
SAL21727,418,41,21,0,0,0,5,481
SAL21728,30,0,0,0,0,0,0,28
SAL21729,3,0,0,0,0,0,0,3
SAL21730,0,0,0,0,0,0,0,0
SAL21731,13,0,0,0,0,0,0,10
SAL21732,600,32,7,0,0,0,0,643
SAL21733,756,24,15,4,0,0,3,806
SAL21734,7,0,0,0,0,0,0,11
SAL21735,1162,66,14,6,0,6,4,1255
SAL21736,884,83,26,3,0,0,9,1004
SAL21737,134,7,4,3,3,0,0,153
SAL21738,0,0,0,0,0,0,0,0
SAL21739,5,0,0,0,0,0,0,5
SAL21740,10,0,0,0,0,0,0,10
SAL21741,6,0,0,0,0,0,0,9
SAL21742,1655,84,20,5,0,0,0,1767
SAL21743,3,0,0,0,0,0,0,5
SAL21744,13,0,0,0,0,0,0,13
SAL21745,3,0,0,0,0,0,0,3
SAL21746,773,45,21,0,0,0,5,844
SAL21747,0,0,0,0,0,0,0,0
SAL21748,8,0,0,0,0,0,0,8
SAL21749,9,0,0,0,0,0,0,9
SAL21750,6,0,0,0,0,0,0,6
SAL21751,4,0,0,0,0,0,0,4
SAL21752,0,0,0,0,0,0,0,0
SAL21753,13,0,0,0,0,0,0,13
SAL21754,116,9,5,0,0,0,0,132
SAL21755,2745,246,109,34,5,0,11,3149
SAL21756,543,69,34,16,0,0,5,676
SAL21757,19,5,0,0,0,0,0,20
SAL21758,5,0,0,0,0,0,0,6
SAL21759,23,0,0,0,0,0,0,22
SAL21760,1055,83,30,3,0,0,0,1173
SAL21761,8,0,0,0,0,0,0,8
SAL21762,133,7,5,0,0,0,0,151
SAL21763,2270,240,88,15,0,0,14,2628
SAL21764,0,0,0,0,0,0,0,0
SAL21765,9,0,0,0,0,0,0,9
SAL21766,0,0,0,0,0,0,0,0
SAL21767,103,9,7,0,0,0,0,115
SAL21768,5,0,0,0,0,0,0,5
SAL21769,854,119,76,11,3,0,15,1081
SAL21770,12,0,0,0,0,0,0,14
SAL21771,9,0,0,0,0,0,0,7
SAL21772,54,3,0,0,0,0,0,65
SAL21773,0,0,0,0,0,0,0,0
SAL21774,0,0,0,0,0,0,0,0
SAL21775,0,0,0,0,0,0,0,0
SAL21776,7,0,0,0,0,0,0,7
SAL21777,0,0,0,0,0,0,0,0
SAL21778,4,0,0,0,0,0,0,4
SAL21779,24,0,0,0,0,0,0,25
SAL21780,6,0,0,0,0,0,0,6
SAL21781,3,0,0,0,0,0,0,3
SAL21782,5,0,0,0,0,0,0,5
SAL21783,338,33,17,0,0,0,0,390
SAL21784,0,0,0,0,0,0,0,0
SAL21785,0,0,0,0,0,0,0,0
SAL21786,53,0,0,0,0,0,0,54
SAL21787,142,7,4,0,0,0,0,153
SAL21788,10,0,0,0,0,0,0,9
SAL21789,0,0,0,0,0,0,0,0
SAL21790,783,56,27,6,0,0,0,877
SAL21791,10,0,0,0,0,0,0,10
SAL21792,81,4,4,0,0,0,0,85
SAL21793,2568,130,48,8,0,0,9,2765
SAL21794,3,0,0,0,0,0,0,3
SAL21795,1250,109,57,11,0,0,3,1439
SAL21796,12,0,0,0,0,0,0,13
SAL21797,6,0,0,0,0,0,0,8
SAL21798,320,36,17,0,0,0,3,376
SAL21799,0,0,0,0,0,0,0,0
SAL21800,3,0,0,0,0,0,0,6
SAL21801,177,11,5,5,0,0,0,188
SAL21802,0,0,0,0,0,0,0,0
SAL21803,2361,177,84,9,0,0,4,2638
SAL21804,11,0,0,0,0,0,0,15
SAL21805,38,0,3,0,0,0,0,37
SAL21806,0,0,0,0,0,0,0,0
SAL21807,144,15,10,0,0,0,4,177
SAL21808,5,0,0,0,0,0,0,9
SAL21809,0,6,0,0,0,0,0,5
SAL21810,34,0,0,0,0,0,0,34
SAL21811,0,0,0,0,0,0,0,0
SAL21812,0,0,0,0,0,0,0,0
SAL21813,40,5,0,0,0,0,0,47
SAL21814,14,3,0,0,0,0,0,14
SAL21815,14,0,0,0,0,0,0,11
SAL21816,4859,183,67,23,0,0,9,5139
SAL21817,3,0,0,0,0,0,0,3
SAL21818,11,0,0,0,0,0,0,16
SAL21819,15,0,0,0,0,0,0,15
SAL21820,31,7,0,0,0,0,0,41
SAL21821,3,0,0,0,0,0,0,3
SAL21822,33,3,0,0,0,0,0,40
SAL21823,19,3,0,0,0,0,0,24
SAL21824,52,8,0,0,0,0,0,52
SAL21825,5,0,0,0,0,0,0,5
SAL21826,15,0,0,0,0,0,0,20
SAL21827,2591,110,50,34,0,0,9,2796
SAL21828,12,0,0,0,0,0,0,11
SAL21829,13,0,0,0,0,0,0,15
SAL21830,9,3,0,0,0,0,0,11
SAL21831,0,0,0,0,0,0,0,0
SAL21832,75,6,3,0,0,0,0,78
SAL21833,8,0,0,0,0,0,0,8
SAL21834,24,0,3,0,0,0,0,24
SAL21835,19,4,0,0,0,0,0,19
SAL21836,9,0,0,0,0,0,0,9
SAL21837,5,0,0,0,0,0,0,5
SAL21838,9,0,0,0,0,0,0,9
SAL21839,11,0,0,0,0,0,0,11
SAL21840,14,0,5,0,0,0,0,24
SAL21841,3,0,0,0,0,0,0,6
SAL21842,14,0,0,0,0,0,0,15
SAL21843,0,0,0,0,0,0,0,0
SAL21844,10,0,0,0,0,0,0,11
SAL21845,22,0,4,0,0,0,0,21
SAL21846,0,0,0,0,0,0,0,0
SAL21847,4,0,0,0,0,0,0,8
SAL21848,7,0,0,0,0,0,0,7
SAL21849,1190,45,9,3,0,0,8,1255
SAL21850,82,4,5,0,0,0,0,89
SAL21851,16,0,0,0,0,0,0,16
SAL21852,16,0,0,0,0,0,0,20
SAL21853,6,0,0,0,0,0,0,6
SAL21854,0,0,0,0,0,0,0,3
SAL21855,18,0,0,0,0,0,0,18
SAL21856,4,0,0,0,0,0,0,8
SAL21857,49,7,0,0,0,0,0,60
SAL21858,0,0,0,0,0,0,0,0
SAL21859,43,10,4,0,0,0,0,55
SAL21860,17,0,0,0,0,0,0,21
SAL21861,5,5,0,0,0,0,0,13
SAL21862,12,0,0,0,0,0,0,16
SAL21863,257,29,13,0,0,0,3,299
SAL21864,0,0,0,0,0,0,0,0
SAL21865,18,0,0,0,0,0,0,19
SAL21866,0,0,0,0,0,0,0,4
SAL21867,163,22,6,0,0,0,0,188
SAL21868,7,0,0,0,0,0,0,7
SAL21869,0,0,0,0,0,0,0,5
SAL21870,27,0,0,0,0,0,0,26
SAL21871,0,0,0,0,0,0,0,0
SAL21872,5,0,0,0,0,0,0,5
SAL21873,0,0,0,0,0,0,0,0
SAL21874,10,6,0,0,0,0,0,16
SAL21875,55,0,0,0,0,0,5,60
SAL21876,0,0,0,0,0,0,0,0
SAL21877,67,7,0,0,0,0,5,80
SAL21878,113,11,4,0,0,0,0,130
SAL21879,89,11,4,0,0,0,0,105
SAL21880,16,0,0,0,0,0,0,21
SAL21881,5,0,0,0,0,0,0,5
SAL21882,12,0,0,0,0,0,0,12
SAL21883,0,0,0,0,0,0,0,0
SAL21884,9,0,0,0,0,0,0,9
SAL21885,11,0,0,0,0,0,0,12
SAL21886,7,0,0,0,0,0,0,10
SAL21887,11,0,0,0,0,0,0,11
SAL21888,3,0,0,0,0,0,0,8
SAL21889,27,0,0,0,0,0,0,27
SAL21890,6,0,0,0,0,0,0,6
SAL21891,8,0,0,0,0,0,0,8
SAL21892,59,0,3,0,0,0,3,64
SAL21893,3375,221,92,38,3,6,10,3748
SAL21894,58,10,4,0,0,0,0,69
SAL21895,1156,64,23,15,0,0,6,1258
SAL21896,4459,261,165,62,3,8,12,4965
SAL21897,0,0,0,0,0,0,0,0
SAL21898,157,11,14,0,0,0,3,185
SAL21899,41,3,3,0,0,0,0,46
SAL21900,7,0,0,0,0,0,0,10
SAL21901,3,0,0,0,0,0,0,6
SAL21902,0,5,3,0,0,0,0,4
SAL21903,32,0,0,0,0,0,0,40
SAL21904,3,0,0,0,0,0,0,7
SAL21905,0,0,0,0,0,0,0,0
SAL21906,6,0,0,0,0,0,0,6
SAL21907,17,0,0,0,0,0,0,23
SAL21908,19,0,0,0,0,0,0,15
SAL21909,10,0,0,0,0,0,0,14
SAL21910,3,0,0,0,0,0,0,6
SAL21911,150,14,8,0,0,0,3,176
SAL21912,24,3,0,0,0,0,0,30
SAL21913,0,0,0,0,0,0,0,0
SAL21914,9,0,0,0,0,0,0,9
SAL21915,28,4,0,0,0,0,0,32
SAL21916,7,0,0,0,0,0,0,7
SAL21917,127,13,3,0,0,0,0,141
SAL21918,0,0,0,0,0,0,0,0
SAL21919,17,0,0,0,0,0,0,17
SAL21920,0,0,0,0,0,0,0,3
SAL21921,334,14,11,0,0,0,0,362
SAL21922,536,66,51,8,0,0,7,657
SAL21923,13,0,0,0,0,0,0,13
SAL21924,4,0,0,0,0,0,0,7
SAL21925,282,37,21,0,0,0,0,343
SAL21926,6,0,0,0,0,0,0,7
SAL21927,65,0,0,0,0,0,0,65
SAL21928,38,5,0,0,0,0,0,45
SAL21929,181,7,3,0,0,0,0,190
SAL21930,54,13,0,0,0,0,0,71
SAL21931,11,0,0,0,0,0,0,16
SAL21932,20,0,6,0,0,0,0,21
SAL21933,33,0,3,0,0,0,0,35
SAL21934,1860,93,34,0,0,0,0,1984
SAL21935,48,5,0,0,0,0,0,49
SAL21936,84,0,0,0,0,0,0,85
SAL21937,19,0,4,0,0,0,0,23
SAL21938,1222,56,12,8,0,0,0,1300
SAL21939,213,15,3,9,0,0,0,243
SAL21940,250,14,6,0,0,0,0,263
SAL21941,121,9,7,5,0,0,3,146
SAL21942,759,45,10,5,0,0,0,819
SAL21943,47,0,5,0,0,0,0,51
SAL21944,45,4,0,0,0,0,0,47
SAL21945,0,0,0,0,0,0,0,0
SAL21946,0,0,0,0,0,0,0,0
SAL21947,19,3,0,0,0,0,0,21
SAL21948,0,0,0,0,0,0,0,0
SAL21949,0,0,0,0,0,0,0,0
SAL21950,0,0,0,0,0,0,0,0
SAL21951,7,5,0,0,0,0,0,8
SAL21952,3088,224,109,70,7,8,22,3527
SAL21953,857,50,28,18,0,0,6,951
SAL21954,10,0,0,0,0,0,0,10
SAL21955,31,6,0,0,0,0,0,34
SAL21956,0,0,0,0,0,0,0,3
SAL21957,6,0,0,0,0,0,0,6
SAL21958,0,0,0,0,0,0,0,0
SAL21959,6,0,0,0,0,0,0,11
SAL21960,473,49,29,8,0,0,6,564
SAL21961,4,0,0,0,0,0,0,4
SAL21962,13,0,0,0,0,0,0,18
SAL21963,292,29,11,4,0,0,0,349
SAL21964,3,0,0,0,0,0,0,3
SAL21965,259,31,10,0,0,0,0,304
SAL21966,863,49,11,9,0,0,4,935
SAL21967,10,3,0,0,0,0,0,15
SAL21968,27,5,0,0,0,0,0,28
SAL21969,439,37,11,0,0,0,3,498
SAL21970,280,48,24,0,0,0,3,350
SAL21971,2614,96,38,7,0,0,3,2762
SAL21972,18,0,0,0,0,0,0,22
SAL21973,0,0,0,0,0,0,0,0
SAL21974,211,14,3,0,0,0,0,230
SAL21975,16,0,0,0,0,0,0,14
SAL21976,0,0,0,0,0,0,0,0
SAL21977,0,0,0,0,0,0,0,0
SAL21978,5,0,0,0,0,0,0,5
SAL21979,0,0,0,0,0,0,0,3
SAL21980,6,0,0,0,0,0,0,6
SAL21981,27,3,0,0,0,0,0,29
SAL21982,8,0,0,0,0,0,0,6
SAL21983,13,0,0,0,0,0,0,13
SAL21984,317,24,25,5,0,0,5,381
SAL21985,1519,58,15,9,0,0,5,1606
SAL21986,31,0,0,0,0,0,0,37
SAL21987,0,0,0,0,0,0,0,0
SAL21988,6,0,0,0,0,0,0,6
SAL21989,11,0,0,0,0,0,0,11
SAL21990,0,0,0,0,0,0,0,0
SAL21991,15,3,0,0,0,0,0,20
SAL21992,33,6,0,0,0,0,0,40
SAL21993,37,4,3,0,0,0,0,50
SAL21994,0,0,0,0,0,0,0,0
SAL21995,0,0,0,0,0,0,0,0
SAL21996,179,20,15,0,0,0,0,211
SAL21997,4,0,0,0,0,0,0,4
SAL21998,786,31,15,6,0,0,3,838
SAL21999,62,4,0,0,0,0,0,66
SAL22000,951,53,14,6,0,0,3,1031
SAL22001,765,36,5,3,0,0,0,807
SAL22002,1295,60,16,9,0,0,3,1390
SAL22003,0,0,0,0,0,0,0,0
SAL22004,0,0,0,0,0,0,0,0
SAL22005,1939,137,43,8,0,0,5,2141
SAL22006,2506,158,93,18,5,0,11,2783
SAL22007,139,6,4,0,0,0,0,158
SAL22008,0,0,0,0,0,0,0,4
SAL22009,192,16,4,0,0,0,0,217
SAL22010,8,0,0,0,0,0,0,12
SAL22011,24,0,0,0,0,0,0,24
SAL22012,0,0,0,0,0,0,0,0
SAL22013,10,0,0,0,0,0,0,15
SAL22014,134,13,14,3,0,0,4,169
SAL22015,10,0,3,0,0,0,0,11
SAL22016,1055,41,11,7,0,0,0,1115
SAL22017,50,4,0,0,0,0,6,58
SAL22018,32,4,4,0,0,0,0,37
SAL22019,29,0,0,0,0,0,0,31
SAL22020,89,0,7,0,0,0,0,95
SAL22021,16,0,0,0,0,0,0,17
SAL22022,84,0,0,0,0,0,0,89
SAL22023,3,0,0,0,0,0,0,4
SAL22024,3,0,0,0,0,0,0,3
SAL22025,5,0,0,0,0,0,0,5
SAL22026,0,0,0,0,0,0,0,0
SAL22027,5946,516,350,70,11,6,34,6927
SAL22028,25,3,0,0,0,0,0,31
SAL22029,168,9,8,0,0,0,0,183
SAL22030,8,0,0,0,0,0,0,12
SAL22031,41,7,6,3,0,0,3,60
SAL22032,136,6,4,0,0,0,0,143
SAL22033,5,0,0,0,0,0,0,6
SAL22034,7,0,0,0,0,0,0,6
SAL22035,17,0,0,0,0,0,0,23
SAL22036,594,19,9,3,0,0,0,638
SAL22037,1557,82,38,0,0,0,0,1680
SAL22038,291,11,10,0,0,0,0,307
SAL22039,21,0,0,0,0,0,0,20
SAL22040,4,0,0,0,0,0,0,4
SAL22041,2109,92,27,13,3,0,0,2239
SAL22042,1456,62,17,0,0,0,0,1542
SAL22043,5,0,0,0,0,0,0,9
SAL22044,9,0,0,0,0,0,0,9
SAL22045,14,0,0,0,0,0,0,19
SAL22046,11,4,0,0,0,0,0,10
SAL22047,888,90,21,4,5,0,0,1015
SAL22048,6,0,0,0,0,0,0,6
SAL22049,182,24,14,7,0,0,0,222
SAL22050,439,41,31,7,0,0,5,527
SAL22051,20,0,0,0,0,0,0,20
SAL22052,10,0,4,0,0,0,0,14
SAL22053,0,0,0,0,0,0,0,6
SAL22054,0,0,0,0,0,0,0,0
SAL22055,8,0,0,0,0,0,0,8
SAL22056,59,0,0,0,0,0,0,64
SAL22057,19,0,0,0,0,0,0,22
SAL22058,23,0,0,0,0,0,0,23
SAL22059,3,0,0,0,0,0,0,3
SAL22060,5,0,0,0,0,0,0,5
SAL22061,4,0,0,0,0,0,0,4
SAL22062,27,0,5,0,0,0,0,27
SAL22063,0,0,0,0,0,0,0,0
SAL22064,47,0,4,0,0,0,0,47
SAL22065,20,3,0,0,0,0,0,20
SAL22066,13,3,0,0,0,0,0,16
SAL22067,0,0,0,0,0,0,0,0
SAL22068,3,0,0,0,0,0,0,3
SAL22069,0,0,0,0,0,0,0,0
SAL22070,4,0,0,0,0,0,0,4
SAL22071,0,0,0,0,0,0,0,4
SAL22072,19,0,0,0,0,0,0,21
SAL22073,4,0,0,0,0,0,0,4
SAL22074,34,0,0,0,0,0,0,36
SAL22075,0,0,0,0,0,0,0,4
SAL22076,0,0,0,0,0,0,0,0
SAL22077,24,8,0,0,0,0,0,32
SAL22078,23,0,5,0,0,0,0,28
SAL22079,3,0,0,0,0,0,0,3
SAL22080,9,0,0,0,0,0,0,9
SAL22081,11,0,0,0,0,0,0,14
SAL22082,0,0,0,0,0,0,0,0
SAL22083,0,0,0,0,0,0,0,0
SAL22084,409,22,11,0,0,0,0,436
SAL22085,9,0,0,0,0,0,0,9
SAL22086,10446,567,278,90,13,4,20,11421
SAL22087,21,0,0,0,0,0,0,17
SAL22088,293,13,9,0,0,0,0,315
SAL22089,0,0,0,0,0,0,0,0
SAL22090,0,0,0,0,0,0,0,0
SAL22091,6,0,0,0,0,0,0,10
SAL22092,7,0,0,0,0,0,0,7
SAL22093,3,0,0,0,0,0,0,3
SAL22094,32,6,0,0,0,0,0,31
SAL22095,3,0,0,0,0,0,0,3
SAL22096,0,0,0,0,0,0,0,0
SAL22097,9,0,0,0,0,0,0,9
SAL22098,80,6,0,0,0,0,0,86
SAL22099,9,0,0,0,0,0,0,14
SAL22100,24,3,0,0,0,0,0,32
SAL22101,12,0,0,0,0,0,0,12
SAL22102,108,5,0,0,0,0,0,117
SAL22103,25,0,3,0,0,0,0,24
SAL22104,43,0,3,0,0,0,0,48
SAL22105,326,22,4,0,0,0,0,350
SAL22106,17,0,0,0,0,0,0,17
SAL22107,1452,144,29,7,0,0,4,1640
SAL22108,9,0,0,0,0,0,0,8
SAL22109,255,22,4,0,0,0,4,295
SAL22110,724,80,45,0,0,0,3,860
SAL22111,69,9,0,0,0,0,0,83
SAL22112,78,6,3,0,0,0,0,84
SAL22113,30,0,0,0,0,0,0,27
SAL22114,14,0,0,0,0,0,0,18
SAL22115,13,0,0,0,0,0,0,20
SAL22116,0,0,0,0,0,0,0,0
SAL22117,4,0,0,0,0,0,0,4
SAL22118,737,33,9,0,0,0,0,780
SAL22119,0,0,0,0,0,0,0,0
SAL22120,3,0,0,0,0,0,0,3
SAL22121,3405,156,55,17,0,0,14,3648
SAL22122,155,12,3,0,0,0,0,171
SAL22123,26,0,0,0,0,0,0,22
SAL22124,125,14,10,0,0,0,0,140
SAL22125,5,0,0,0,0,0,0,9
SAL22126,7,0,0,0,0,0,0,7
SAL22127,25,3,8,0,0,0,0,37
SAL22128,6,0,0,0,0,0,0,6
SAL22129,79,5,6,3,0,0,4,96
SAL22130,41,7,0,0,0,0,0,53
SAL22131,6,0,0,0,0,0,0,10
SAL22132,0,0,0,0,0,0,0,0
SAL22133,43,6,0,0,0,0,0,50
SAL22134,217,17,12,0,0,0,0,245
SAL22135,120,6,0,0,0,0,0,127
SAL22136,12,0,4,0,0,0,0,20
SAL22137,54,6,3,0,0,0,0,60
SAL22138,8,0,0,0,0,0,0,9
SAL22139,3,0,0,0,0,0,0,3
SAL22140,4,0,0,0,0,0,0,4
SAL22141,0,0,0,0,0,0,0,0
SAL22142,43,3,0,0,0,0,0,55
SAL22143,7,0,0,0,0,0,0,7
SAL22144,19,4,4,0,0,0,0,26
SAL22145,21,9,0,0,0,0,0,26
SAL22146,28,3,4,0,0,0,0,37
SAL22147,431,54,40,9,0,0,3,542
SAL22148,103,9,0,0,0,0,0,123
SAL22149,69,0,5,0,0,0,0,75
SAL22150,5,0,0,0,0,0,0,15
SAL22151,158,27,14,0,0,0,3,199
SAL22152,0,0,0,0,0,0,0,3
SAL22153,5,0,0,0,0,0,0,9
SAL22154,19,0,0,0,0,0,0,19
SAL22155,11,5,0,0,0,0,0,13
SAL22156,5,0,0,0,0,0,0,5
SAL22157,0,0,0,0,0,0,0,0
SAL22158,7,0,0,0,0,0,0,5
SAL22159,3,0,0,0,0,0,0,9
SAL22160,402,15,11,0,0,0,0,429
SAL22161,5084,266,107,40,3,0,18,5511
SAL22162,0,0,0,0,0,0,0,0
SAL22163,0,0,0,0,0,0,0,6
SAL22164,54,7,0,0,0,0,0,57
SAL22165,5,0,0,0,0,0,0,5
SAL22166,0,0,0,0,0,0,0,3
SAL22167,0,0,0,0,0,0,0,0
SAL22168,0,0,0,0,0,0,0,0
SAL22169,3,0,0,0,0,0,0,3
SAL22170,1775,116,23,7,0,0,3,1917
SAL22171,0,0,0,0,0,0,0,0
SAL22172,566,29,19,0,0,0,3,626
SAL22173,0,0,0,0,0,0,0,5
SAL22174,2011,132,54,13,3,0,6,2218
SAL22175,1304,70,29,8,3,0,3,1412
SAL22176,1371,73,21,7,0,0,3,1485
SAL22177,32,6,0,0,0,0,0,30
SAL22178,105,3,0,0,0,0,0,113
SAL22179,134,0,0,0,0,0,0,140
SAL22180,32,4,4,0,0,0,0,39
SAL22181,15,0,0,0,0,0,0,15
SAL22182,0,0,0,0,0,0,0,0
SAL22183,248,19,6,7,5,0,4,286
SAL22184,209,25,19,0,0,0,0,253
SAL22185,3,0,0,0,0,0,0,3
SAL22186,303,24,10,10,0,0,0,339
SAL22187,0,0,0,0,0,0,0,0
SAL22188,5,0,0,0,0,0,0,5
SAL22189,0,0,0,0,0,0,0,0
SAL22190,24,4,0,0,0,0,0,29
SAL22191,25,0,0,0,0,0,0,20
SAL22192,4,0,0,0,0,0,0,0
SAL22193,705,47,32,5,0,0,4,788
SAL22194,1136,54,11,0,0,0,0,1210
SAL22195,4,0,0,0,0,0,0,4
SAL22196,0,0,0,0,0,0,0,0
SAL22197,14,0,4,0,0,0,0,14
SAL22198,1110,97,39,7,0,0,3,1263
SAL22199,140,15,7,4,0,0,3,168
SAL22200,0,0,0,0,0,0,0,0
SAL22201,13,0,0,0,0,0,0,20
SAL22202,10,0,0,0,0,0,0,10
SAL22203,172,4,9,3,0,0,0,189
SAL22204,0,0,0,0,0,0,0,8
SAL22205,0,0,0,0,0,0,0,0
SAL22206,22,0,0,0,0,0,0,22
SAL22207,4838,289,118,36,0,0,8,5286
SAL22208,3537,110,59,38,0,0,0,3747
SAL22209,0,0,0,0,0,0,0,0
SAL22210,23,0,0,0,0,0,0,20
SAL22211,9,0,3,0,0,0,0,12
SAL22212,5,0,0,0,0,0,0,4
SAL22213,7,0,0,0,0,0,0,7
SAL22214,39,0,4,0,0,0,0,48
SAL22215,80,8,3,0,0,0,3,98
SAL22216,5,0,0,0,0,0,0,7
SAL22217,216,19,15,0,0,0,3,252
SAL22218,0,0,0,0,0,0,0,0
SAL22219,29,0,0,0,0,0,0,37
SAL22220,741,67,28,3,0,0,3,843
SAL22221,4,0,0,0,0,0,0,4
SAL22222,458,66,30,0,0,0,0,561
SAL22223,7,0,0,0,0,0,0,10
SAL22224,50,12,6,0,0,0,3,69
SAL22225,8,0,0,0,0,0,0,8
SAL22226,1145,127,72,4,3,0,8,1365
SAL22227,3,0,0,0,0,0,0,3
SAL22228,3,0,0,0,0,0,0,7
SAL22229,138,12,6,0,0,0,0,155
SAL22230,4,0,0,0,0,0,0,6
SAL22231,0,0,0,0,0,0,0,5
SAL22232,742,75,36,3,0,0,0,853
SAL22233,7,0,0,0,0,0,0,7
SAL22234,1275,58,16,0,0,0,3,1363
SAL22235,14,4,0,0,0,0,0,21
SAL22236,28,0,0,0,0,0,0,28
SAL22237,0,0,0,0,0,0,0,0
SAL22238,53,3,3,0,0,0,0,60
SAL22239,116,6,0,0,0,0,0,128
SAL22240,9,0,0,0,0,0,0,9
SAL22241,75,16,7,0,0,0,0,92
SAL22242,825,51,15,3,0,0,3,896
SAL22243,15,0,0,0,0,0,0,13
SAL22244,28,0,3,0,0,0,0,36
SAL22245,21,5,0,0,0,0,0,23
SAL22246,42,5,6,0,0,0,0,47
SAL22247,726,25,18,3,0,0,0,776
SAL22248,0,0,0,0,0,0,0,0
SAL22249,1568,163,58,21,9,0,11,1825
SAL22250,243,18,3,0,0,0,0,265
SAL22251,29,6,0,0,0,0,0,33
SAL22252,18,0,0,0,0,0,0,17
SAL22253,17,0,3,0,0,0,0,19
SAL22254,30,0,0,0,0,0,0,29
SAL22255,621,74,58,19,3,3,5,775
SAL22256,582,27,7,4,0,0,3,623
SAL22257,83,0,3,0,0,0,0,82
SAL22258,210,25,5,4,0,0,0,248
SAL22259,0,0,0,0,0,0,0,0
SAL22260,4,0,0,0,0,0,0,4
SAL22261,19,0,0,0,0,0,0,21
SAL22262,13,0,0,0,0,0,0,15
SAL22263,336,34,10,3,0,0,0,381
SAL22264,112,12,3,0,0,0,0,125
SAL22265,448,58,22,0,0,0,6,529
SAL22266,25,0,3,0,0,0,0,22
SAL22267,0,0,0,0,0,0,0,0
SAL22268,13,3,0,0,0,0,0,16
SAL22269,5,0,0,0,0,0,0,5
SAL22270,0,0,0,0,0,0,0,0
SAL22271,45,0,0,0,0,0,0,51
SAL22272,28,5,5,0,0,0,0,41
SAL22273,0,0,0,0,0,0,0,0
SAL22274,9,0,0,0,0,0,0,11
SAL22275,2596,230,128,27,4,0,21,3013
SAL22276,136,6,8,3,0,0,0,160
SAL22277,305,22,8,3,0,0,0,348
SAL22278,30,8,0,0,0,0,0,39
SAL22279,54,0,0,0,0,0,0,54
SAL22280,0,0,0,0,0,0,0,0
SAL22281,162,10,8,3,0,0,0,183
SAL22282,21,0,0,0,0,0,0,21
SAL22283,60,4,3,0,0,0,0,71
SAL22284,4,0,0,0,0,0,0,0
SAL22285,9,0,0,0,0,0,0,9
SAL22286,17,0,0,0,0,0,0,15
SAL22287,0,0,0,0,0,0,0,0
SAL22288,7,3,0,0,0,0,0,10
SAL22289,4,0,0,0,0,0,0,4
SAL22290,35,5,6,0,0,0,0,38
SAL22291,995,100,64,11,0,0,0,1172
SAL22292,3,0,0,0,0,0,0,3
SAL22293,16,0,0,0,0,0,0,17
SAL22294,26,0,0,0,0,0,0,33
SAL22295,53,0,0,0,0,0,0,57
SAL22296,5,0,0,0,0,0,0,5
SAL22297,6,0,0,0,0,0,0,6
SAL22298,219,12,14,8,0,0,0,256
SAL22299,127,13,7,0,0,0,3,150
SAL22300,0,0,0,0,0,0,0,0
SAL22301,73,3,3,0,0,0,0,87
SAL22302,275,14,7,0,0,0,0,295
SAL22303,186,11,4,0,0,0,0,195
SAL22304,0,0,0,0,0,0,0,0
SAL22305,1274,142,79,10,0,0,7,1512
SAL22306,114,12,3,0,0,0,0,123
SAL22307,37,3,0,0,0,0,0,39
SAL22308,91,10,0,0,0,0,0,99
SAL22309,260,14,4,0,0,0,0,282
SAL22310,777,48,13,0,0,0,0,841
SAL22311,3649,181,88,26,0,0,10,3960
SAL22312,13,0,0,0,0,0,0,18
SAL22313,5,0,0,0,0,0,0,5
SAL22314,1077,82,9,4,0,0,3,1175
SAL22315,884,54,8,0,0,0,5,960
SAL22316,9,0,0,0,0,0,0,13
SAL22317,9,0,0,0,0,0,0,9
SAL22318,4,0,0,0,0,0,0,0
SAL22319,347,22,8,0,0,0,0,381
SAL22320,284,25,12,0,0,0,0,326
SAL22321,18,0,0,0,0,0,0,21
SAL22322,13,0,0,0,0,0,0,11
SAL22323,6,0,0,0,0,0,0,5
SAL22324,0,0,0,0,0,0,0,0
SAL22325,24,5,0,0,0,0,0,30
SAL22326,28,3,0,0,0,0,5,40
SAL22327,23,0,0,0,0,0,0,23
SAL22328,2169,133,66,60,5,0,13,2441
SAL22329,1391,107,46,41,0,3,10,1601
SAL22330,3388,261,117,83,6,7,25,3892
SAL22331,421,57,20,3,0,0,4,503
SAL22332,132,17,7,0,0,0,0,157
SAL22333,123,4,0,0,0,0,0,133
SAL22334,153,12,9,0,0,0,0,186
SAL22335,7,0,0,0,0,0,0,7
SAL22336,0,0,0,0,0,0,0,0
SAL22337,9,0,0,0,0,0,0,3
SAL22338,9,0,0,0,0,0,0,10
SAL22339,397,23,9,3,0,0,0,428
SAL22340,6,0,0,0,0,0,0,6
SAL22341,4,0,0,0,0,0,0,4
SAL22342,11,0,0,0,0,0,0,11
SAL22343,801,71,19,3,0,0,0,899
SAL22344,1041,39,10,0,0,0,0,1092
SAL22345,225,23,6,0,0,0,0,250
SAL22346,229,22,8,0,0,0,4,258
SAL22347,5,3,0,0,0,0,0,5
SAL22348,0,0,0,0,0,0,0,5
SAL22349,45,4,0,0,0,0,0,48
SAL22350,54,4,4,5,0,0,0,67
SAL22351,35,0,0,0,0,0,0,42
SAL22352,14,4,0,0,0,0,0,16
SAL22353,4,0,0,0,0,0,0,8
SAL22354,447,34,32,4,0,0,0,516
SAL22355,36,5,0,0,0,0,0,45
SAL22356,4,0,0,0,0,0,0,4
SAL22357,7,0,3,0,0,0,0,12
SAL22358,0,0,0,0,0,0,0,0
SAL22359,3,0,0,0,0,0,0,9
SAL22360,7,0,0,0,0,0,0,7
SAL22361,4,0,0,0,0,0,0,4
SAL22362,3,0,0,0,0,0,0,3
SAL22363,0,0,0,0,0,0,0,0
SAL22364,41,0,0,0,0,0,0,38
SAL22365,3,0,0,0,0,0,0,3
SAL22366,18,0,0,0,0,0,0,21
SAL22367,11,0,0,0,0,0,0,11
SAL22368,0,0,0,0,0,0,0,0
SAL22369,296,34,14,5,3,0,5,351
SAL22370,12,0,0,0,0,0,0,12
SAL22371,21,0,0,0,0,0,0,21
SAL22372,23,0,0,0,0,0,0,26
SAL22373,527,45,17,9,0,0,0,598
SAL22374,16,0,0,0,0,0,0,20
SAL22375,21,0,0,0,0,0,0,28
SAL22376,910,70,43,4,0,0,3,1031
SAL22377,10,0,0,0,0,0,0,10
SAL22378,4,0,0,0,0,0,0,7
SAL22379,96,10,12,5,0,0,0,120
SAL22380,1326,52,17,10,0,0,3,1417
SAL22381,134,5,9,0,0,0,0,149
SAL22382,584,42,21,5,0,0,0,654
SAL22383,14,0,0,0,0,0,0,19
SAL22384,9,4,0,0,0,0,0,11
SAL22385,8,0,0,0,0,0,0,8
SAL22386,4,0,0,0,0,0,0,4
SAL22387,28,3,6,0,0,0,0,38
SAL22388,0,0,0,0,0,0,0,0
SAL22389,33,0,0,0,0,0,0,36
SAL22390,0,0,0,0,0,0,0,0
SAL22391,4516,383,213,27,7,0,23,5171
SAL22392,43,5,0,0,0,0,0,49
SAL22393,23,0,3,0,0,0,0,28
SAL22394,46,0,4,0,0,0,0,46
SAL22395,889,56,16,18,0,0,8,985
SAL22396,1200,91,51,38,0,0,3,1381
SAL22397,1874,115,63,35,0,0,5,2107
SAL22398,61,4,0,0,0,0,0,61
SAL22399,1837,78,22,7,0,0,5,1948
SAL22400,0,0,0,0,0,0,0,0
SAL22401,20,0,0,0,0,0,0,20
SAL22402,0,0,0,0,0,0,0,0
SAL22403,14,0,0,0,0,0,0,16
SAL22404,6,3,0,0,0,0,0,9
SAL22405,955,74,56,11,0,0,7,1099
SAL22406,0,0,0,0,0,0,0,0
SAL22407,0,0,0,0,0,0,0,0
SAL22408,14,0,0,0,0,0,0,14
SAL22409,77,12,4,0,0,0,0,87
SAL22410,21,4,0,0,0,0,0,20
SAL22411,0,0,0,0,0,0,0,0
SAL22412,4,0,0,0,0,0,0,4
SAL22413,19,0,5,0,0,0,0,18
SAL22414,1229,90,42,18,0,5,0,1387
SAL22415,0,0,0,0,0,0,0,0
SAL22416,0,0,0,0,0,0,0,0
SAL22417,19,0,0,0,0,0,0,21
SAL22418,6,0,0,0,0,0,0,6
SAL22419,30,5,3,0,0,0,0,37
SAL22420,0,0,0,0,0,0,0,0
SAL22421,0,0,0,0,0,0,0,0
SAL22422,3,0,0,0,0,0,0,3
SAL22423,17,8,0,0,0,0,0,25
SAL22424,30,0,0,0,0,0,0,28
SAL22425,5,0,0,0,0,0,0,5
SAL22426,87,6,3,0,0,0,0,103
SAL22427,3,0,0,0,0,0,0,6
SAL22428,14,0,0,0,0,0,0,14
SAL22429,21,0,0,0,0,0,0,25
SAL22430,69,0,0,5,0,0,0,77
SAL22431,68,3,7,0,0,0,0,78
SAL22432,0,0,0,0,0,0,0,0
SAL22433,33,0,0,0,0,0,0,44
SAL22434,0,0,0,0,0,0,0,0
SAL22435,0,0,0,0,0,0,0,0
SAL22436,14,0,0,0,0,0,0,14
SAL22437,5,0,0,0,0,0,0,5
SAL22438,0,0,0,0,0,0,0,0
SAL22439,3,0,0,0,0,0,0,3
SAL22440,11,0,0,0,0,0,0,11
SAL22441,118,10,9,0,0,0,0,141
SAL22442,0,0,0,0,0,0,0,0
SAL22443,0,0,0,0,0,0,0,0
SAL22444,52,10,7,0,0,0,0,65
SAL22445,0,0,0,0,0,0,0,0
SAL22446,0,0,0,0,0,0,0,0
SAL22447,45,3,0,0,0,0,0,51
SAL22448,4,0,0,0,0,0,0,4
SAL22449,3,0,0,0,0,0,0,8
SAL22450,8,3,0,0,0,0,0,8
SAL22451,8590,334,212,143,10,5,30,9319
SAL22452,8,3,0,0,0,0,0,9
SAL22453,3,0,0,0,0,0,0,3
SAL22454,8,4,0,0,0,0,0,9
SAL22455,4,0,0,0,0,0,0,4
SAL22456,3,0,0,0,0,0,0,3
SAL22457,5,0,0,0,0,0,0,5
SAL22458,47,4,4,0,0,0,0,55
SAL22459,4,0,0,0,0,0,0,4
SAL22460,5,0,0,0,0,0,0,4
SAL22461,0,0,0,0,0,0,0,0
SAL22462,41,0,0,0,0,0,0,41
SAL22463,3,0,0,0,0,0,0,6
SAL22464,11,0,0,0,0,0,0,14
SAL22465,33,0,5,0,0,0,0,41
SAL22466,21,0,0,0,0,0,0,25
SAL22467,450,41,16,5,0,0,3,514
SAL22468,22,0,0,0,0,0,0,18
SAL22469,17,0,0,0,0,0,0,17
SAL22470,53,0,0,0,0,0,0,56
SAL22471,81,9,0,0,0,0,0,92
SAL22472,5,0,0,0,0,0,0,5
SAL22473,2553,127,61,24,0,3,3,2773
SAL22474,2248,112,42,9,0,0,3,2418
SAL22475,3,0,0,0,0,0,0,8
SAL22476,244,13,15,0,0,0,0,276
SAL22477,5,0,0,0,0,0,0,5
SAL22478,0,0,0,0,0,0,0,0
SAL22479,315,29,22,3,0,0,0,368
SAL22480,13,0,0,0,0,0,0,13
SAL22481,5,0,0,0,0,0,0,5
SAL22482,6,0,0,0,0,0,0,6
SAL22483,2294,107,43,18,0,0,6,2464
SAL22484,1841,106,33,10,0,0,4,1988
SAL22485,3,0,0,0,0,0,0,3
SAL22486,13,4,3,0,0,0,0,17
SAL22487,8,0,0,0,0,0,0,8
SAL22488,183,13,12,0,0,0,0,202
SAL22489,3,0,0,0,0,0,0,3
SAL22490,4,0,0,0,0,0,0,4
SAL22491,0,0,0,0,0,0,0,0
SAL22492,0,0,0,0,0,0,0,0
SAL22493,7,0,0,0,0,0,0,9
SAL22494,10,0,0,0,0,0,0,12
SAL22495,0,0,0,0,0,0,0,0
SAL22496,540,33,22,3,0,0,6,607
SAL22497,0,0,0,0,0,0,0,0
SAL22498,13,3,0,0,0,0,0,22
SAL22499,0,0,0,0,0,0,0,0
SAL22500,4,0,0,0,0,0,0,0
SAL22501,136,7,4,0,0,0,0,148
SAL22502,13,0,0,0,0,0,0,12
SAL22503,0,0,0,0,0,0,0,0
SAL22504,2143,109,44,35,3,0,12,2349
SAL22505,0,0,0,0,0,0,0,0
SAL22506,102,3,3,0,0,0,0,110
SAL22507,13,0,0,0,0,0,0,10
SAL22508,1946,77,28,8,0,0,0,2058
SAL22509,423,23,17,3,0,0,4,460
SAL22510,23,4,0,0,0,0,0,24
SAL22511,46,4,0,0,0,0,0,55
SAL22512,0,0,0,0,0,0,0,4
SAL22513,6,0,0,0,0,0,0,11
SAL22514,20,0,0,0,0,0,0,22
SAL22515,0,0,0,0,0,0,0,0
SAL22516,104,8,4,0,0,0,0,118
SAL22517,12,0,0,0,0,0,0,12
SAL22518,6,0,0,0,0,0,0,10
SAL22519,9,0,0,0,0,0,0,9
SAL22520,3,0,0,0,0,0,0,4
SAL22521,33,0,0,0,0,0,0,38
SAL22522,6,0,0,0,0,0,0,6
SAL22523,8,0,0,0,0,0,0,6
SAL22524,0,0,0,0,0,0,0,0
SAL22525,25,5,0,0,0,0,0,30
SAL22526,40,9,0,0,0,0,0,50
SAL22527,0,0,0,0,0,0,0,0
SAL22528,174,7,13,0,0,0,0,200
SAL22529,0,0,0,0,0,0,0,0
SAL22530,4,0,0,0,0,0,0,4
SAL22531,28,3,0,0,0,0,0,31
SAL22532,0,0,0,0,0,0,0,0
SAL22533,29,3,0,0,0,0,0,33
SAL22534,101,9,10,0,0,0,0,123
SAL22535,12,0,0,0,0,0,0,12
SAL22536,30,0,0,0,0,0,0,32
SAL22537,107,5,0,0,0,0,0,111
SAL22538,19,4,0,0,0,0,0,22
SAL22539,0,0,0,0,0,0,0,0
SAL22540,5,0,0,0,0,0,0,5
SAL22541,14,0,0,0,0,0,0,13
SAL22542,0,0,0,0,0,0,0,0
SAL22543,107,13,15,0,0,0,4,140
SAL22544,41,3,0,0,0,0,0,52
SAL22545,0,0,0,0,0,0,0,0
SAL22546,199,16,8,4,0,0,0,229
SAL22547,1061,54,19,3,0,0,0,1140
SAL22548,38,0,0,3,0,0,3,42
SAL22549,0,0,0,0,0,0,0,0
SAL22550,252,23,17,3,0,0,0,299
SAL22551,2265,150,70,5,0,0,0,2491
SAL22552,0,0,0,0,0,0,0,0
SAL22553,28,0,0,0,0,0,0,32
SAL22554,5,0,0,0,0,0,0,3
SAL22555,0,0,0,0,0,0,0,0
SAL22556,0,0,0,0,0,0,0,0
SAL22557,0,0,0,0,0,0,0,0
SAL22558,9,0,0,0,0,0,0,9
SAL22559,0,0,0,0,0,0,0,0
SAL22560,0,0,0,0,0,0,0,0
SAL22561,0,0,0,0,0,0,0,0
SAL22562,12,0,0,0,0,0,0,12
SAL22563,7,0,0,0,0,0,0,7
SAL22564,7,0,0,0,0,0,0,7
SAL22565,378,47,22,5,0,0,0,459
SAL22566,42,6,0,0,0,0,4,54
SAL22567,27,3,0,0,0,0,0,34
SAL22568,7,0,0,0,0,0,0,7
SAL22569,2307,276,150,17,0,5,17,2766
SAL22570,219,23,3,0,0,0,4,243
SAL22571,66,6,3,0,0,0,0,79
SAL22572,132,7,0,0,0,0,0,134
SAL22573,11,0,0,0,0,0,0,11
SAL22574,7,0,0,0,0,0,0,9
SAL22575,0,0,0,0,0,0,0,0
SAL22576,5,0,0,0,0,0,0,5
SAL22577,95,9,3,5,0,0,0,107
SAL22578,18,4,0,0,0,0,0,17
SAL22579,19,0,0,0,0,0,0,22
SAL22580,19,0,0,0,0,0,0,18
SAL22581,9,0,0,0,0,0,0,8
SAL22582,5444,162,91,87,3,4,14,5805
SAL22583,0,0,0,0,0,0,0,0
SAL22584,41,0,6,0,0,0,0,46
SAL22585,0,0,0,0,0,0,0,0
SAL22586,652,39,17,3,0,0,5,717
SAL22587,33,0,4,0,0,0,0,45
SAL22588,0,0,0,0,0,0,0,0
SAL22589,5,0,0,0,0,0,0,5
SAL22590,0,0,0,0,0,0,0,0
SAL22591,0,0,0,0,0,0,0,0
SAL22592,3,0,0,0,0,0,0,3
SAL22593,7,0,0,0,0,0,0,13
SAL22594,366,45,25,0,0,0,0,435
SAL22595,0,0,0,0,0,0,0,0
SAL22596,94,11,9,0,0,0,0,118
SAL22597,73,3,6,0,0,0,0,77
SAL22598,55,3,5,0,0,0,0,61
SAL22599,53,0,7,0,0,0,0,61
SAL22600,22,3,0,0,0,0,0,27
SAL22601,28,0,0,0,0,0,0,30
SAL22602,24,0,0,0,0,0,0,27
SAL22603,0,0,0,0,0,0,0,0
SAL22604,0,0,0,0,0,0,0,0
SAL22605,0,0,0,0,0,0,0,0
SAL22606,0,0,0,0,0,0,0,0
SAL22607,5,0,0,0,0,0,0,3
SAL22608,10,3,0,0,0,0,0,11
SAL22609,0,0,0,0,0,0,0,0
SAL22610,0,0,0,0,0,0,0,0
SAL22611,39,9,0,0,0,0,0,52
SAL22612,13,0,0,0,0,0,0,15
SAL22613,6,0,0,0,0,0,0,7
SAL22614,392,26,13,3,0,0,5,444
SAL22615,14,0,0,0,0,0,0,15
SAL22616,7,0,0,0,0,0,0,13
SAL22617,37,4,3,0,0,0,0,45
SAL22618,5,0,0,0,0,0,0,5
SAL22619,0,0,0,0,0,0,0,0
SAL22620,897,63,29,3,0,0,0,986
SAL22621,20,4,0,0,0,0,0,27
SAL22622,3,0,0,0,0,0,0,9
SAL22623,4,0,0,0,0,0,0,3
SAL22624,27,3,0,0,0,0,0,29
SAL22625,75,0,0,0,0,0,0,76
SAL22626,46,4,5,0,0,0,4,54
SAL22627,1563,72,20,10,4,0,0,1675
SAL22628,1571,67,28,10,0,0,4,1674
SAL22629,0,0,0,0,0,0,0,6
SAL22630,0,0,0,0,0,0,0,5
SAL22631,0,0,0,0,0,0,0,0
SAL22632,7,0,0,0,0,0,0,6
SAL22633,1046,37,13,0,0,0,0,1103
SAL22634,15,0,0,0,0,0,0,18
SAL22635,46,8,3,0,0,0,0,61
SAL22636,10,0,0,0,0,0,0,10
SAL22637,0,0,0,0,0,0,0,5
SAL22638,3,0,0,0,0,0,0,3
SAL22639,47,3,0,0,0,0,0,54
SAL22640,5,0,0,0,0,0,0,4
SAL22641,0,0,0,0,0,0,0,0
SAL22642,0,0,0,0,0,0,0,0
SAL22643,5,0,0,0,0,0,0,8
SAL22644,96,13,6,0,0,0,0,112
SAL22645,4,0,0,0,0,0,0,4
SAL22646,5,0,0,0,0,0,0,3
SAL22647,3,0,0,0,0,0,0,6
SAL22648,7,0,0,0,0,0,0,7
SAL22649,7,0,0,0,0,0,0,7
SAL22650,89,6,3,0,0,0,0,98
SAL22651,5,0,0,0,0,0,0,5
SAL22652,0,0,0,0,0,0,0,0
SAL22653,3,0,0,0,0,0,0,9
SAL22654,0,0,0,0,0,0,0,0
SAL22655,0,0,0,0,0,0,0,0
SAL22656,22,0,0,0,0,0,0,25
SAL22657,9,0,0,0,0,0,0,15
SAL22658,0,0,0,0,0,0,0,0
SAL22659,0,0,0,0,0,0,0,0
SAL22660,0,0,0,0,0,0,0,0
SAL22661,1840,160,107,20,8,0,8,2142
SAL22662,3,0,0,0,0,0,0,3
SAL22663,188,16,3,0,0,0,0,202
SAL22664,3,0,0,0,0,0,0,3
SAL22665,26,0,0,0,0,0,0,29
SAL22666,12,0,0,0,0,0,0,11
SAL22667,7,0,0,0,0,0,0,10
SAL22668,6,0,0,0,0,0,0,9
SAL22669,301,32,10,0,0,0,0,346
SAL22670,9,0,0,0,0,0,0,10
SAL22671,58,4,4,0,0,0,0,58
SAL22672,44,13,3,0,0,0,0,56
SAL22673,384,37,23,3,0,0,0,447
SAL22674,4,0,0,0,0,0,0,5
SAL22675,13,0,0,0,0,0,0,13
SAL22676,182,8,9,0,0,0,0,199
SAL22677,0,0,0,0,0,0,0,0
SAL22678,20,0,4,0,0,0,0,20
SAL22679,0,0,0,0,0,0,0,0
SAL22680,1498,139,95,11,7,3,20,1771
SAL22681,56,7,4,3,0,0,4,70
SAL22682,3,0,0,0,0,0,0,3
SAL22683,23,0,0,0,0,0,0,29
SAL22684,11,0,0,0,0,0,0,17
SAL22685,1878,115,35,7,5,0,7,2050
SAL22686,2798,153,50,25,0,0,4,3031
SAL22687,21,0,0,0,0,0,0,23
SAL22688,6,0,0,0,0,0,0,6
SAL22689,128,14,8,0,0,0,0,156
SAL22690,6,0,0,0,0,0,0,6
SAL22691,5,0,0,0,0,0,0,5
SAL22692,4,0,0,0,0,0,0,4
SAL22693,11,0,0,0,0,0,0,14
SAL22694,0,0,0,0,0,0,0,0
SAL22695,47,15,4,0,0,0,0,70
SAL22696,5,0,0,0,0,0,0,5
SAL22697,147,13,13,0,0,0,0,172
SAL22698,1853,186,110,26,4,0,10,2185
SAL22699,38,0,4,0,0,0,0,40
SAL22700,4,0,0,0,0,0,0,4
SAL22701,6,0,0,0,0,0,0,9
SAL22702,810,49,16,9,0,0,0,883
SAL22703,109,3,3,0,0,0,0,109
SAL22704,760,39,18,0,0,0,0,815
SAL22705,3,0,0,0,0,0,0,12
SAL22706,10,0,0,0,0,0,0,9
SAL22707,82,4,0,0,0,0,0,90
SAL22708,0,0,0,0,0,0,0,0
SAL22709,13,3,0,0,0,0,0,25
SAL22710,2730,249,108,16,8,0,20,3128
SAL22711,5,0,0,0,0,0,0,5
SAL22712,13,0,0,0,0,0,0,13
SAL22713,5,0,0,0,0,0,0,5
SAL22714,8,0,0,0,0,0,0,8
SAL22715,6,0,0,0,0,0,0,0
SAL22716,6,0,0,0,0,0,0,6
SAL22717,22,0,3,0,0,0,0,27
SAL22718,0,0,0,0,0,0,0,0
SAL22719,8,0,5,0,0,0,0,8
SAL22720,410,23,5,4,0,0,0,441
SAL22721,606,40,23,0,0,0,0,667
SAL22722,503,18,13,3,0,0,0,538
SAL22723,10,0,0,0,0,0,0,10
SAL22724,31,0,3,0,0,0,0,36
SAL22725,0,0,0,0,0,0,0,0
SAL22726,17,0,0,0,0,0,0,17
SAL22727,252,20,6,8,0,0,0,289
SAL22728,0,0,0,0,0,0,0,0
SAL22729,27,0,3,0,0,0,0,29
SAL22730,541,29,20,5,0,0,3,597
SAL22731,0,0,0,0,0,0,0,4
SAL22732,4,0,0,0,0,0,0,4
SAL22733,49,7,6,0,0,0,0,64
SAL22734,0,0,0,0,0,0,0,0
SAL22735,0,0,0,0,0,0,0,0
SAL22736,5,0,0,0,0,0,0,5
SAL22737,6,0,0,0,0,0,0,6
SAL22738,14,0,0,0,0,0,0,17
SAL22739,0,0,0,0,0,0,0,5
SAL22740,514,43,35,16,0,0,0,608
SAL22741,13,5,0,0,0,0,0,18
SAL22742,13,0,0,0,0,0,0,18
SAL22743,25,4,0,0,0,0,0,30
SAL22744,9,0,0,0,0,0,0,11
SAL22745,546,69,61,8,5,0,3,691
SAL22746,10,4,0,0,0,0,0,15
SAL22747,0,0,0,0,0,0,0,0
SAL22748,6,0,0,0,0,0,0,6
SAL22749,4,0,0,0,0,0,0,7
SAL22750,5406,445,222,54,7,0,25,6158
SAL22751,219,18,14,0,0,0,3,249
SAL22752,9,0,0,0,0,0,0,10
SAL22753,104,9,9,3,0,0,0,122
SAL22754,26,4,0,0,0,0,0,35
SAL22755,11,4,0,0,0,0,0,15
SAL22756,1208,54,23,4,0,0,5,1297
SAL22757,395,25,9,0,0,0,0,433
SAL22758,1259,146,89,18,0,3,8,1522
SAL22759,17,0,0,0,0,0,0,17
SAL22760,4,0,0,0,0,0,0,4
SAL22761,643,41,28,9,0,0,0,725
SAL22762,5,0,0,0,0,0,0,6
SAL22763,7,0,0,0,0,0,0,9
SAL22764,61,4,4,0,0,0,0,64
SAL22765,18,0,0,0,0,0,0,15
SAL22766,2686,91,36,25,0,0,3,2838
SAL22767,0,0,0,0,0,0,0,0
SAL22768,0,0,0,0,0,0,0,3
SAL22769,302,33,19,5,0,0,4,363
SAL22770,34,5,0,0,0,0,0,42
SAL22771,0,0,0,0,0,0,0,8
SAL22772,11,0,0,0,0,0,0,11
SAL22773,0,0,0,0,0,0,0,0
SAL22774,201,37,11,6,0,0,0,255
SAL22775,652,57,27,7,0,0,3,742
SAL22776,4,0,0,0,0,0,0,4
SAL22777,37,0,0,0,0,0,0,41
SAL22778,12,0,0,0,0,0,0,12
SAL22779,11,0,0,0,0,0,0,11
SAL22780,0,0,0,0,0,0,0,0
SAL22781,15,0,0,0,0,0,0,15
SAL22782,15,0,0,0,0,0,0,15
SAL22783,3,0,0,0,0,0,0,3
SAL22784,23,0,0,0,0,0,0,21
SAL22785,6,0,0,0,0,0,0,6
SAL22786,3,0,0,0,0,0,0,3
SAL22787,5,0,0,0,0,0,0,7
SAL22788,35,0,0,0,0,0,0,35
SAL22789,7,0,0,0,0,0,0,7
SAL22790,0,0,0,0,0,0,0,0
SAL22791,1386,53,22,21,5,0,3,1484
SAL22792,1846,107,31,4,0,0,8,2000
SAL22793,174,11,4,0,0,0,0,195
SAL22794,68,5,0,0,0,0,0,81
SAL22795,21,0,5,0,0,0,0,29
SAL22796,0,0,0,0,0,0,0,0
SAL22797,11,0,0,0,0,0,0,11
SAL22798,18,0,3,0,0,0,0,18
SAL22799,6,0,0,0,0,0,0,6
SAL22800,0,0,0,0,0,0,0,0
SAL22801,36,3,3,0,0,0,0,47
SAL22802,230,30,7,0,0,0,0,269
SAL22803,22,0,0,0,0,0,0,22
SAL22804,6,0,0,0,0,0,0,6
SAL22805,339,29,10,0,0,0,0,373
SAL22806,0,0,0,0,0,0,0,0
SAL22807,0,0,0,0,0,0,0,0
SAL22808,0,0,0,0,0,0,0,3
SAL22809,0,0,0,0,0,0,0,0
SAL22810,0,0,0,0,0,0,0,0
SAL22811,3,0,0,0,0,0,0,3
SAL22812,9,0,3,0,0,0,0,14
SAL22813,44,3,8,0,0,0,0,60
SAL22814,387,42,33,9,0,0,0,471
SAL22815,12,0,0,0,0,0,0,12
SAL22816,0,0,0,0,0,0,0,0
SAL22817,0,0,0,0,0,0,0,0
SAL22818,15,0,0,0,0,0,0,21
SAL22819,1667,179,109,24,0,0,14,2000
SAL22820,3816,150,76,53,0,0,5,4107
SAL22821,0,0,0,0,0,0,0,0
SAL22822,0,0,0,0,0,0,0,0
SAL22823,14,0,0,0,0,0,0,14
SAL22824,3,0,0,0,0,0,0,3
SAL22825,547,31,11,6,0,0,0,602
SAL22826,0,0,0,0,0,0,0,0
SAL22827,0,0,0,0,0,0,0,0
SAL22828,0,0,0,0,0,0,0,0
SAL22829,310,27,19,0,0,0,0,360
SAL22830,11,0,0,0,0,0,0,13
SAL22831,6,0,0,0,0,0,0,6
SAL22832,7,0,0,0,0,0,0,7
SAL22833,771,58,28,8,0,0,0,864
SAL22834,45,3,0,0,0,0,0,43
SAL22835,4,0,0,0,0,0,0,3
SAL22836,63,3,3,0,0,0,0,69
SAL22837,3,0,0,0,0,0,0,5
SAL22838,0,0,0,0,0,0,0,4
SAL22839,12,0,0,0,0,0,0,19
SAL22840,0,0,0,0,0,0,0,0
SAL22841,23,0,5,0,0,0,0,27
SAL22842,7,0,0,0,0,0,0,8
SAL22843,16,0,0,0,0,0,0,16
SAL22844,6,0,0,0,0,0,0,6
SAL22845,11,0,0,0,0,0,0,10
SAL22846,60,9,6,0,0,0,0,70
SAL22847,8,0,0,0,0,0,0,8
SAL22848,28,0,0,0,0,0,0,25
SAL22849,0,0,0,0,0,0,0,0
SAL22850,0,0,0,0,0,0,0,0
SAL22851,33,0,4,0,0,0,0,32
SAL22852,11,0,0,0,0,0,0,11
SAL22853,41,0,0,0,0,0,0,48
SAL22854,8,0,0,0,0,0,0,8
SAL22855,0,0,0,0,0,0,0,4
SAL22856,9,0,0,0,0,0,0,13
SAL22857,315,30,22,4,0,0,6,382
SAL22858,26,0,0,0,0,0,0,23
SAL22859,8,0,0,0,0,0,0,7
SAL22860,44,0,0,0,0,0,0,43
SAL22861,15,0,5,0,0,0,0,18
SAL22862,3,0,0,0,0,0,0,3
SAL22863,0,0,0,0,0,0,0,0
SAL22864,3,0,0,0,0,0,0,6
SAL22865,0,0,0,0,0,0,0,0
SAL22866,0,0,0,0,0,0,0,0
SAL22867,0,0,0,0,0,0,0,0
SAL22868,0,0,0,0,0,0,0,0
SAL22869,7,0,0,0,0,0,0,11
SAL22870,0,0,0,0,0,0,0,0
SAL22871,0,0,0,0,0,0,0,0
SAL22872,0,0,0,0,0,0,0,0
SAL22873,22,6,4,0,0,0,0,31
SAL22874,13,4,0,0,0,0,0,15
SAL22875,128,7,8,0,0,0,0,143
SAL22876,202,20,11,0,0,0,0,232
SAL22877,43,0,3,0,0,0,0,49
SAL22878,0,0,0,0,0,0,0,0
SAL22879,3,0,0,0,0,0,0,3
SAL22880,0,0,0,0,0,0,0,0
SAL22881,3,0,0,0,0,0,0,4
SAL22882,4,0,0,0,0,0,0,4
SAL22883,2518,163,102,51,9,3,12,2856
SAL22884,27,3,6,0,0,0,0,32
SAL22885,13,0,0,0,0,0,0,13
SAL22886,3,0,0,0,0,0,0,3
SAL22887,9,0,0,0,0,0,0,10
SAL22888,0,0,0,0,0,0,0,0
SAL22889,204,17,8,0,0,0,0,223
SAL22890,26,0,0,0,0,0,0,27
SAL22891,0,0,0,0,0,0,0,0
SAL22892,590,22,16,5,0,0,0,630
SAL22893,11,0,0,0,0,0,0,18
SAL22894,128,19,12,0,0,0,3,158
SAL22895,0,0,0,0,0,0,0,0
SAL22896,22,0,0,0,0,0,0,21
SAL22897,12,8,0,0,0,0,0,14
SAL22898,25,0,3,0,0,0,0,32
SAL22899,3,0,0,0,0,0,0,9
SAL22900,23,0,4,0,0,0,0,21
SAL22901,5,0,0,0,0,0,0,5
SAL22902,12,0,0,0,0,0,0,22
SAL22903,3,0,0,0,0,0,0,3
SAL22904,15,4,0,0,0,0,0,15
SAL22905,0,0,0,0,0,0,0,0
SAL22906,28,3,0,0,0,0,0,35
SAL22907,29,0,0,0,0,0,0,29
SAL22908,15,0,0,0,0,0,0,25
SAL22909,8,0,0,0,0,0,0,8
SAL22910,365,31,14,0,0,0,0,406
SAL22911,270,20,16,6,0,0,0,319
SAL22912,3,0,0,0,0,0,0,3
SAL22913,167,8,18,0,0,0,0,193
SAL22914,14,0,0,0,0,0,0,15
SAL22915,129,19,9,0,0,0,0,158
SAL22916,239,10,3,0,0,0,0,257
SAL22917,1898,95,17,5,0,0,4,2016
SAL22918,8,0,0,0,0,0,0,13
SAL22919,613,68,41,12,0,0,0,742
SAL22920,0,0,0,0,0,0,0,0
SAL22921,53,3,0,0,0,0,0,61
SAL22922,7,0,0,0,0,0,0,10
SAL22923,0,0,0,0,0,0,0,0
SAL22924,112,16,10,0,0,0,0,134
SAL22925,72,9,3,0,0,0,0,81
SAL22926,36,0,0,0,0,0,0,35
SAL22927,41,0,0,0,0,0,0,39
SAL22928,16,0,0,0,0,0,0,14
SAL22929,17,0,0,0,0,0,0,17
SAL22930,17,0,0,0,0,0,0,18
SAL22931,0,0,0,0,0,0,0,0
SAL22932,0,0,0,0,0,0,0,0
SAL22933,13,0,0,0,0,0,0,13
SAL22934,100,14,4,0,0,0,0,120
SAL22935,74,9,0,0,0,0,3,83
SAL22936,0,0,0,0,0,0,0,0
SAL22937,4,0,0,0,0,0,0,4
SAL22938,0,0,0,0,0,0,0,0
SAL22939,15,0,3,0,0,0,0,18
SAL22940,5,0,0,0,0,0,0,5
SAL22941,7,3,0,0,0,0,0,12
SAL22942,0,0,0,0,0,0,0,0
SAL22943,19,3,0,0,0,0,0,21
SAL22944,0,0,0,0,0,0,0,0
SAL29494,0,0,0,0,0,0,0,0
SAL29797,0,0,0,0,0,0,0,0
