SAL_CODE_2021,P_Tot_55_64,P_Tot_65_74,P_Tot_75_84,P_Tot_85ov,P_Tot_Tot
SAL20001,3,0,0,0,3
SAL20002,510,333,142,30,6776
SAL20003,440,237,77,39,2172
SAL20004,0,0,0,0,4
SAL20005,19,13,10,0,85
SAL20006,0,0,0,0,0
SAL20007,7,0,0,0,37
SAL20008,6,7,3,0,32
SAL20009,11,4,0,0,30
SAL20010,6,5,8,0,39
SAL20011,147,72,17,3,3952
SAL20012,0,0,0,0,0
SAL20013,183,174,51,19,685
SAL20014,22,11,4,0,78
SAL20015,491,344,163,66,4108
SAL20016,0,0,0,0,0
SAL20017,250,220,80,9,2081
SAL20018,669,512,261,55,3668
SAL20019,26,33,8,4,138
SAL20020,5,11,0,0,35
SAL20021,214,156,74,12,2298
SAL20022,246,270,113,45,1365
SAL20023,764,533,258,57,5701
SAL20024,5,7,0,0,14
SAL20025,3,6,4,0,46
SAL20026,13,6,0,3,36
SAL20027,31,21,9,0,173
SAL20028,116,89,28,6,662
SAL20029,19,10,6,4,101
SAL20030,13,17,0,0,81
SAL20031,18,22,8,4,102
SAL20032,0,0,0,0,11
SAL20033,6,10,5,0,39
SAL20034,637,365,104,29,3637
SAL20035,851,578,303,126,6205
SAL20036,1301,827,255,76,8647
SAL20037,514,293,246,117,5771
SAL20038,23,7,6,0,72
SAL20039,4,3,3,0,25
SAL20040,0,0,0,0,0
SAL20041,20,32,18,0,116
SAL20042,74,49,8,0,371
SAL20043,13,16,3,0,51
SAL20044,0,3,0,0,14
SAL20045,4,9,0,0,22
SAL20046,412,487,217,56,2061
SAL20047,3,0,3,0,13
SAL20048,3,0,0,0,20
SAL20049,194,210,84,27,995
SAL20050,0,0,0,0,4
SAL20051,8,6,0,0,21
SAL20052,41,27,9,0,158
SAL20053,634,490,268,90,3595
SAL20054,22,5,4,0,53
SAL20055,0,0,0,0,0
SAL20056,18,15,0,0,99
SAL20057,10,8,4,0,51
SAL20058,3,0,0,0,11
SAL20059,0,0,0,0,6
SAL20060,6,0,4,0,12
SAL20061,9,5,0,0,21
SAL20062,130,99,46,17,1525
SAL20063,31,30,10,0,209
SAL20064,4,0,0,0,8
SAL20065,25,22,16,5,125
SAL20066,738,684,416,115,6369
SAL20067,19,6,4,0,55
SAL20068,397,260,95,23,5916
SAL20069,3,4,0,0,25
SAL20070,0,5,0,0,9
SAL20071,62,44,25,9,270
SAL20072,59,37,19,4,250
SAL20073,14,5,3,0,48
SAL20074,184,118,44,3,1187
SAL20075,1212,693,257,68,8968
SAL20076,37,28,7,0,154
SAL20077,826,503,254,122,4567
SAL20078,554,377,205,111,4059
SAL20079,660,377,190,57,3854
SAL20080,582,302,180,74,3217
SAL20081,15,4,3,0,71
SAL20082,309,129,47,5,1523
SAL20083,0,0,0,0,3
SAL20084,0,0,3,0,5
SAL20085,22,7,10,0,109
SAL20086,107,103,48,12,574
SAL20087,88,141,43,20,606
SAL20088,0,0,0,0,6
SAL20089,743,620,401,180,5785
SAL20090,4,3,7,0,19
SAL20091,83,42,20,6,439
SAL20092,55,29,14,0,237
SAL20093,81,65,15,3,484
SAL20094,0,0,3,0,13
SAL20095,476,456,269,55,3759
SAL20096,41,36,6,0,163
SAL20097,141,123,26,4,756
SAL20098,0,0,0,0,3
SAL20099,47,19,9,3,181
SAL20100,4,3,0,0,18
SAL20101,6,3,4,0,26
SAL20102,15,14,4,4,69
SAL20103,563,518,350,165,3689
SAL20104,13,8,4,0,97
SAL20105,366,267,98,32,3662
SAL20106,5,5,0,0,47
SAL20107,3,3,0,0,24
SAL20108,298,205,99,34,1652
SAL20109,8,0,0,0,34
SAL20110,0,0,0,0,7
SAL20111,517,397,175,75,3231
SAL20112,404,422,235,174,3138
SAL20113,322,228,140,71,2011
SAL20114,15,11,3,0,56
SAL20115,20,16,3,0,133
SAL20116,17,21,5,0,97
SAL20117,5,4,0,0,32
SAL20118,15,11,10,0,74
SAL20119,28,20,11,7,133
SAL20120,272,243,121,36,1395
SAL20121,56,73,51,17,292
SAL20122,6,0,0,0,8
SAL20123,1315,1001,582,273,7985
SAL20124,2298,1368,731,282,11939
SAL20125,43,34,13,0,217
SAL20126,20,15,8,0,139
SAL20127,23,14,3,0,63
SAL20128,7,0,6,0,23
SAL20129,25,11,8,0,366
SAL20130,4,4,3,0,31
SAL20131,32,94,78,30,319
SAL20132,7,0,0,0,32
SAL20133,344,265,138,64,3048
SAL20134,0,0,0,0,9
SAL20135,5,0,0,0,16
SAL20136,215,140,98,57,1529
SAL20137,14,12,0,0,52
SAL20138,18,16,14,0,93
SAL20139,0,4,0,0,8
SAL20140,23,25,5,0,85
SAL20141,74,53,20,9,292
SAL20142,6,4,5,0,26
SAL20143,6,0,0,0,25
SAL20144,20,20,10,0,103
SAL20145,0,6,0,0,10
SAL20146,98,61,24,3,500
SAL20147,22,20,4,3,96
SAL20148,17,6,6,3,76
SAL20149,56,40,17,0,247
SAL20150,37,16,21,5,146
SAL20151,34,22,8,4,144
SAL20152,5,0,0,0,8
SAL20153,0,4,0,0,11
SAL20154,4,3,0,0,19
SAL20155,0,0,0,0,5
SAL20156,9,4,0,0,24
SAL20157,4,9,0,0,14
SAL20158,0,0,0,0,5
SAL20159,4,4,4,0,42
SAL20160,42,29,11,0,138
SAL20161,13,13,4,4,82
SAL20162,491,477,199,55,2590
SAL20163,4,0,0,0,10
SAL20164,41,36,12,0,200
SAL20165,99,52,18,3,560
SAL20166,0,3,0,0,33
SAL20167,0,0,0,0,0
SAL20168,3,3,0,0,21
SAL20169,183,95,63,12,1061
SAL20170,0,0,3,0,12
SAL20171,28,26,14,0,194
SAL20172,18,15,6,0,62
SAL20173,735,531,346,197,6489
SAL20174,590,376,208,182,4649
SAL20175,592,273,124,34,3538
SAL20176,331,181,66,19,1554
SAL20177,22,18,10,0,92
SAL20178,13,17,10,0,66
SAL20179,3,0,0,0,26
SAL20180,3,0,0,0,19
SAL20181,139,138,62,24,773
SAL20182,1654,1185,646,217,7901
SAL20183,9,0,3,0,14
SAL20184,36,40,3,3,181
SAL20185,20,7,0,0,80
SAL20186,462,453,185,57,2410
SAL20187,0,3,0,0,7
SAL20188,352,221,58,15,2217
SAL20189,131,102,30,0,772
SAL20190,180,148,43,5,896
SAL20191,334,265,130,50,2575
SAL20192,323,276,149,43,2375
SAL20193,28,29,7,3,116
SAL20194,0,3,0,0,3
SAL20195,125,113,118,64,784
SAL20196,57,36,14,0,224
SAL20197,16,10,0,0,41
SAL20198,114,79,23,5,1038
SAL20199,0,0,0,0,0
SAL20200,21,23,7,0,97
SAL20201,1006,855,448,229,8428
SAL20202,11,19,5,4,48
SAL20203,43,29,3,3,158
SAL20204,967,885,556,210,5333
SAL20205,14,22,9,5,82
SAL20206,9,0,3,0,32
SAL20207,34,45,10,0,158
SAL20208,553,443,189,79,3208
SAL20209,18,16,5,0,51
SAL20210,13,11,0,0,47
SAL20211,4,10,0,0,26
SAL20212,13,6,4,0,71
SAL20213,5,7,0,0,23
SAL20214,1652,966,431,155,10418
SAL20215,2378,1442,600,283,16172
SAL20216,0,0,0,0,3
SAL20217,17,10,5,0,80
SAL20218,9,6,0,0,29
SAL20219,22,15,6,0,102
SAL20220,7,7,3,5,22
SAL20221,14,11,0,5,73
SAL20222,5,3,0,0,22
SAL20223,20,18,13,0,99
SAL20224,3501,2044,1106,388,25054
SAL20225,5,10,0,0,51
SAL20226,10,17,8,0,66
SAL20227,13,8,5,3,50
SAL20228,0,0,0,0,7
SAL20229,75,36,17,4,275
SAL20230,8,5,3,0,37
SAL20231,36,24,11,0,133
SAL20232,35,23,4,0,162
SAL20233,199,108,27,4,2117
SAL20234,0,0,0,0,0
SAL20235,21,5,12,0,127
SAL20236,6,5,8,0,26
SAL20237,9,0,5,4,34
SAL20238,8,6,4,0,26
SAL20239,0,0,0,0,0
SAL20240,0,0,0,0,7
SAL20241,3,5,3,0,28
SAL20242,12,9,0,0,55
SAL20243,0,0,0,0,0
SAL20244,52,44,24,7,320
SAL20245,0,0,0,0,5
SAL20246,63,31,11,5,341
SAL20247,104,87,18,5,496
SAL20248,418,322,158,24,2128
SAL20249,176,141,43,16,1137
SAL20250,49,32,12,0,176
SAL20251,789,644,338,120,3785
SAL20252,1393,922,544,285,8746
SAL20253,601,311,204,81,4050
SAL20254,869,624,384,204,5983
SAL20255,11,0,0,0,25
SAL20256,43,24,11,0,223
SAL20257,342,453,219,50,1689
SAL20258,0,0,6,0,19
SAL20259,27,34,0,0,144
SAL20260,91,61,30,6,588
SAL20261,15,9,3,0,52
SAL20262,3,5,0,0,11
SAL20263,12,6,0,0,45
SAL20264,11,4,4,0,36
SAL20265,0,0,0,0,8
SAL20266,10,19,6,0,57
SAL20267,9,13,4,5,53
SAL20268,0,3,0,0,12
SAL20269,0,0,0,0,8
SAL20270,18,22,7,0,136
SAL20271,0,0,0,0,0
SAL20272,27,13,0,0,88
SAL20273,0,0,0,0,7
SAL20274,84,51,20,0,319
SAL20275,5,3,0,0,27
SAL20276,14,9,8,0,63
SAL20277,9,4,0,0,28
SAL20278,567,424,193,82,3819
SAL20279,46,45,7,0,320
SAL20280,41,29,13,6,170
SAL20281,0,4,0,0,24
SAL20282,24,10,5,4,154
SAL20283,74,76,25,0,354
SAL20284,46,18,3,0,475
SAL20285,18,12,5,0,73
SAL20286,0,0,0,0,0
SAL20287,0,4,0,0,5
SAL20288,152,92,43,4,585
SAL20289,18,14,0,5,69
SAL20290,0,0,0,0,8
SAL20291,6,0,0,0,19
SAL20292,0,0,0,0,8
SAL20293,4,0,0,0,11
SAL20294,11,10,3,0,61
SAL20295,11,10,6,0,62
SAL20296,0,0,0,0,5
SAL20297,4,8,0,0,35
SAL20298,24,20,7,0,93
SAL20299,10,8,0,0,33
SAL20300,98,85,44,37,456
SAL20301,10,3,3,0,52
SAL20302,5,3,3,0,37
SAL20303,9,0,0,0,19
SAL20304,1563,1267,646,204,12414
SAL20305,0,5,0,0,26
SAL20306,10,3,7,0,43
SAL20307,310,153,31,3,3136
SAL20308,28,15,0,0,76
SAL20309,13,19,7,0,99
SAL20310,3,5,0,0,24
SAL20311,5,8,0,0,27
SAL20312,16,8,0,0,55
SAL20313,0,0,0,0,11
SAL20314,771,572,393,299,8946
SAL20315,976,568,292,91,6984
SAL20316,785,469,218,92,4947
SAL20317,0,0,0,0,10
SAL20318,0,0,0,0,3
SAL20319,7,0,0,0,11
SAL20320,3,0,0,3,23
SAL20321,6,9,4,0,48
SAL20322,33,22,8,0,148
SAL20323,4,0,0,0,6
SAL20324,390,253,75,27,4528
SAL20325,0,0,0,0,18
SAL20326,70,46,29,6,543
SAL20327,14,24,17,0,103
SAL20328,3,3,0,0,18
SAL20329,7,3,0,0,21
SAL20330,128,115,17,3,594
SAL20331,247,241,130,26,1802
SAL20332,11,7,3,4,63
SAL20333,7,12,5,0,53
SAL20334,11,0,0,0,26
SAL20335,39,28,18,5,172
SAL20336,270,243,149,40,1529
SAL20337,2744,2155,1314,578,14168
SAL20338,1707,1166,738,517,9492
SAL20339,20,10,0,0,67
SAL20340,3,0,0,0,3
SAL20341,16,0,0,0,35
SAL20342,5,3,0,0,37
SAL20343,0,0,0,0,4
SAL20344,7,0,0,0,20
SAL20345,314,212,89,29,2029
SAL20346,460,242,116,47,5122
SAL20347,8,4,0,0,37
SAL20348,0,3,0,0,7
SAL20349,7,0,0,0,24
SAL20350,8,0,0,0,18
SAL20351,427,320,141,41,4460
SAL20352,109,55,14,11,1123
SAL20353,0,0,3,0,8
SAL20354,24,21,8,0,115
SAL20355,7,0,0,0,17
SAL20356,350,220,80,13,2275
SAL20357,18,10,5,0,49
SAL20358,9,14,5,0,53
SAL20359,13,3,9,5,70
SAL20360,0,0,0,0,0
SAL20361,1521,867,295,90,16952
SAL20362,710,382,133,36,9580
SAL20363,945,565,209,86,9410
SAL20364,94,49,25,7,416
SAL20365,19,5,0,0,43
SAL20366,20,20,9,0,110
SAL20367,4,6,3,0,40
SAL20368,20,8,3,0,81
SAL20369,25,10,10,0,118
SAL20370,3,0,0,0,7
SAL20371,7,3,0,0,24
SAL20372,0,0,0,0,0
SAL20373,15,9,4,0,75
SAL20374,0,0,0,0,0
SAL20375,29,21,7,4,139
SAL20376,35,34,9,0,161
SAL20377,3,4,0,0,45
SAL20378,4,0,0,0,3
SAL20379,0,0,0,0,0
SAL20380,0,0,0,0,10
SAL20381,59,41,13,5,315
SAL20382,0,0,0,0,12
SAL20383,5,10,3,0,32
SAL20384,9,11,6,0,54
SAL20385,9,7,3,0,22
SAL20386,974,585,407,136,5927
SAL20387,83,48,18,7,381
SAL20388,6,5,4,5,36
SAL20389,3,0,0,0,15
SAL20390,46,35,9,0,262
SAL20391,32,18,5,0,107
SAL20392,12,8,5,0,51
SAL20393,28,16,6,0,144
SAL20394,19,11,5,0,110
SAL20395,72,44,14,0,278
SAL20396,5,4,0,0,28
SAL20397,0,0,0,0,0
SAL20398,3,5,3,0,33
SAL20399,1890,1161,671,265,14445
SAL20400,11,13,6,0,33
SAL20401,5,4,0,0,31
SAL20402,3,5,0,0,22
SAL20403,14,3,4,0,45
SAL20404,22,14,16,0,148
SAL20405,4,0,0,0,20
SAL20406,4,5,0,0,25
SAL20407,0,0,0,0,0
SAL20408,0,0,0,0,10
SAL20409,390,360,129,29,2050
SAL20410,39,24,7,0,138
SAL20411,234,128,97,32,1444
SAL20412,9,6,5,0,48
SAL20413,0,0,0,0,0
SAL20414,0,0,0,0,0
SAL20415,3,4,0,0,14
SAL20416,4,7,0,0,22
SAL20417,5,0,0,0,18
SAL20418,41,33,11,3,567
SAL20419,326,192,122,105,2540
SAL20420,251,99,22,4,2712
SAL20421,3,0,4,0,10
SAL20422,18,7,4,0,124
SAL20423,0,3,0,0,11
SAL20424,0,6,4,0,12
SAL20425,24,35,9,0,121
SAL20426,1044,648,412,256,9024
SAL20427,810,553,453,131,6014
SAL20428,51,43,4,0,290
SAL20429,4,5,0,0,25
SAL20430,0,0,0,0,3
SAL20431,79,73,22,15,349
SAL20432,13,16,4,0,69
SAL20433,13,9,8,0,67
SAL20434,24,17,0,0,83
SAL20435,22,7,3,0,62
SAL20436,15,11,4,0,67
SAL20437,54,26,3,0,230
SAL20438,3,4,0,0,6
SAL20439,4,8,3,0,34
SAL20440,4,4,0,0,17
SAL20441,487,248,66,11,4085
SAL20442,0,0,0,0,0
SAL20443,12,5,11,0,81
SAL20444,295,202,105,49,1870
SAL20445,3,11,0,0,67
SAL20446,5,4,0,0,20
SAL20447,36,25,6,3,201
SAL20448,3,0,0,0,19
SAL20449,3,5,0,0,7
SAL20450,0,0,0,0,15
SAL20451,18,13,6,0,91
SAL20452,0,0,0,0,0
SAL20453,2372,1751,981,565,13597
SAL20454,10,15,6,0,127
SAL20455,189,120,77,9,1661
SAL20456,4,0,0,0,8
SAL20457,189,168,71,17,1071
SAL20458,4,4,0,0,21
SAL20459,0,0,0,0,16
SAL20460,247,255,151,55,1521
SAL20461,255,251,102,74,2141
SAL20462,0,0,0,0,0
SAL20463,16,4,0,0,50
SAL20464,28,8,10,4,92
SAL20465,0,0,0,0,9
SAL20466,63,37,18,4,330
SAL20467,0,4,3,0,21
SAL20468,908,730,429,195,4757
SAL20469,36,17,4,0,94
SAL20470,16,10,8,0,65
SAL20471,0,0,0,0,3
SAL20472,8,9,0,0,18
SAL20473,169,157,49,12,689
SAL20474,92,88,24,10,343
SAL20475,252,186,52,15,1314
SAL20476,303,414,391,323,2532
SAL20477,3,3,3,0,28
SAL20478,3,8,5,0,30
SAL20479,0,0,0,0,0
SAL20480,23,21,8,0,117
SAL20481,8,5,3,0,31
SAL20482,0,9,4,0,18
SAL20483,4,8,0,0,33
SAL20484,11,9,0,0,46
SAL20485,87,29,10,0,470
SAL20486,50,34,8,4,429
SAL20487,31,24,8,0,163
SAL20488,63,30,9,0,343
SAL20489,0,4,0,0,22
SAL20490,0,3,0,0,9
SAL20491,0,0,3,0,12
SAL20492,95,102,35,0,527
SAL20493,18,12,6,0,81
SAL20494,47,28,14,0,219
SAL20495,573,499,312,139,11147
SAL20496,496,413,184,42,4476
SAL20497,13,6,0,0,32
SAL20498,1335,899,489,239,11707
SAL20499,19,18,3,0,93
SAL20500,1254,606,210,36,11285
SAL20501,10,5,0,0,50
SAL20502,17,9,3,0,49
SAL20503,15,13,3,3,62
SAL20504,5,5,0,0,25
SAL20505,3,3,0,0,19
SAL20506,0,0,0,0,8
SAL20507,374,235,96,27,2321
SAL20508,1284,776,352,190,10346
SAL20509,3,6,0,0,28
SAL20510,23,14,8,0,87
SAL20511,6,0,6,0,12
SAL20512,33,22,0,0,152
SAL20513,164,144,84,33,729
SAL20514,8,5,0,0,51
SAL20515,16,7,3,0,62
SAL20516,754,823,543,272,4327
SAL20517,23,10,4,3,116
SAL20518,9,17,4,0,64
SAL20519,0,0,0,0,16
SAL20520,0,0,0,0,9
SAL20521,473,501,241,181,3559
SAL20522,98,82,19,5,837
SAL20523,1357,1407,564,307,10827
SAL20524,1181,991,415,183,7407
SAL20525,17,3,3,0,32
SAL20526,37,36,14,5,190
SAL20527,35,10,7,0,140
SAL20528,571,352,169,49,5621
SAL20529,0,0,0,0,0
SAL20530,0,0,0,0,0
SAL20531,4,9,0,0,21
SAL20532,6,0,0,0,15
SAL20533,116,39,21,15,1457
SAL20534,6,7,0,0,47
SAL20535,106,104,50,35,517
SAL20536,3,0,0,0,20
SAL20537,621,437,222,131,4649
SAL20538,372,262,126,41,2639
SAL20539,1775,1158,641,396,13121
SAL20540,4,6,4,0,28
SAL20541,8,5,4,0,43
SAL20542,0,0,0,0,0
SAL20543,20,23,0,0,105
SAL20544,0,0,0,0,0
SAL20545,12,18,0,0,103
SAL20546,6,11,4,0,33
SAL20547,93,84,31,10,464
SAL20548,9,12,0,0,41
SAL20549,10,11,3,0,35
SAL20550,0,0,0,0,4
SAL20551,170,129,74,10,806
SAL20552,12,3,0,0,41
SAL20553,0,0,0,0,0
SAL20554,3,0,0,0,8
SAL20555,14,4,0,0,57
SAL20556,859,626,350,64,5918
SAL20557,0,0,0,0,5
SAL20558,0,3,0,0,26
SAL20559,64,22,6,0,206
SAL20560,115,98,30,10,547
SAL20561,379,303,145,20,2248
SAL20562,0,0,0,0,0
SAL20563,0,0,0,0,5
SAL20564,19,11,6,0,77
SAL20565,0,4,3,0,16
SAL20566,518,410,214,133,3640
SAL20567,30,10,5,0,137
SAL20568,5,3,0,0,30
SAL20569,638,399,268,240,11902
SAL20570,584,381,187,56,7016
SAL20571,12,3,0,0,34
SAL20572,31,15,13,7,187
SAL20573,36,9,3,0,119
SAL20574,580,492,146,25,4462
SAL20575,711,710,313,69,3906
SAL20576,39,26,18,0,186
SAL20577,4,0,0,0,7
SAL20578,29,12,4,0,91
SAL20579,0,4,0,0,15
SAL20580,199,165,73,13,915
SAL20581,305,133,36,10,5694
SAL20582,884,474,199,26,15379
SAL20583,11,0,0,0,62
SAL20584,9,16,0,0,41
SAL20585,12,0,0,0,33
SAL20586,23,19,6,0,112
SAL20587,10,10,0,0,63
SAL20588,0,0,0,0,0
SAL20589,0,0,0,0,0
SAL20590,71,27,0,0,1679
SAL20591,138,100,77,33,758
SAL20592,350,394,224,86,2435
SAL20593,28,11,6,0,108
SAL20594,12,5,0,5,31
SAL20595,8,3,4,0,32
SAL20596,1731,929,291,95,15099
SAL20597,491,243,135,103,4557
SAL20598,0,0,0,0,0
SAL20599,0,0,0,0,3
SAL20600,369,196,53,14,2206
SAL20601,0,0,0,0,0
SAL20602,4,3,0,0,25
SAL20603,5,8,6,0,46
SAL20604,172,198,100,38,1021
SAL20605,37,38,9,0,210
SAL20606,0,0,0,0,0
SAL20607,535,555,306,135,3853
SAL20608,7,6,0,0,28
SAL20609,8,17,9,0,86
SAL20610,3,5,4,0,41
SAL20611,27,16,14,0,133
SAL20612,4,7,6,0,24
SAL20613,163,114,59,10,1063
SAL20614,110,80,38,20,469
SAL20615,29,13,0,0,115
SAL20616,458,244,87,17,6517
SAL20617,0,0,0,0,0
SAL20618,25,12,6,0,82
SAL20619,11,7,0,0,61
SAL20620,63,29,6,0,277
SAL20621,131,117,37,7,542
SAL20622,3,0,0,0,11
SAL20623,5,6,0,0,21
SAL20624,105,74,59,30,1059
SAL20625,15,3,5,0,49
SAL20626,20,0,0,0,78
SAL20627,30,21,9,0,162
SAL20628,34,33,12,3,120
SAL20629,4,0,0,0,18
SAL20630,3,0,4,0,12
SAL20631,35,16,6,0,159
SAL20632,7,0,0,0,23
SAL20633,13,16,6,0,93
SAL20634,3,0,0,0,16
SAL20635,3,0,0,0,6
SAL20636,14,13,5,0,69
SAL20637,14,12,0,0,44
SAL20638,8,16,0,0,67
SAL20639,144,139,47,10,617
SAL20640,764,547,256,66,5756
SAL20641,8,5,0,0,20
SAL20642,9,0,4,0,16
SAL20643,13,7,11,6,55
SAL20644,111,92,52,9,550
SAL20645,22,10,5,0,75
SAL20646,39,9,3,0,165
SAL20647,0,0,0,0,13
SAL20648,124,87,64,30,648
SAL20649,13,14,0,0,54
SAL20650,9,0,5,0,20
SAL20651,7,11,0,0,25
SAL20652,7,10,6,0,36
SAL20653,0,0,0,0,10
SAL20654,102,83,20,0,379
SAL20655,0,0,0,0,0
SAL20656,0,0,0,0,10
SAL20657,633,741,384,158,3449
SAL20658,7,0,0,0,18
SAL20659,34,37,6,3,186
SAL20660,6,5,0,0,32
SAL20661,2536,1112,325,107,27831
SAL20662,1152,711,280,63,9314
SAL20663,733,465,349,164,10822
SAL20664,1083,478,163,33,10678
SAL20665,215,131,52,9,1636
SAL20666,709,393,153,55,8805
SAL20667,3,5,3,0,20
SAL20668,0,0,3,0,14
SAL20669,16,23,3,0,97
SAL20670,146,56,22,4,1621
SAL20671,25,17,4,0,86
SAL20672,313,305,156,70,1714
SAL20673,4,0,0,0,31
SAL20674,263,181,68,13,1617
SAL20675,0,0,0,0,0
SAL20676,0,5,0,0,0
SAL20677,0,3,0,0,15
SAL20678,37,22,5,0,120
SAL20679,34,16,6,0,100
SAL20680,11,6,8,0,43
SAL20681,6,4,0,0,38
SAL20682,1959,1588,1025,408,14907
SAL20683,515,285,117,17,2544
SAL20684,717,470,215,104,4311
SAL20685,338,224,115,35,2412
SAL20686,0,0,0,0,6
SAL20687,16,10,3,0,138
SAL20688,37,23,5,4,147
SAL20689,16,16,4,0,47
SAL20690,3,3,0,0,18
SAL20691,0,0,0,0,16
SAL20692,9,3,4,0,27
SAL20693,3,4,0,0,6
SAL20694,4,0,0,0,6
SAL20695,0,5,0,0,10
SAL20696,13,4,0,0,62
SAL20697,293,213,73,6,2083
SAL20698,8,0,0,0,11
SAL20699,12,8,3,0,36
SAL20700,38,35,20,3,196
SAL20701,31,17,0,0,195
SAL20702,266,131,78,22,2311
SAL20703,10,7,4,0,65
SAL20704,5,11,0,0,29
SAL20705,0,0,0,0,0
SAL20706,74,57,12,5,419
SAL20707,1266,858,448,200,12807
SAL20708,1315,957,475,149,10135
SAL20709,13,10,4,0,60
SAL20710,0,0,0,0,0
SAL20711,15,13,6,0,53
SAL20712,640,394,137,46,4244
SAL20713,3,0,0,0,22
SAL20714,7,7,3,0,48
SAL20715,53,35,17,0,361
SAL20716,47,32,17,0,218
SAL20717,0,3,0,0,4
SAL20718,35,17,12,4,121
SAL20719,15,23,7,0,73
SAL20720,3,11,0,0,24
SAL20721,405,324,124,60,1656
SAL20722,8,4,0,0,52
SAL20723,57,33,9,0,222
SAL20724,19,6,0,0,303
SAL20725,0,4,0,0,10
SAL20726,23,15,7,0,113
SAL20727,13,27,3,3,106
SAL20728,220,194,144,68,1292
SAL20729,758,600,265,40,7521
SAL20730,325,269,142,74,2397
SAL20731,485,284,98,19,3223
SAL20732,5,0,0,0,4
SAL20733,3,3,0,0,16
SAL20734,0,4,0,0,14
SAL20735,3,0,3,0,12
SAL20736,28,17,12,0,204
SAL20737,105,59,28,12,911
SAL20738,20,28,11,0,96
SAL20739,0,0,0,0,0
SAL20740,0,0,0,0,9
SAL20741,89,52,21,0,351
SAL20742,0,10,4,0,25
SAL20743,286,112,38,8,3602
SAL20744,12,20,4,0,69
SAL20745,43,28,21,3,185
SAL20746,21,26,5,5,103
SAL20747,0,0,0,0,9
SAL20748,128,89,59,8,729
SAL20749,29,47,17,0,195
SAL20750,16,23,3,0,93
SAL20751,16,12,0,4,113
SAL20752,1193,637,225,47,6645
SAL20753,10,14,10,0,59
SAL20754,293,185,50,11,2892
SAL20755,10,11,0,0,45
SAL20756,132,115,56,28,712
SAL20757,18,9,10,6,85
SAL20758,840,664,345,131,5176
SAL20759,10,5,3,0,46
SAL20760,13,7,0,0,87
SAL20761,17,3,4,0,66
SAL20762,54,35,18,7,220
SAL20763,3,0,0,0,20
SAL20764,18,4,3,0,54
SAL20765,3,8,0,0,28
SAL20766,895,487,147,16,11842
SAL20767,7,0,0,0,4
SAL20768,10,10,3,0,41
SAL20769,67,34,18,0,279
SAL20770,127,100,62,26,630
SAL20771,1885,1388,992,441,14391
SAL20772,2491,1793,1168,377,16794
SAL20773,53,17,0,5,1196
SAL20774,1171,851,551,251,6964
SAL20775,0,0,0,0,6
SAL20776,37,9,6,0,120
SAL20777,36,25,13,4,177
SAL20778,0,0,0,0,25
SAL20779,1188,783,268,37,12740
SAL20780,3,0,0,0,4
SAL20781,0,0,0,0,0
SAL20782,8,3,0,0,30
SAL20783,399,291,156,56,3819
SAL20784,0,0,0,0,30
SAL20785,3,0,0,0,5
SAL20786,3,0,4,0,49
SAL20787,3,12,0,0,15
SAL20788,594,594,324,85,3454
SAL20789,0,3,5,0,15
SAL20790,1019,960,470,122,7139
SAL20791,15,10,5,0,84
SAL20792,48,21,11,0,165
SAL20793,53,42,12,3,190
SAL20794,5,5,3,0,20
SAL20795,13,10,6,0,68
SAL20796,74,74,29,6,351
SAL20797,4,3,0,0,16
SAL20798,33,36,4,0,172
SAL20799,23,28,3,5,121
SAL20800,14,9,4,0,52
SAL20801,10,9,0,0,23
SAL20802,470,497,308,111,2573
SAL20803,5,0,0,0,16
SAL20804,45,40,8,3,219
SAL20805,12,5,4,0,36
SAL20806,3,0,0,0,5
SAL20807,12,9,3,0,45
SAL20808,10,0,0,0,24
SAL20809,54,83,24,8,382
SAL20810,3,7,6,4,23
SAL20811,0,0,0,0,6
SAL20812,25,16,9,0,122
SAL20813,87,86,51,7,388
SAL20814,6,3,4,0,36
SAL20815,0,0,0,0,3
SAL20816,41,30,8,0,224
SAL20817,3,7,0,0,24
SAL20818,3,4,0,0,11
SAL20819,0,0,0,0,0
SAL20820,16,5,0,0,41
SAL20821,4,4,0,0,16
SAL20822,171,171,67,23,721
SAL20823,402,361,180,49,2532
SAL20824,0,0,0,0,10
SAL20825,503,397,164,61,2422
SAL20826,15,13,5,0,54
SAL20827,99,91,38,9,574
SAL20828,198,136,89,38,1166
SAL20829,405,279,86,21,2364
SAL20830,541,511,246,85,3832
SAL20831,3,0,0,0,156
SAL20832,9,0,0,5,32
SAL20833,92,92,31,6,476
SAL20834,6,15,5,0,33
SAL20835,0,0,0,0,4
SAL20836,178,205,188,64,1291
SAL20837,17,6,4,0,57
SAL20838,1150,894,488,224,6909
SAL20839,65,41,21,5,284
SAL20840,46,24,9,0,208
SAL20841,15,3,0,0,100
SAL20842,10,8,3,4,55
SAL20843,126,80,28,7,603
SAL20844,83,87,36,23,435
SAL20845,11,23,6,0,56
SAL20846,6,0,5,0,30
SAL20847,20,10,0,0,57
SAL20848,540,270,169,45,3448
SAL20849,27,18,0,3,122
SAL20850,111,78,38,33,465
SAL20851,19,9,6,0,110
SAL20852,52,38,16,4,219
SAL20853,12,0,0,0,28
SAL20854,9,0,0,0,23
SAL20855,6,3,0,0,33
SAL20856,0,0,0,0,0
SAL20857,10,13,0,0,100
SAL20858,22,5,3,0,84
SAL20859,254,150,73,16,1411
SAL20860,26,19,8,0,131
SAL20861,27,21,18,8,100
SAL20862,66,56,52,12,384
SAL20863,80,81,24,3,363
SAL20864,987,735,324,131,6765
SAL20865,1964,1531,607,154,10639
SAL20866,784,528,142,26,3797
SAL20867,1429,769,262,69,10492
SAL20868,558,422,163,33,3120
SAL20869,3,6,3,0,19
SAL20870,56,27,9,0,201
SAL20871,1975,1343,427,123,11769
SAL20872,46,28,12,0,286
SAL20873,0,0,0,0,12
SAL20874,0,0,0,0,0
SAL20875,13,14,10,0,72
SAL20876,7,0,0,0,10
SAL20877,94,57,11,3,409
SAL20878,1660,934,517,329,15216
SAL20879,238,179,66,21,2204
SAL20880,4,12,3,0,51
SAL20881,30,13,4,0,97
SAL20882,0,0,0,0,0
SAL20883,38,20,8,3,120
SAL20884,4,0,0,0,11
SAL20885,1896,1152,471,203,12483
SAL20886,3,0,0,0,9
SAL20887,186,145,49,27,1737
SAL20888,124,75,32,14,853
SAL20889,98,78,54,20,973
SAL20890,3,0,3,0,21
SAL20891,33,30,15,3,309
SAL20892,281,339,168,65,1662
SAL20893,41,27,3,0,139
SAL20894,18,23,0,0,74
SAL20895,0,3,0,0,7
SAL20896,25,16,12,0,108
SAL20897,29,8,4,0,95
SAL20898,8,13,0,0,54
SAL20899,142,88,17,4,1297
SAL20900,3,10,4,0,30
SAL20901,552,317,103,20,4040
SAL20902,79,47,33,0,267
SAL20903,0,7,0,0,9
SAL20904,10,7,3,0,47
SAL20905,0,0,0,0,0
SAL20906,15,6,0,0,216
SAL20907,25,25,5,0,117
SAL20908,13,0,6,0,48
SAL20909,601,344,166,85,6350
SAL20910,6,0,0,0,15
SAL20911,3,0,5,0,11
SAL20912,24,13,12,0,86
SAL20913,22,17,3,0,87
SAL20914,3,6,0,0,30
SAL20915,0,4,0,0,18
SAL20916,0,0,0,0,0
SAL20917,2025,1402,701,206,14015
SAL20918,192,135,49,9,910
SAL20919,0,0,0,0,15
SAL20920,105,87,23,6,352
SAL20921,82,94,39,6,457
SAL20922,0,4,0,0,5
SAL20923,0,0,0,0,9
SAL20924,824,473,201,58,7301
SAL20925,1013,776,422,125,8866
SAL20926,13,6,0,0,53
SAL20927,6,6,0,3,45
SAL20928,0,0,0,0,0
SAL20929,417,268,79,28,4179
SAL20930,188,216,134,28,786
SAL20931,244,168,77,36,2073
SAL20932,87,69,32,3,432
SAL20933,25,15,4,0,100
SAL20934,0,0,0,0,5
SAL20935,848,506,232,158,11071
SAL20936,13,12,9,0,73
SAL20937,814,590,407,191,5859
SAL20938,33,26,18,0,182
SAL20939,49,24,7,0,152
SAL20940,229,236,139,56,1098
SAL20941,22,28,3,0,95
SAL20942,4,4,4,0,30
SAL20943,5,4,0,0,22
SAL20944,12,3,0,0,67
SAL20945,5,0,0,0,16
SAL20946,6,4,0,0,30
SAL20947,2740,2031,1067,413,19515
SAL20948,366,210,136,53,2554
SAL20949,1660,1257,740,368,9878
SAL20950,255,111,22,0,4304
SAL20951,13,16,10,0,70
SAL20952,13,17,5,0,72
SAL20953,3,0,0,0,6
SAL20954,40,42,19,4,254
SAL20955,43,15,7,0,143
SAL20956,20,15,0,0,256
SAL20957,0,0,0,0,7
SAL20958,5,0,7,0,27
SAL20959,10,6,0,0,25
SAL20960,87,35,21,0,650
SAL20961,3,0,0,0,3
SAL20962,7,3,0,0,33
SAL20963,12,0,0,0,39
SAL20964,16,17,5,3,85
SAL20965,90,70,27,4,642
SAL20966,177,103,61,12,985
SAL20967,24,29,8,0,135
SAL20968,7,10,0,0,66
SAL20969,18,13,0,3,112
SAL20970,0,0,0,0,0
SAL20971,0,0,0,0,18
SAL20972,10,0,0,0,29
SAL20973,571,483,179,52,3604
SAL20974,532,374,149,25,4292
SAL20975,0,5,0,0,13
SAL20976,26,31,10,0,124
SAL20977,3,0,0,0,6
SAL20978,3,3,0,0,13
SAL20979,246,151,71,6,1335
SAL20980,9,11,8,0,36
SAL20981,0,0,0,0,0
SAL20982,9,8,0,0,41
SAL20983,0,0,0,0,12
SAL20984,7,0,0,0,32
SAL20985,6,6,0,0,48
SAL20986,0,0,0,0,7
SAL20987,0,0,0,0,0
SAL20988,4,0,0,0,10
SAL20989,58,33,5,0,228
SAL20990,17,5,3,0,63
SAL20991,12,11,3,0,43
SAL20992,11,0,0,0,35
SAL20993,11,10,4,0,40
SAL20994,5,0,0,0,7
SAL20995,6,4,7,0,28
SAL20996,5,0,0,0,18
SAL20997,0,0,0,0,0
SAL20998,4,3,0,0,18
SAL20999,44,25,16,5,219
SAL21000,9,6,6,0,69
SAL21001,832,555,273,110,5134
SAL21002,119,61,22,10,460
SAL21003,6,0,0,0,13
SAL21004,452,433,255,64,3537
SAL21005,48,49,10,0,222
SAL21006,13,18,3,0,90
SAL21007,3,7,0,0,30
SAL21008,18,15,10,0,63
SAL21009,299,274,133,28,3386
SAL21010,2678,1727,914,279,16095
SAL21011,17,12,0,0,58
SAL21012,7,0,0,0,8
SAL21013,3650,2559,1660,682,24269
SAL21014,0,0,0,0,0
SAL21015,6,6,0,0,19
SAL21016,9,3,6,0,34
SAL21017,0,0,0,0,11
SAL21018,23,19,6,0,114
SAL21019,5,0,0,0,16
SAL21020,55,43,19,6,248
SAL21021,3,3,0,0,22
SAL21022,0,0,0,0,0
SAL21023,0,0,0,0,0
SAL21024,3,5,0,0,60
SAL21025,110,54,22,5,555
SAL21026,20,14,7,0,111
SAL21027,13,13,0,0,70
SAL21028,3,0,4,0,3
SAL21029,3,9,5,0,37
SAL21030,8,3,0,0,13
SAL21031,6,0,0,0,14
SAL21032,11,3,0,0,34
SAL21033,0,0,0,0,6
SAL21034,4,4,3,0,17
SAL21035,0,0,0,0,3
SAL21036,0,0,0,0,0
SAL21037,4,5,0,0,13
SAL21038,54,52,29,3,259
SAL21039,43,26,19,3,152
SAL21040,3,0,0,0,41
SAL21041,19,15,0,0,68
SAL21042,8,3,0,0,30
SAL21043,13,4,4,0,70
SAL21044,0,0,0,0,13
SAL21045,115,110,34,0,568
SAL21046,15,9,0,0,50
SAL21047,1102,556,407,347,12415
SAL21048,33,27,8,0,134
SAL21049,5,0,0,0,13
SAL21050,26,32,6,5,155
SAL21051,18,3,0,3,58
SAL21052,3,6,0,0,26
SAL21053,12,15,3,0,58
SAL21054,58,39,16,0,169
SAL21055,17,14,7,0,97
SAL21056,182,145,56,16,1187
SAL21057,25,14,9,0,71
SAL21058,632,490,294,163,4493
SAL21059,30,21,6,3,146
SAL21060,7,0,0,0,14
SAL21061,3,0,0,0,0
SAL21062,4,6,0,0,21
SAL21063,11,5,3,0,53
SAL21064,25,18,0,0,72
SAL21065,0,5,0,0,21
SAL21066,27,20,0,0,82
SAL21067,19,4,5,0,43
SAL21068,36,27,13,4,142
SAL21069,71,39,19,6,362
SAL21070,0,6,0,0,7
SAL21071,17,11,0,0,107
SAL21072,23,10,7,0,127
SAL21073,158,83,29,0,708
SAL21074,37,27,4,0,163
SAL21075,17,20,15,0,106
SAL21076,8,0,0,0,21
SAL21077,46,42,19,3,201
SAL21078,16,4,0,0,45
SAL21079,180,109,83,37,1437
SAL21080,0,0,0,0,0
SAL21081,0,9,0,0,13
SAL21082,3,3,0,0,12
SAL21083,6,0,0,0,27
SAL21084,79,48,8,3,304
SAL21085,0,0,0,0,0
SAL21086,0,0,0,0,7
SAL21087,3,9,0,0,48
SAL21088,28,27,15,0,139
SAL21089,118,111,50,14,596
SAL21090,15,13,0,0,43
SAL21091,6,0,0,0,26
SAL21092,26,15,0,0,155
SAL21093,0,0,0,0,0
SAL21094,4,6,6,0,27
SAL21095,0,0,0,0,3
SAL21096,0,0,0,0,6
SAL21097,0,0,0,0,5
SAL21098,54,59,17,3,253
SAL21099,0,0,0,0,6
SAL21100,12,5,7,0,50
SAL21101,57,46,15,4,319
SAL21102,0,11,0,0,33
SAL21103,3,3,3,0,21
SAL21104,1631,1327,595,186,11287
SAL21105,1383,663,164,19,9584
SAL21106,3,0,5,0,19
SAL21107,14,16,0,0,62
SAL21108,12,5,4,3,49
SAL21109,15,10,3,5,70
SAL21110,14,12,4,0,79
SAL21111,0,0,0,0,0
SAL21112,0,5,0,0,13
SAL21113,5,3,0,0,25
SAL21114,951,833,551,298,7631
SAL21115,102,59,31,6,501
SAL21116,41,25,20,6,183
SAL21117,38,36,20,0,228
SAL21118,21,14,5,3,118
SAL21119,0,0,0,0,0
SAL21120,8,6,0,0,10
SAL21121,40,36,17,0,225
SAL21122,4,5,6,0,29
SAL21123,123,73,17,8,601
SAL21124,296,166,113,53,2851
SAL21125,681,452,221,121,4844
SAL21126,9,3,4,0,56
SAL21127,48,49,13,7,294
SAL21128,18,9,7,3,66
SAL21129,791,700,381,183,4833
SAL21130,472,290,144,79,3419
SAL21131,1662,1017,488,126,7895
SAL21132,465,244,130,43,2901
SAL21133,1568,749,262,52,10741
SAL21134,20,7,3,0,84
SAL21135,10,8,0,0,40
SAL21136,7,5,0,0,18
SAL21137,109,91,47,5,556
SAL21138,60,39,8,7,193
SAL21139,103,59,23,10,519
SAL21140,443,223,81,10,5115
SAL21141,13,13,3,0,50
SAL21142,70,42,9,0,310
SAL21143,24,16,4,0,97
SAL21144,6,11,0,0,71
SAL21145,673,639,386,123,4782
SAL21146,3,6,0,0,13
SAL21147,9,8,4,0,31
SAL21148,134,75,26,0,698
SAL21149,9,4,0,0,20
SAL21150,29,11,4,0,130
SAL21151,0,0,0,0,0
SAL21152,1798,1374,758,251,15174
SAL21153,1253,902,526,179,9870
SAL21154,9,5,3,0,23
SAL21155,33,11,10,0,103
SAL21156,167,110,31,4,784
SAL21157,38,28,3,0,152
SAL21158,746,503,332,129,3977
SAL21159,12,9,9,0,87
SAL21160,336,284,190,58,1524
SAL21161,73,63,14,0,419
SAL21162,0,7,0,0,16
SAL21163,211,156,66,11,1474
SAL21164,16,15,5,0,109
SAL21165,833,628,331,126,5554
SAL21166,10,6,3,0,46
SAL21167,583,411,280,115,4562
SAL21168,491,242,88,38,3898
SAL21169,330,198,81,20,2632
SAL21170,10,10,5,0,42
SAL21171,13,7,0,0,32
SAL21172,70,62,28,13,346
SAL21173,51,62,25,3,258
SAL21174,240,144,69,29,1920
SAL21175,37,23,10,0,187
SAL21176,31,26,9,0,121
SAL21177,0,0,0,0,3
SAL21178,18,10,4,0,68
SAL21179,144,165,80,37,922
SAL21180,6,0,0,0,16
SAL21181,142,126,32,31,771
SAL21182,0,6,0,0,10
SAL21183,3,0,0,0,13
SAL21184,9,9,0,0,50
SAL21185,938,588,299,131,6865
SAL21186,18,27,11,0,91
SAL21187,1768,1359,760,205,11797
SAL21188,0,0,0,0,14
SAL21189,11,18,8,0,88
SAL21190,15,7,0,0,59
SAL21191,24,27,17,0,153
SAL21192,18,23,5,0,139
SAL21193,1083,445,128,18,7856
SAL21194,0,5,0,0,9
SAL21195,9,0,0,0,559
SAL21196,67,52,20,4,371
SAL21197,3,3,0,0,17
SAL21198,0,3,4,0,12
SAL21199,0,0,0,0,16
SAL21200,12,3,0,0,40
SAL21201,52,47,23,8,259
SAL21202,45,30,5,0,360
SAL21203,2658,1553,527,113,17179
SAL21204,3,0,0,0,26
SAL21205,6,3,0,0,34
SAL21206,988,799,419,188,6845
SAL21207,0,3,0,0,92
SAL21208,8,0,0,5,22
SAL21209,7,8,0,0,35
SAL21210,0,0,0,0,0
SAL21211,11,5,3,0,50
SAL21212,0,0,0,0,0
SAL21213,10,0,0,0,28
SAL21214,593,264,123,59,4374
SAL21215,41,18,0,0,185
SAL21216,0,0,0,0,13
SAL21217,4,0,0,0,12
SAL21218,123,69,19,7,1083
SAL21219,212,135,28,9,1656
SAL21220,4,0,0,0,25
SAL21221,22,24,0,0,107
SAL21222,18,21,4,0,157
SAL21223,387,251,90,15,2005
SAL21224,6,8,3,0,22
SAL21225,4,5,0,0,29
SAL21226,0,6,0,0,16
SAL21227,11,6,3,0,40
SAL21228,30,28,13,0,163
SAL21229,171,219,63,7,775
SAL21230,53,30,6,0,188
SAL21231,64,59,31,34,367
SAL21232,7,5,0,0,52
SAL21233,71,22,12,8,285
SAL21234,171,95,30,3,914
SAL21235,670,757,392,109,3553
SAL21236,85,101,25,0,452
SAL21237,175,132,59,16,797
SAL21238,20,16,10,0,117
SAL21239,6,0,0,0,44
SAL21240,0,0,0,0,9
SAL21241,101,74,45,31,663
SAL21242,30,31,7,4,182
SAL21243,13,4,0,0,52
SAL21244,3,0,3,0,42
SAL21245,407,277,131,29,2640
SAL21246,1347,958,396,148,8325
SAL21247,476,328,155,54,2297
SAL21248,111,59,45,15,1047
SAL21249,18,17,10,0,72
SAL21250,62,41,3,4,825
SAL21251,8,3,3,0,11
SAL21252,13,5,5,0,73
SAL21253,73,54,24,10,227
SAL21254,422,303,78,13,2425
SAL21255,0,0,0,0,6
SAL21256,9,4,0,0,75
SAL21257,3,5,0,0,19
SAL21258,15,12,4,0,55
SAL21259,6,5,0,0,25
SAL21260,14,11,3,0,43
SAL21261,87,57,14,5,330
SAL21262,17,10,3,0,65
SAL21263,3,0,0,0,15
SAL21264,5,0,0,0,9
SAL21265,62,35,13,17,202
SAL21266,0,0,0,0,0
SAL21267,0,0,0,0,5
SAL21268,3,0,0,0,5
SAL21269,77,46,23,6,319
SAL21270,4,0,0,0,8
SAL21271,4,6,0,0,15
SAL21272,31,5,4,0,57
SAL21273,24,39,19,0,163
SAL21274,0,0,3,0,14
SAL21275,4,7,0,0,22
SAL21276,22,12,10,0,83
SAL21277,56,56,44,24,426
SAL21278,0,0,0,0,0
SAL21279,310,241,166,30,1946
SAL21280,9,5,4,0,39
SAL21281,0,9,0,0,25
SAL21282,119,141,72,30,664
SAL21283,17,19,5,3,79
SAL21284,91,56,16,3,2804
SAL21285,5,0,3,0,13
SAL21286,163,170,66,5,855
SAL21287,127,95,45,3,751
SAL21288,4,0,0,0,7
SAL21289,10,3,0,0,40
SAL21290,0,0,0,0,7
SAL21291,4,0,0,0,15
SAL21292,13,20,4,0,43
SAL21293,721,740,518,255,5271
SAL21294,151,90,45,3,704
SAL21295,65,60,26,10,387
SAL21296,6,9,3,0,27
SAL21297,0,0,0,0,4
SAL21298,6,5,5,0,37
SAL21299,3,0,0,0,14
SAL21300,15,15,3,0,94
SAL21301,15,7,0,0,76
SAL21302,4,10,6,0,44
SAL21303,0,0,0,0,3
SAL21304,3,3,6,0,23
SAL21305,0,0,0,0,7
SAL21306,48,32,9,0,217
SAL21307,0,0,0,0,11
SAL21308,19,6,0,3,64
SAL21309,45,15,13,0,203
SAL21310,68,53,14,0,469
SAL21311,30,25,5,0,96
SAL21312,197,177,51,9,1460
SAL21313,6,3,0,0,28
SAL21314,514,393,208,90,2933
SAL21315,709,538,175,49,4363
SAL21316,980,650,499,113,7149
SAL21317,170,94,35,0,829
SAL21318,15,8,5,0,40
SAL21319,137,122,90,9,1161
SAL21320,3,0,0,0,3
SAL21321,4,17,0,7,42
SAL21322,0,0,0,0,21
SAL21323,0,0,0,0,0
SAL21324,8,4,0,0,19
SAL21325,7,5,0,0,37
SAL21326,457,396,252,128,3114
SAL21327,672,416,132,58,7014
SAL21328,319,291,133,68,1674
SAL21329,4,3,0,0,14
SAL21330,33,12,11,3,127
SAL21331,17,9,0,0,48
SAL21332,17,7,3,0,68
SAL21333,14,14,3,0,57
SAL21334,18,13,0,0,52
SAL21335,6,3,4,0,26
SAL21336,2583,1897,1055,491,15325
SAL21337,720,444,223,83,3853
SAL21338,5,0,3,0,29
SAL21339,1426,977,431,136,12836
SAL21340,582,407,213,85,3958
SAL21341,17,10,0,0,82
SAL21342,45,25,7,0,206
SAL21343,9,4,0,0,20
SAL21344,54,25,8,0,253
SAL21345,86,59,22,6,324
SAL21346,0,3,0,0,0
SAL21347,60,44,11,0,706
SAL21348,26,12,3,0,107
SAL21349,54,35,9,0,211
SAL21350,22,17,10,0,89
SAL21351,11,5,0,6,62
SAL21352,604,469,270,90,4290
SAL21353,42,40,7,6,235
SAL21354,762,564,355,147,5777
SAL21355,296,117,48,10,1398
SAL21356,15,6,0,0,46
SAL21357,13,7,0,0,42
SAL21358,185,116,25,4,920
SAL21359,60,26,13,0,210
SAL21360,113,80,27,3,705
SAL21361,11,7,0,0,24
SAL21362,351,279,92,25,2737
SAL21363,164,89,79,21,1941
SAL21364,27,39,4,3,122
SAL21365,224,94,43,32,2270
SAL21366,0,0,0,0,13
SAL21367,0,0,0,0,3
SAL21368,35,25,5,0,192
SAL21369,19,26,9,4,80
SAL21370,13,6,3,0,34
SAL21371,0,0,0,0,13
SAL21372,0,0,0,0,0
SAL21373,22,9,4,0,84
SAL21374,573,420,268,61,4017
SAL21375,3,0,0,0,13
SAL21376,7,4,0,0,18
SAL21377,22,13,5,0,93
SAL21378,17,17,0,0,100
SAL21379,9,4,0,0,29
SAL21380,197,144,77,43,1674
SAL21381,4,3,0,6,17
SAL21382,0,0,0,0,11
SAL21383,5,5,0,0,11
SAL21384,90,87,38,5,453
SAL21385,29,16,18,7,139
SAL21386,61,32,14,4,204
SAL21387,5,0,0,0,13
SAL21388,29,11,0,0,154
SAL21389,14,5,8,0,54
SAL21390,3,3,4,0,22
SAL21391,0,0,0,0,0
SAL21392,8,6,5,0,56
SAL21393,101,85,53,28,564
SAL21394,7,11,3,0,31
SAL21395,12,11,0,0,43
SAL21396,189,159,60,14,1090
SAL21397,23,10,12,0,60
SAL21398,8,3,0,0,26
SAL21399,390,325,176,59,2182
SAL21400,14,9,3,0,56
SAL21401,18,23,5,5,100
SAL21402,12,8,3,0,61
SAL21403,15,0,0,0,58
SAL21404,28,26,5,4,154
SAL21405,20,10,5,0,74
SAL21406,5,0,4,0,7
SAL21407,4,0,0,0,17
SAL21408,0,0,0,0,3
SAL21409,0,0,0,0,0
SAL21410,8,9,0,0,29
SAL21411,645,358,103,27,4471
SAL21412,550,462,248,127,3255
SAL21413,0,3,0,0,30
SAL21414,655,592,307,109,3914
SAL21415,19,14,8,0,67
SAL21416,30,14,9,0,150
SAL21417,30,20,12,3,97
SAL21418,8,3,0,0,52
SAL21419,38,32,14,0,191
SAL21420,28,17,9,0,148
SAL21421,20,15,4,0,70
SAL21422,0,0,0,0,0
SAL21423,0,0,0,0,0
SAL21424,0,0,0,0,5
SAL21425,7,5,0,0,23
SAL21426,24,20,9,0,83
SAL21427,93,57,35,8,481
SAL21428,31,24,17,3,176
SAL21429,33,47,20,3,212
SAL21430,15,6,11,0,64
SAL21431,0,0,0,0,3
SAL21432,0,0,0,0,3
SAL21433,0,0,0,0,0
SAL21434,4,0,0,0,10
SAL21435,207,146,120,26,981
SAL21436,0,0,0,0,10
SAL21437,11,3,5,0,28
SAL21438,7,3,5,0,13
SAL21439,0,5,3,0,13
SAL21440,4,6,0,0,23
SAL21441,5,0,0,0,37
SAL21442,10,0,3,0,35
SAL21443,0,0,0,0,7
SAL21444,90,108,49,4,440
SAL21445,0,0,0,0,0
SAL21446,0,0,0,0,0
SAL21447,345,331,201,90,1746
SAL21448,0,0,0,0,3
SAL21449,442,557,294,65,2448
SAL21450,73,29,11,0,297
SAL21451,4,11,6,0,46
SAL21452,878,572,303,82,9239
SAL21453,12,10,7,0,27
SAL21454,41,29,11,0,195
SAL21455,21,9,6,0,79
SAL21456,236,194,66,12,1361
SAL21457,21,26,8,0,102
SAL21458,4,3,0,0,22
SAL21459,144,101,32,14,1151
SAL21460,11,3,0,0,36
SAL21461,5,5,0,0,19
SAL21462,15,9,9,0,75
SAL21463,0,0,0,0,9
SAL21464,9,6,0,0,42
SAL21465,8,4,0,0,31
SAL21466,12,15,0,0,54
SAL21467,1756,1105,472,121,11561
SAL21468,120,64,21,6,641
SAL21469,1140,831,335,92,8715
SAL21470,13,10,9,0,64
SAL21471,17,11,3,0,74
SAL21472,7,6,3,0,38
SAL21473,201,149,47,5,1219
SAL21474,30,26,8,0,144
SAL21475,19,3,0,0,56
SAL21476,230,110,35,19,2549
SAL21477,24,6,3,0,73
SAL21478,3,0,0,0,7
SAL21479,4,0,0,0,11
SAL21480,0,3,0,0,0
SAL21481,4,0,0,0,12
SAL21482,34,34,8,0,187
SAL21483,4,12,0,0,25
SAL21484,11,6,3,0,69
SAL21485,8,4,0,0,31
SAL21486,40,21,15,4,209
SAL21487,26,12,0,0,105
SAL21488,70,35,20,6,657
SAL21489,5,7,0,0,23
SAL21490,403,420,262,73,2670
SAL21491,15,18,0,0,71
SAL21492,58,36,14,3,286
SAL21493,1009,773,501,158,6662
SAL21494,0,0,0,0,0
SAL21495,9,5,0,0,33
SAL21496,109,44,17,0,574
SAL21497,23,23,7,0,133
SAL21498,0,0,0,0,8
SAL21499,0,0,0,0,0
SAL21500,8,8,5,0,51
SAL21501,16,12,5,0,56
SAL21502,4,0,0,0,49
SAL21503,9,8,0,0,39
SAL21504,1357,897,503,151,8709
SAL21505,14,10,5,0,49
SAL21506,17,15,10,0,82
SAL21507,17,15,0,0,71
SAL21508,14,19,7,5,62
SAL21509,46,34,18,4,227
SAL21510,51,24,10,0,232
SAL21511,0,0,0,0,0
SAL21512,3,0,0,0,16
SAL21513,0,0,0,0,5
SAL21514,51,54,29,0,303
SAL21515,5,0,0,0,11
SAL21516,50,35,9,3,203
SAL21517,0,0,0,0,23
SAL21518,0,0,0,0,0
SAL21519,17,11,0,0,50
SAL21520,138,66,27,3,643
SAL21521,0,8,4,0,36
SAL21522,9,5,0,0,26
SAL21523,83,84,16,0,375
SAL21524,145,161,66,10,521
SAL21525,0,0,0,0,0
SAL21526,75,51,23,10,360
SAL21527,19,10,5,0,68
SAL21528,81,62,22,8,391
SAL21529,108,54,20,0,542
SAL21530,3,3,0,0,11
SAL21531,7,5,0,0,26
SAL21532,20,15,0,0,93
SAL21533,37,23,6,0,182
SAL21534,203,171,102,40,1497
SAL21535,13,11,0,0,99
SAL21536,128,104,24,4,752
SAL21537,65,36,11,0,282
SAL21538,176,90,43,7,1100
SAL21539,25,22,14,0,122
SAL21540,25,29,9,0,131
SAL21541,11,19,12,0,87
SAL21542,172,201,81,40,855
SAL21543,0,0,4,0,6
SAL21544,217,82,50,8,1257
SAL21545,3,3,0,0,15
SAL21546,18,19,4,0,122
SAL21547,365,293,164,39,2185
SAL21548,0,0,0,0,5
SAL21549,3,6,0,0,21
SAL21550,131,95,60,0,1489
SAL21551,117,116,39,9,703
SAL21552,0,5,0,0,8
SAL21553,34,21,7,4,123
SAL21554,465,195,89,38,4029
SAL21555,339,161,29,13,4358
SAL21556,0,0,0,0,18
SAL21557,35,26,12,0,117
SAL21558,699,285,92,20,3367
SAL21559,127,61,10,0,498
SAL21560,47,36,12,0,200
SAL21561,106,79,22,4,474
SAL21562,227,198,62,10,1156
SAL21563,0,4,0,0,14
SAL21564,769,592,298,163,5577
SAL21565,5,10,3,0,37
SAL21566,0,0,0,0,13
SAL21567,13,16,8,0,63
SAL21568,0,4,0,0,9
SAL21569,243,196,86,22,2590
SAL21570,5,0,0,0,13
SAL21571,436,356,167,44,2484
SAL21572,18,7,0,0,40
SAL21573,44,36,3,0,180
SAL21574,383,277,78,12,2539
SAL21575,415,242,98,85,5218
SAL21576,29,15,4,3,220
SAL21577,0,3,0,0,19
SAL21578,82,65,23,8,292
SAL21579,18,18,8,0,115
SAL21580,7,3,3,5,41
SAL21581,4,0,0,0,17
SAL21582,26,11,10,0,96
SAL21583,250,281,125,23,1043
SAL21584,167,172,80,21,694
SAL21585,115,85,26,5,524
SAL21586,1005,827,557,227,6261
SAL21587,2043,1388,692,325,13517
SAL21588,9,0,3,0,180
SAL21589,30,18,8,5,121
SAL21590,104,65,17,0,418
SAL21591,29,33,3,0,148
SAL21592,25,19,9,0,100
SAL21593,264,154,56,24,1474
SAL21594,12,8,4,0,53
SAL21595,0,4,6,0,23
SAL21596,4,12,0,0,21
SAL21597,327,161,39,19,6250
SAL21598,0,0,0,0,5
SAL21599,528,469,232,92,2885
SAL21600,5,0,0,0,3
SAL21601,26,21,9,0,111
SAL21602,26,18,11,0,119
SAL21603,34,60,22,3,179
SAL21604,811,464,137,34,7371
SAL21605,7,12,5,0,56
SAL21606,37,25,9,6,127
SAL21607,0,0,0,0,5
SAL21608,84,70,26,0,351
SAL21609,9,3,0,0,46
SAL21610,0,0,0,0,6
SAL21611,0,4,0,0,5
SAL21612,86,77,22,3,874
SAL21613,12,7,0,0,41
SAL21614,11,9,0,3,44
SAL21615,103,121,165,85,1202
SAL21616,0,0,0,0,0
SAL21617,13,14,0,0,43
SAL21618,572,619,381,117,3421
SAL21619,60,54,11,8,353
SAL21620,58,77,33,6,297
SAL21621,9,5,4,0,27
SAL21622,0,0,0,0,12
SAL21623,0,0,0,0,5
SAL21624,12,16,7,0,116
SAL21625,382,424,223,52,1906
SAL21626,6,5,3,0,18
SAL21627,15,13,3,0,75
SAL21628,79,62,39,12,444
SAL21629,589,324,155,90,3803
SAL21630,10,17,5,0,48
SAL21631,14,8,0,0,62
SAL21632,3,5,0,0,30
SAL21633,8,8,3,0,41
SAL21634,12,11,5,0,60
SAL21635,652,302,124,19,5134
SAL21636,0,0,0,0,8
SAL21637,65,64,27,11,401
SAL21638,5,0,0,0,6
SAL21639,7,12,0,0,44
SAL21640,2192,1480,772,299,41789
SAL21641,11,4,0,0,54
SAL21642,450,443,194,34,3335
SAL21643,493,419,149,54,4551
SAL21644,487,329,121,21,3594
SAL21645,7,0,0,0,32
SAL21646,0,0,0,0,8
SAL21647,4,5,0,0,15
SAL21648,1087,800,476,197,7602
SAL21649,100,72,23,4,540
SAL21650,4,0,0,0,15
SAL21651,0,4,0,0,28
SAL21652,5,0,4,0,40
SAL21653,206,119,72,23,1151
SAL21654,35,10,9,0,164
SAL21655,8,13,6,0,105
SAL21656,92,62,18,5,432
SAL21657,6,3,0,0,29
SAL21658,40,22,14,0,117
SAL21659,849,514,202,20,11163
SAL21660,11,19,6,0,84
SAL21661,3,0,0,0,22
SAL21662,34,25,13,0,114
SAL21663,34,24,22,12,115
SAL21664,57,69,28,7,263
SAL21665,57,46,10,3,310
SAL21666,0,0,0,0,0
SAL21667,70,59,13,5,339
SAL21668,30,23,5,9,195
SAL21669,0,0,0,0,11
SAL21670,26,31,10,0,122
SAL21671,16,22,12,0,107
SAL21672,6,4,4,0,22
SAL21673,283,327,125,19,1119
SAL21674,35,27,4,0,113
SAL21675,449,191,36,3,7920
SAL21676,0,4,5,0,9
SAL21677,478,285,184,59,2406
SAL21678,13,0,0,0,42
SAL21679,19,26,9,0,116
SAL21680,0,0,0,0,9
SAL21681,61,44,20,4,298
SAL21682,2210,1652,806,349,15231
SAL21683,2352,1336,403,131,13955
SAL21684,21,16,3,3,97
SAL21685,141,83,40,7,806
SAL21686,0,5,0,0,22
SAL21687,3,0,0,0,16
SAL21688,0,0,0,0,17
SAL21689,10,3,0,0,28
SAL21690,0,0,0,0,5
SAL21691,246,133,36,6,1778
SAL21692,7,0,0,0,27
SAL21693,6,0,6,0,49
SAL21694,4,0,7,0,28
SAL21695,9,8,0,0,30
SAL21696,5,3,0,0,32
SAL21697,3,0,0,0,0
SAL21698,52,43,20,19,244
SAL21699,0,0,0,0,0
SAL21700,0,0,0,0,0
SAL21701,5,0,0,0,23
SAL21702,39,40,12,0,170
SAL21703,221,209,81,24,1157
SAL21704,0,0,0,0,0
SAL21705,0,3,0,0,19
SAL21706,1276,850,423,123,9556
SAL21707,54,34,16,7,398
SAL21708,8,0,0,0,32
SAL21709,11,10,3,0,52
SAL21710,3,3,0,0,31
SAL21711,19,23,15,0,86
SAL21712,4,3,0,0,4
SAL21713,0,0,0,0,12
SAL21714,14,4,7,0,81
SAL21715,36,20,12,0,145
SAL21716,702,649,323,109,4186
SAL21717,57,45,17,3,276
SAL21718,23,12,6,0,84
SAL21719,5,0,3,0,15
SAL21720,0,0,0,0,3
SAL21721,15,18,8,0,57
SAL21722,13,0,10,0,45
SAL21723,4,0,6,0,21
SAL21724,12,3,3,0,60
SAL21725,0,0,0,0,7
SAL21726,22,13,5,0,88
SAL21727,284,246,93,24,1872
SAL21728,19,12,9,0,110
SAL21729,7,7,0,0,28
SAL21730,0,0,0,0,0
SAL21731,6,3,3,0,32
SAL21732,561,451,193,68,3161
SAL21733,547,420,210,73,3235
SAL21734,5,3,0,0,30
SAL21735,777,687,338,61,5132
SAL21736,554,418,213,128,3595
SAL21737,121,221,191,84,969
SAL21738,6,0,0,0,9
SAL21739,0,0,0,4,17
SAL21740,21,30,13,5,91
SAL21741,7,5,0,0,19
SAL21742,1377,860,301,127,9889
SAL21743,4,13,5,0,45
SAL21744,12,10,3,0,52
SAL21745,9,6,0,0,25
SAL21746,463,286,169,55,3480
SAL21747,0,0,0,0,26
SAL21748,12,4,4,0,42
SAL21749,8,14,0,0,44
SAL21750,3,0,0,0,12
SAL21751,5,0,7,0,22
SAL21752,0,0,0,0,3
SAL21753,11,11,3,0,45
SAL21754,108,89,37,15,522
SAL21755,1548,1110,509,152,11391
SAL21756,554,471,271,130,3732
SAL21757,8,8,6,0,69
SAL21758,9,6,0,0,33
SAL21759,29,15,4,5,108
SAL21760,726,399,201,105,4884
SAL21761,3,3,0,0,8
SAL21762,65,45,11,3,448
SAL21763,2111,2191,1613,731,13672
SAL21764,0,0,0,0,0
SAL21765,16,11,0,0,66
SAL21766,0,0,0,0,0
SAL21767,125,110,53,18,669
SAL21768,0,0,0,0,7
SAL21769,1016,782,429,240,6199
SAL21770,14,13,4,0,75
SAL21771,0,6,0,0,18
SAL21772,83,92,44,14,509
SAL21773,0,0,0,0,7
SAL21774,6,14,5,0,28
SAL21775,7,9,0,0,19
SAL21776,15,10,0,0,38
SAL21777,0,0,0,0,5
SAL21778,17,7,3,0,244
SAL21779,16,7,0,0,95
SAL21780,4,0,0,3,26
SAL21781,21,16,3,0,81
SAL21782,3,0,0,0,7
SAL21783,226,205,130,43,1861
SAL21784,0,0,0,0,7
SAL21785,0,0,0,0,3
SAL21786,30,35,9,0,208
SAL21787,155,122,59,10,754
SAL21788,26,6,6,0,60
SAL21789,3,0,0,0,3
SAL21790,340,242,68,9,3331
SAL21791,19,17,3,0,70
SAL21792,76,39,14,0,381
SAL21793,1911,1509,941,294,10190
SAL21794,0,0,0,0,9
SAL21795,776,519,244,31,4934
SAL21796,15,4,4,0,68
SAL21797,15,10,0,0,59
SAL21798,268,200,65,13,1574
SAL21799,4,0,0,0,6
SAL21800,3,3,4,0,19
SAL21801,208,168,62,13,881
SAL21802,4,0,0,0,7
SAL21803,1851,1571,947,311,10515
SAL21804,5,4,4,0,45
SAL21805,15,10,15,0,115
SAL21806,0,0,0,0,0
SAL21807,152,117,49,13,1150
SAL21808,0,8,0,0,20
SAL21809,0,3,0,0,19
SAL21810,22,25,10,3,131
SAL21811,0,0,0,0,0
SAL21812,0,0,0,0,0
SAL21813,35,26,7,0,179
SAL21814,16,11,5,0,74
SAL21815,16,4,7,0,67
SAL21816,3158,1904,1256,556,20438
SAL21817,5,4,0,0,20
SAL21818,3,9,3,0,41
SAL21819,12,9,0,0,52
SAL21820,47,32,11,3,222
SAL21821,4,0,0,0,9
SAL21822,35,43,14,0,203
SAL21823,11,12,0,0,81
SAL21824,48,39,12,0,225
SAL21825,4,6,0,0,21
SAL21826,33,20,4,4,98
SAL21827,1293,918,596,199,10247
SAL21828,13,7,3,0,45
SAL21829,12,14,6,0,59
SAL21830,26,17,7,0,95
SAL21831,0,0,0,0,12
SAL21832,75,75,36,9,401
SAL21833,25,17,11,0,77
SAL21834,21,11,0,0,84
SAL21835,18,7,0,0,63
SAL21836,16,8,4,0,51
SAL21837,0,0,0,0,7
SAL21838,3,0,0,0,23
SAL21839,0,5,0,0,24
SAL21840,17,19,9,0,90
SAL21841,4,0,0,0,26
SAL21842,12,0,0,0,45
SAL21843,5,0,0,0,5
SAL21844,18,8,0,0,55
SAL21845,29,12,6,0,104
SAL21846,0,0,0,0,3
SAL21847,17,22,9,0,70
SAL21848,8,14,3,0,49
SAL21849,845,521,187,62,6071
SAL21850,76,64,24,8,376
SAL21851,23,32,20,0,114
SAL21852,13,22,6,0,96
SAL21853,7,6,3,0,34
SAL21854,0,0,0,0,4
SAL21855,10,15,0,0,55
SAL21856,3,5,0,0,25
SAL21857,67,63,13,0,271
SAL21858,0,0,3,0,10
SAL21859,44,21,8,0,203
SAL21860,13,26,9,0,96
SAL21861,4,6,0,0,32
SAL21862,13,7,0,0,56
SAL21863,268,223,129,67,1535
SAL21864,5,0,0,0,10
SAL21865,33,8,7,9,109
SAL21866,3,6,0,0,8
SAL21867,192,196,91,47,1061
SAL21868,8,10,0,0,34
SAL21869,3,8,0,0,12
SAL21870,20,12,3,0,138
SAL21871,4,5,0,0,13
SAL21872,3,4,0,0,22
SAL21873,0,0,0,0,5
SAL21874,4,5,0,0,58
SAL21875,44,18,7,0,187
SAL21876,0,0,0,0,0
SAL21877,65,56,13,0,285
SAL21878,113,47,13,5,489
SAL21879,70,55,19,8,415
SAL21880,23,21,6,0,104
SAL21881,4,5,4,0,24
SAL21882,8,5,0,0,42
SAL21883,3,0,0,0,15
SAL21884,8,4,3,3,41
SAL21885,10,10,0,0,57
SAL21886,19,11,0,0,60
SAL21887,8,4,0,0,39
SAL21888,11,9,0,0,36
SAL21889,25,35,10,3,150
SAL21890,7,0,0,0,23
SAL21891,6,0,0,0,17
SAL21892,55,37,15,0,242
SAL21893,1828,866,355,116,12855
SAL21894,41,28,5,4,224
SAL21895,752,440,172,84,3880
SAL21896,1900,837,315,56,13308
SAL21897,0,0,0,0,9
SAL21898,167,136,60,23,890
SAL21899,73,29,20,34,308
SAL21900,7,9,4,0,40
SAL21901,5,0,0,0,15
SAL21902,8,8,3,0,41
SAL21903,22,29,6,0,139
SAL21904,11,3,4,0,32
SAL21905,0,0,0,0,3
SAL21906,0,0,0,0,15
SAL21907,34,29,6,3,116
SAL21908,21,20,0,0,103
SAL21909,16,18,3,0,65
SAL21910,3,0,0,0,21
SAL21911,159,148,77,22,842
SAL21912,66,44,16,0,217
SAL21913,0,0,0,0,0
SAL21914,25,35,3,5,107
SAL21915,15,23,5,0,106
SAL21916,9,4,0,0,29
SAL21917,116,60,17,3,530
SAL21918,0,0,0,0,7
SAL21919,7,0,0,0,45
SAL21920,5,0,0,0,25
SAL21921,201,138,94,22,1294
SAL21922,507,401,216,95,3126
SAL21923,25,19,4,5,87
SAL21924,12,18,6,0,56
SAL21925,308,258,141,62,2433
SAL21926,3,5,6,0,26
SAL21927,59,56,30,0,300
SAL21928,93,78,36,16,331
SAL21929,134,120,73,22,937
SAL21930,111,143,55,7,473
SAL21931,9,6,7,0,63
SAL21932,21,20,4,0,124
SAL21933,32,33,19,3,194
SAL21934,1114,519,179,144,7693
SAL21935,38,23,14,0,210
SAL21936,87,105,32,3,445
SAL21937,16,15,9,0,76
SAL21938,1040,739,364,107,5990
SAL21939,190,105,71,48,1046
SAL21940,138,63,31,10,792
SAL21941,136,101,50,15,634
SAL21942,487,252,103,52,3091
SAL21943,44,30,14,0,204
SAL21944,36,43,10,5,192
SAL21945,0,0,0,0,5
SAL21946,0,4,5,0,14
SAL21947,22,16,5,0,98
SAL21948,0,0,0,0,0
SAL21949,8,8,4,0,32
SAL21950,0,0,0,0,9
SAL21951,4,3,0,0,29
SAL21952,1417,1005,562,224,14167
SAL21953,400,325,167,24,3244
SAL21954,31,14,3,0,88
SAL21955,35,23,9,6,148
SAL21956,0,5,0,0,9
SAL21957,6,7,0,0,33
SAL21958,7,3,3,0,18
SAL21959,12,5,0,0,48
SAL21960,457,325,161,74,3660
SAL21961,0,0,0,0,14
SAL21962,16,9,0,0,68
SAL21963,279,207,129,122,2171
SAL21964,5,7,7,0,34
SAL21965,139,158,105,102,1614
SAL21966,830,515,203,60,10121
SAL21967,34,19,12,0,177
SAL21968,37,29,10,7,149
SAL21969,355,196,86,16,1732
SAL21970,223,246,121,29,1520
SAL21971,2052,1109,405,149,16104
SAL21972,19,9,3,0,108
SAL21973,4,3,0,0,12
SAL21974,138,87,38,25,1892
SAL21975,27,23,8,0,109
SAL21976,8,0,4,0,14
SAL21977,4,0,0,0,10
SAL21978,6,0,6,0,15
SAL21979,9,0,0,0,28
SAL21980,12,12,5,0,60
SAL21981,12,5,0,0,94
SAL21982,9,3,0,0,29
SAL21983,8,6,0,0,32
SAL21984,365,283,173,56,2076
SAL21985,833,584,400,267,7122
SAL21986,26,56,26,3,199
SAL21987,0,0,0,0,0
SAL21988,5,0,0,0,24
SAL21989,0,4,0,0,16
SAL21990,0,0,0,0,0
SAL21991,21,12,9,7,85
SAL21992,43,25,11,5,231
SAL21993,64,24,11,3,269
SAL21994,0,0,0,0,0
SAL21995,0,0,0,0,3
SAL21996,138,74,27,6,769
SAL21997,0,0,0,0,9
SAL21998,421,214,107,41,3881
SAL21999,46,15,5,4,215
SAL22000,653,323,112,47,4726
SAL22001,413,204,97,29,3830
SAL22002,737,456,191,88,5187
SAL22003,4,0,0,0,6
SAL22004,0,0,0,0,0
SAL22005,1698,1605,644,260,9888
SAL22006,747,466,128,11,9485
SAL22007,42,54,19,0,617
SAL22008,4,5,3,0,21
SAL22009,205,175,56,8,1061
SAL22010,0,4,6,0,54
SAL22011,49,38,19,9,227
SAL22012,0,0,0,0,7
SAL22013,0,9,3,0,38
SAL22014,212,190,116,33,1006
SAL22015,11,7,0,0,53
SAL22016,738,428,172,47,5018
SAL22017,63,22,9,3,204
SAL22018,23,32,7,0,176
SAL22019,28,27,11,0,134
SAL22020,85,75,51,34,531
SAL22021,20,15,6,0,106
SAL22022,78,57,16,4,387
SAL22023,10,8,0,0,24
SAL22024,3,3,0,0,9
SAL22025,4,0,0,0,17
SAL22026,6,0,0,0,13
SAL22027,2341,1579,979,380,24794
SAL22028,16,12,5,0,94
SAL22029,146,89,34,7,622
SAL22030,5,4,0,0,26
SAL22031,52,22,5,0,201
SAL22032,149,98,32,11,633
SAL22033,0,6,0,0,23
SAL22034,31,20,8,0,84
SAL22035,15,13,0,0,82
SAL22036,436,266,123,33,2057
SAL22037,1139,806,331,144,6804
SAL22038,321,260,177,62,4138
SAL22039,18,10,6,4,109
SAL22040,9,0,0,0,10
SAL22041,1080,535,270,189,10127
SAL22042,826,358,129,83,5536
SAL22043,12,15,0,0,55
SAL22044,9,8,0,0,33
SAL22045,14,12,3,0,63
SAL22046,11,12,8,0,68
SAL22047,712,565,220,74,3986
SAL22048,13,0,0,0,23
SAL22049,400,527,309,83,1927
SAL22050,338,198,70,24,1809
SAL22051,12,5,0,0,59
SAL22052,15,14,4,6,92
SAL22053,4,6,0,0,30
SAL22054,5,5,0,0,11
SAL22055,23,16,0,0,74
SAL22056,66,56,20,8,282
SAL22057,10,10,3,0,71
SAL22058,20,4,9,0,82
SAL22059,6,0,0,0,9
SAL22060,3,0,5,3,23
SAL22061,5,10,8,0,43
SAL22062,38,38,16,0,171
SAL22063,0,7,0,0,7
SAL22064,38,23,7,0,201
SAL22065,21,17,9,0,98
SAL22066,28,16,9,0,89
SAL22067,0,0,0,0,8
SAL22068,7,0,9,0,32
SAL22069,0,0,0,0,5
SAL22070,0,0,0,0,11
SAL22071,0,4,4,0,16
SAL22072,25,12,0,3,99
SAL22073,9,6,5,0,26
SAL22074,11,8,7,0,122
SAL22075,10,3,4,0,18
SAL22076,0,0,0,0,3
SAL22077,23,23,16,3,159
SAL22078,14,9,9,0,94
SAL22079,0,0,0,0,6
SAL22080,10,5,0,0,35
SAL22081,15,10,5,0,67
SAL22082,0,0,0,0,4
SAL22083,0,3,0,0,10
SAL22084,236,122,60,35,1253
SAL22085,0,3,0,0,30
SAL22086,2744,1423,432,68,34065
SAL22087,25,26,11,0,100
SAL22088,449,649,391,126,2447
SAL22089,0,0,0,0,0
SAL22090,0,0,0,0,0
SAL22091,0,7,0,0,36
SAL22092,0,4,0,0,18
SAL22093,5,10,0,0,29
SAL22094,46,39,13,3,206
SAL22095,6,4,0,0,18
SAL22096,3,0,0,0,12
SAL22097,6,9,0,3,41
SAL22098,65,46,18,5,339
SAL22099,11,3,6,0,42
SAL22100,23,10,0,0,101
SAL22101,28,25,5,0,102
SAL22102,97,72,38,3,545
SAL22103,52,52,26,5,215
SAL22104,37,35,12,0,231
SAL22105,361,446,205,91,2083
SAL22106,20,16,8,0,93
SAL22107,1654,1096,507,89,11238
SAL22108,33,33,11,3,119
SAL22109,549,634,353,136,2519
SAL22110,806,690,308,109,4437
SAL22111,64,56,15,8,351
SAL22112,71,55,13,4,318
SAL22113,118,175,131,21,532
SAL22114,11,16,0,0,62
SAL22115,17,19,5,0,100
SAL22116,0,0,0,0,4
SAL22117,8,6,0,0,17
SAL22118,771,531,272,111,8738
SAL22119,6,4,0,0,25
SAL22120,5,0,0,0,12
SAL22121,2070,1037,360,185,19116
SAL22122,187,187,102,26,1367
SAL22123,17,16,5,0,116
SAL22124,9,0,0,0,470
SAL22125,9,4,0,0,17
SAL22126,7,0,0,0,9
SAL22127,23,8,11,0,148
SAL22128,0,4,0,0,18
SAL22129,61,53,18,11,396
SAL22130,44,39,18,3,264
SAL22131,26,21,8,3,88
SAL22132,0,0,0,0,0
SAL22133,36,12,14,0,164
SAL22134,237,167,64,14,1293
SAL22135,227,290,142,36,1003
SAL22136,23,20,0,0,102
SAL22137,62,47,29,21,294
SAL22138,8,13,0,0,41
SAL22139,0,3,0,0,11
SAL22140,0,0,0,0,17
SAL22141,27,0,3,0,628
SAL22142,59,40,17,3,238
SAL22143,8,7,4,0,45
SAL22144,27,12,7,0,118
SAL22145,72,141,77,15,373
SAL22146,31,27,8,0,151
SAL22147,421,268,120,31,2329
SAL22148,133,140,29,7,592
SAL22149,120,111,41,18,453
SAL22150,19,17,0,0,61
SAL22151,229,193,76,33,1544
SAL22152,8,12,11,0,48
SAL22153,8,0,0,0,24
SAL22154,41,38,13,0,168
SAL22155,19,9,5,0,81
SAL22156,0,0,0,0,16
SAL22157,0,0,0,0,0
SAL22158,6,5,0,0,17
SAL22159,5,5,0,0,50
SAL22160,328,245,81,13,1504
SAL22161,2727,1621,885,489,26272
SAL22162,0,0,0,0,0
SAL22163,8,9,0,0,27
SAL22164,127,158,47,3,502
SAL22165,3,0,0,0,26
SAL22166,0,0,0,0,3
SAL22167,0,0,0,0,0
SAL22168,5,0,0,0,3
SAL22169,5,3,3,0,19
SAL22170,1826,1135,477,128,19752
SAL22171,6,0,3,0,10
SAL22172,462,312,133,9,2350
SAL22173,6,3,0,0,22
SAL22174,1181,906,535,295,10566
SAL22175,797,554,310,112,5814
SAL22176,994,639,356,106,5408
SAL22177,25,23,6,5,136
SAL22178,101,108,30,16,587
SAL22179,104,50,35,4,955
SAL22180,32,12,8,0,123
SAL22181,13,10,0,0,78
SAL22182,11,9,3,0,31
SAL22183,154,131,46,33,1219
SAL22184,260,174,139,74,1328
SAL22185,9,4,0,0,28
SAL22186,82,48,10,0,1313
SAL22187,4,3,0,0,17
SAL22188,10,8,5,0,34
SAL22189,0,0,0,0,0
SAL22190,32,15,3,5,108
SAL22191,12,12,3,3,88
SAL22192,3,4,0,0,7
SAL22193,462,285,128,23,2868
SAL22194,721,538,279,164,4959
SAL22195,5,5,0,0,13
SAL22196,0,0,0,0,0
SAL22197,19,12,0,0,59
SAL22198,1180,1137,722,271,7159
SAL22199,154,127,59,11,843
SAL22200,0,5,0,0,7
SAL22201,14,21,3,0,71
SAL22202,4,0,0,0,26
SAL22203,113,66,16,5,573
SAL22204,3,3,0,0,14
SAL22205,4,0,0,0,5
SAL22206,24,18,15,0,128
SAL22207,3177,1623,750,223,17274
SAL22208,1132,422,160,39,8787
SAL22209,4,5,3,0,24
SAL22210,13,9,9,3,88
SAL22211,37,31,0,0,101
SAL22212,0,0,5,0,15
SAL22213,5,6,0,0,29
SAL22214,64,36,20,14,275
SAL22215,168,105,61,25,645
SAL22216,12,13,7,0,43
SAL22217,246,219,99,31,1273
SAL22218,0,0,0,0,0
SAL22219,50,43,5,4,185
SAL22220,1018,937,458,177,5224
SAL22221,0,0,0,0,12
SAL22222,648,579,386,96,3296
SAL22223,10,12,5,0,54
SAL22224,59,52,19,6,328
SAL22225,4,6,0,0,40
SAL22226,1032,877,469,213,6937
SAL22227,0,4,0,0,13
SAL22228,6,6,0,0,29
SAL22229,194,167,78,33,936
SAL22230,15,21,3,3,59
SAL22231,0,0,0,0,3
SAL22232,476,334,73,14,2640
SAL22233,15,12,0,0,59
SAL22234,1259,924,512,262,6575
SAL22235,24,16,6,0,98
SAL22236,50,39,13,6,184
SAL22237,0,0,0,0,0
SAL22238,64,58,10,4,287
SAL22239,116,104,29,6,563
SAL22240,7,10,0,0,49
SAL22241,64,57,7,0,419
SAL22242,486,304,131,27,3156
SAL22243,7,10,0,0,52
SAL22244,18,22,6,0,116
SAL22245,29,14,4,0,96
SAL22246,48,47,17,8,258
SAL22247,352,151,47,17,2415
SAL22248,0,3,0,0,9
SAL22249,1202,891,479,160,8939
SAL22250,173,123,57,16,1099
SAL22251,48,39,11,0,189
SAL22252,16,9,0,0,70
SAL22253,15,23,3,0,74
SAL22254,30,6,3,0,117
SAL22255,569,525,280,97,4463
SAL22256,389,132,29,13,3136
SAL22257,90,44,15,5,348
SAL22258,148,116,34,3,935
SAL22259,0,0,0,0,0
SAL22260,12,6,0,0,22
SAL22261,14,10,0,3,103
SAL22262,3,8,8,0,59
SAL22263,224,117,56,6,1234
SAL22264,61,35,12,0,421
SAL22265,530,387,197,80,2935
SAL22266,24,15,3,0,98
SAL22267,0,3,0,0,0
SAL22268,13,14,3,0,80
SAL22269,3,6,0,0,20
SAL22270,0,4,3,0,11
SAL22271,55,36,13,0,228
SAL22272,39,18,4,0,139
SAL22273,0,0,0,0,0
SAL22274,11,9,5,0,36
SAL22275,1913,1438,807,362,13857
SAL22276,73,47,12,0,463
SAL22277,86,32,22,9,877
SAL22278,35,33,16,3,184
SAL22279,95,123,59,14,429
SAL22280,0,0,0,0,17
SAL22281,105,64,31,5,630
SAL22282,58,52,16,4,199
SAL22283,45,14,7,0,239
SAL22284,7,5,0,0,19
SAL22285,5,12,4,0,34
SAL22286,29,36,22,5,171
SAL22287,0,0,4,0,11
SAL22288,10,4,0,0,29
SAL22289,4,0,0,0,12
SAL22290,76,40,27,9,294
SAL22291,517,208,93,23,3635
SAL22292,11,4,0,0,18
SAL22293,23,35,6,3,138
SAL22294,65,23,8,0,188
SAL22295,57,34,6,0,202
SAL22296,4,4,3,0,20
SAL22297,14,0,0,0,33
SAL22298,140,108,37,4,844
SAL22299,100,91,19,0,591
SAL22300,0,0,0,0,0
SAL22301,81,42,28,0,399
SAL22302,285,196,74,18,1617
SAL22303,259,285,131,19,1184
SAL22304,0,0,0,0,3
SAL22305,1010,636,309,146,5811
SAL22306,260,413,228,43,1328
SAL22307,37,26,11,4,201
SAL22308,90,65,21,0,626
SAL22309,148,56,12,4,1208
SAL22310,987,612,327,177,7874
SAL22311,1362,686,274,105,11640
SAL22312,6,7,0,0,49
SAL22313,0,4,0,0,40
SAL22314,1636,1252,718,207,18847
SAL22315,1025,647,255,40,17664
SAL22316,11,7,3,0,53
SAL22317,9,4,0,0,25
SAL22318,10,0,3,0,23
SAL22319,183,97,32,7,1577
SAL22320,316,243,134,53,1670
SAL22321,31,28,6,0,114
SAL22322,12,5,0,0,52
SAL22323,0,6,0,0,7
SAL22324,0,0,0,0,0
SAL22325,18,7,9,0,106
SAL22326,34,22,4,0,169
SAL22327,15,7,8,0,104
SAL22328,789,541,329,174,9163
SAL22329,483,358,202,58,4417
SAL22330,1618,1165,700,409,15526
SAL22331,376,264,150,67,2244
SAL22332,140,110,47,0,679
SAL22333,132,73,22,0,546
SAL22334,171,174,113,48,1000
SAL22335,10,8,7,0,48
SAL22336,9,4,0,0,17
SAL22337,0,5,0,0,25
SAL22338,4,0,0,0,27
SAL22339,313,207,94,68,1539
SAL22340,7,5,0,0,16
SAL22341,9,0,5,0,22
SAL22342,13,11,11,0,58
SAL22343,1743,1001,373,90,14500
SAL22344,839,562,230,81,8006
SAL22345,315,207,81,10,2033
SAL22346,419,431,151,23,1913
SAL22347,3,6,3,0,16
SAL22348,7,7,4,0,35
SAL22349,43,35,3,0,205
SAL22350,64,70,24,13,355
SAL22351,68,65,16,5,241
SAL22352,18,7,5,0,61
SAL22353,0,4,0,0,17
SAL22354,467,444,245,116,2824
SAL22355,29,19,12,5,158
SAL22356,11,4,0,0,33
SAL22357,12,17,0,0,56
SAL22358,0,0,0,0,0
SAL22359,3,9,4,0,23
SAL22360,5,3,0,0,25
SAL22361,10,6,0,0,47
SAL22362,4,3,0,0,23
SAL22363,0,0,0,0,0
SAL22364,33,17,16,0,140
SAL22365,14,3,0,0,38
SAL22366,17,25,8,0,102
SAL22367,14,16,0,0,57
SAL22368,0,0,0,0,4
SAL22369,243,200,74,14,1440
SAL22370,38,17,7,0,128
SAL22371,24,12,0,0,87
SAL22372,58,54,20,5,226
SAL22373,515,467,232,93,3027
SAL22374,10,12,5,0,77
SAL22375,14,12,0,0,104
SAL22376,508,395,144,27,3407
SAL22377,8,4,5,0,49
SAL22378,0,3,0,0,17
SAL22379,70,40,11,0,449
SAL22380,825,530,209,76,4733
SAL22381,59,80,45,6,523
SAL22382,89,27,6,0,2022
SAL22383,13,15,0,0,67
SAL22384,15,8,4,0,68
SAL22385,11,7,3,0,39
SAL22386,0,0,0,0,11
SAL22387,39,25,3,0,143
SAL22388,0,0,0,0,0
SAL22389,23,14,0,0,115
SAL22390,0,0,0,0,0
SAL22391,2939,1873,788,255,19200
SAL22392,36,22,9,3,184
SAL22393,28,19,11,0,155
SAL22394,44,33,9,0,243
SAL22395,471,263,122,79,4709
SAL22396,521,326,144,63,4817
SAL22397,817,514,294,98,7525
SAL22398,92,53,21,4,392
SAL22399,1500,1152,473,191,8352
SAL22400,5,4,0,0,10
SAL22401,15,8,0,0,72
SAL22402,0,0,0,0,3
SAL22403,20,21,6,7,95
SAL22404,14,13,3,0,48
SAL22405,677,493,293,131,4807
SAL22406,0,0,0,0,4
SAL22407,0,0,0,0,0
SAL22408,11,4,0,0,63
SAL22409,70,87,42,4,431
SAL22410,26,20,10,4,118
SAL22411,0,0,0,0,5
SAL22412,0,3,0,0,10
SAL22413,25,17,6,0,109
SAL22414,718,310,135,72,5106
SAL22415,3,0,0,0,6
SAL22416,0,0,0,0,0
SAL22417,19,8,0,0,81
SAL22418,6,0,0,0,18
SAL22419,49,55,22,9,216
SAL22420,4,0,0,0,21
SAL22421,0,4,5,0,14
SAL22422,3,0,0,0,11
SAL22423,70,47,28,5,224
SAL22424,26,20,13,0,131
SAL22425,13,7,0,0,49
SAL22426,116,78,48,39,585
SAL22427,3,0,0,0,21
SAL22428,10,11,3,0,69
SAL22429,28,12,15,0,114
SAL22430,93,65,24,4,418
SAL22431,46,33,15,0,296
SAL22432,3,6,0,0,20
SAL22433,37,24,7,0,165
SAL22434,0,3,0,0,3
SAL22435,0,0,0,0,0
SAL22436,19,12,4,3,85
SAL22437,3,5,8,0,29
SAL22438,5,3,0,0,13
SAL22439,4,0,0,0,16
SAL22440,0,3,0,0,27
SAL22441,62,32,19,4,436
SAL22442,0,0,0,0,0
SAL22443,0,0,0,0,7
SAL22444,58,44,21,7,284
SAL22445,5,0,0,0,12
SAL22446,9,3,0,0,11
SAL22447,80,61,23,0,334
SAL22448,5,0,0,0,23
SAL22449,5,5,0,0,16
SAL22450,22,22,8,6,81
SAL22451,1495,754,272,51,28145
SAL22452,15,6,0,0,56
SAL22453,5,3,0,0,18
SAL22454,15,8,3,0,52
SAL22455,0,0,0,0,10
SAL22456,8,15,0,0,43
SAL22457,8,7,7,0,45
SAL22458,48,39,13,0,234
SAL22459,8,5,0,0,18
SAL22460,13,6,0,0,39
SAL22461,3,0,0,0,14
SAL22462,40,36,9,0,156
SAL22463,3,5,0,0,31
SAL22464,4,0,0,0,22
SAL22465,57,59,16,4,252
SAL22466,46,29,10,0,152
SAL22467,379,272,171,61,2319
SAL22468,12,3,0,0,58
SAL22469,7,9,0,0,67
SAL22470,89,57,17,3,315
SAL22471,120,129,67,17,626
SAL22472,12,6,7,0,50
SAL22473,640,304,135,42,6556
SAL22474,1490,710,250,56,7064
SAL22475,3,9,0,0,24
SAL22476,245,138,44,13,1196
SAL22477,10,0,0,0,7
SAL22478,0,0,4,0,10
SAL22479,173,119,33,9,1149
SAL22480,8,3,0,0,35
SAL22481,4,0,0,0,14
SAL22482,0,0,0,0,16
SAL22483,1740,1329,760,281,9378
SAL22484,1121,794,702,256,7622
SAL22485,0,4,0,0,21
SAL22486,15,19,10,4,105
SAL22487,3,0,3,0,20
SAL22488,211,138,70,32,1006
SAL22489,13,8,7,0,49
SAL22490,4,0,0,0,13
SAL22491,4,0,0,0,7
SAL22492,5,0,4,0,9
SAL22493,3,6,0,0,46
SAL22494,10,5,0,0,45
SAL22495,3,0,0,0,3
SAL22496,362,236,128,60,2330
SAL22497,0,0,0,0,3
SAL22498,31,24,16,0,126
SAL22499,0,0,0,0,14
SAL22500,23,15,9,3,82
SAL22501,119,110,33,5,593
SAL22502,8,0,4,0,41
SAL22503,0,4,4,0,13
SAL22504,847,601,294,83,7945
SAL22505,0,0,0,0,0
SAL22506,119,73,41,17,880
SAL22507,12,12,8,0,63
SAL22508,1312,666,267,191,11596
SAL22509,73,18,5,0,1564
SAL22510,38,28,17,0,155
SAL22511,42,36,5,0,209
SAL22512,0,4,0,0,13
SAL22513,9,6,0,0,30
SAL22514,25,13,6,0,85
SAL22515,0,0,0,0,0
SAL22516,95,89,30,20,559
SAL22517,0,3,0,0,18
SAL22518,0,8,5,0,39
SAL22519,7,10,3,0,40
SAL22520,4,0,4,0,10
SAL22521,34,18,15,0,169
SAL22522,5,7,3,0,28
SAL22523,14,3,0,0,39
SAL22524,0,0,0,0,0
SAL22525,9,4,0,0,50
SAL22526,83,66,13,0,321
SAL22527,0,0,0,0,0
SAL22528,130,121,53,27,841
SAL22529,0,0,4,0,9
SAL22530,9,4,0,0,29
SAL22531,32,14,13,0,132
SAL22532,0,3,0,0,11
SAL22533,36,21,9,0,159
SAL22534,65,43,11,0,398
SAL22535,12,10,0,0,58
SAL22536,46,30,13,4,207
SAL22537,76,47,17,3,387
SAL22538,23,8,7,0,111
SAL22539,0,0,0,0,0
SAL22540,5,7,5,0,30
SAL22541,12,4,5,0,48
SAL22542,0,0,0,0,0
SAL22543,106,75,8,0,521
SAL22544,63,75,29,10,346
SAL22545,12,14,0,0,49
SAL22546,132,105,26,11,788
SAL22547,1409,1340,862,308,8664
SAL22548,63,36,17,3,264
SAL22549,0,0,0,0,0
SAL22550,276,250,116,31,1586
SAL22551,1478,1291,519,173,10357
SAL22552,8,5,0,0,21
SAL22553,33,21,11,0,139
SAL22554,0,0,0,0,25
SAL22555,4,4,0,0,14
SAL22556,0,0,0,0,0
SAL22557,0,0,0,0,3
SAL22558,9,0,4,0,16
SAL22559,0,0,0,0,6
SAL22560,0,0,0,0,4
SAL22561,0,0,0,0,0
SAL22562,5,5,0,0,44
SAL22563,19,19,5,3,77
SAL22564,4,0,0,0,19
SAL22565,262,299,143,66,2027
SAL22566,51,23,7,0,190
SAL22567,33,24,14,7,171
SAL22568,5,6,0,0,42
SAL22569,1957,1436,807,321,13019
SAL22570,181,137,44,3,914
SAL22571,39,35,4,0,270
SAL22572,118,87,29,8,1519
SAL22573,19,5,6,0,76
SAL22574,8,10,6,0,44
SAL22575,5,3,0,0,11
SAL22576,8,10,0,0,39
SAL22577,215,199,101,31,884
SAL22578,29,19,6,0,119
SAL22579,11,4,8,0,78
SAL22580,8,4,0,0,56
SAL22581,14,8,0,0,42
SAL22582,766,432,143,26,18280
SAL22583,5,0,0,0,6
SAL22584,57,34,7,4,195
SAL22585,0,0,0,0,3
SAL22586,377,295,138,22,3138
SAL22587,37,27,13,0,181
SAL22588,0,0,0,0,4
SAL22589,4,0,3,0,14
SAL22590,0,0,0,0,3
SAL22591,4,4,8,0,25
SAL22592,3,0,0,0,7
SAL22593,5,3,0,0,41
SAL22594,341,217,101,20,1762
SAL22595,0,0,0,0,0
SAL22596,81,70,11,5,468
SAL22597,70,43,12,0,369
SAL22598,58,15,11,3,259
SAL22599,56,31,14,5,245
SAL22600,13,8,0,0,63
SAL22601,35,21,0,0,114
SAL22602,26,12,4,0,106
SAL22603,0,0,0,0,6
SAL22604,0,0,0,0,8
SAL22605,0,0,0,0,4
SAL22606,4,4,0,3,15
SAL22607,6,3,0,0,29
SAL22608,16,18,4,3,69
SAL22609,0,0,0,0,0
SAL22610,5,0,0,0,9
SAL22611,49,17,8,4,192
SAL22612,13,11,5,5,83
SAL22613,9,8,0,0,30
SAL22614,326,228,100,57,1896
SAL22615,13,6,3,0,68
SAL22616,13,16,0,0,67
SAL22617,42,23,23,0,201
SAL22618,5,3,6,0,24
SAL22619,3,0,0,0,18
SAL22620,687,483,141,22,3821
SAL22621,24,16,4,0,91
SAL22622,4,3,3,0,19
SAL22623,12,7,0,0,36
SAL22624,19,7,5,0,91
SAL22625,153,143,59,16,593
SAL22626,141,127,51,10,543
SAL22627,766,601,412,114,5912
SAL22628,1079,977,556,298,6773
SAL22629,4,5,0,0,18
SAL22630,9,10,3,0,26
SAL22631,0,0,0,0,0
SAL22632,5,3,4,5,33
SAL22633,618,411,279,72,3698
SAL22634,14,11,0,0,67
SAL22635,115,110,55,32,515
SAL22636,3,0,0,0,18
SAL22637,4,0,0,0,20
SAL22638,6,9,3,0,31
SAL22639,34,16,9,0,175
SAL22640,8,3,5,0,30
SAL22641,0,0,0,0,0
SAL22642,0,0,0,0,0
SAL22643,5,3,3,0,26
SAL22644,79,92,28,14,491
SAL22645,18,11,9,0,50
SAL22646,3,0,0,0,14
SAL22647,10,5,4,0,36
SAL22648,0,3,0,0,27
SAL22649,6,3,0,0,21
SAL22650,74,63,14,7,359
SAL22651,9,0,0,0,15
SAL22652,0,0,0,0,0
SAL22653,30,15,9,3,82
SAL22654,0,0,0,0,3
SAL22655,0,0,4,0,12
SAL22656,28,21,4,3,114
SAL22657,5,0,0,0,37
SAL22658,0,0,0,0,0
SAL22659,4,0,0,0,4
SAL22660,0,0,0,0,4
SAL22661,796,413,140,23,6644
SAL22662,3,3,0,0,22
SAL22663,167,127,62,22,792
SAL22664,4,0,0,3,16
SAL22665,45,38,15,0,160
SAL22666,15,15,4,0,67
SAL22667,19,24,4,0,90
SAL22668,25,39,7,4,110
SAL22669,247,172,60,12,1226
SAL22670,5,4,0,0,28
SAL22671,63,45,21,5,289
SAL22672,42,25,7,0,203
SAL22673,274,168,82,28,1560
SAL22674,7,0,0,0,26
SAL22675,16,8,0,0,60
SAL22676,144,72,27,0,751
SAL22677,0,0,0,0,0
SAL22678,27,32,10,10,137
SAL22679,0,0,0,0,3
SAL22680,1402,1184,740,328,9189
SAL22681,51,48,19,0,272
SAL22682,0,0,0,0,7
SAL22683,11,5,5,0,102
SAL22684,7,19,3,0,64
SAL22685,1069,983,405,233,7539
SAL22686,1861,1338,680,323,11399
SAL22687,50,35,7,0,172
SAL22688,10,9,0,0,33
SAL22689,252,190,93,23,1151
SAL22690,4,16,5,0,44
SAL22691,3,4,0,0,23
SAL22692,5,4,0,0,15
SAL22693,11,25,3,0,91
SAL22694,0,0,0,0,3
SAL22695,49,32,14,0,276
SAL22696,4,8,0,0,24
SAL22697,202,176,108,56,1075
SAL22698,1553,1231,682,211,10019
SAL22699,39,20,4,0,136
SAL22700,3,4,3,0,16
SAL22701,11,5,0,0,32
SAL22702,662,441,169,36,3088
SAL22703,75,48,12,5,376
SAL22704,529,262,108,16,2582
SAL22705,10,0,0,0,23
SAL22706,22,20,3,0,75
SAL22707,50,36,17,0,341
SAL22708,0,0,0,0,3
SAL22709,25,20,6,5,110
SAL22710,2482,1873,980,415,15398
SAL22711,7,6,0,0,24
SAL22712,11,0,5,0,44
SAL22713,9,8,3,0,49
SAL22714,13,7,9,3,51
SAL22715,0,0,4,0,18
SAL22716,0,3,0,0,16
SAL22717,12,5,0,0,90
SAL22718,0,5,0,0,15
SAL22719,10,13,3,0,62
SAL22720,194,109,35,0,1231
SAL22721,373,239,132,42,2857
SAL22722,277,218,125,28,1968
SAL22723,7,3,0,0,31
SAL22724,19,23,5,0,135
SAL22725,0,0,0,0,0
SAL22726,25,6,0,0,62
SAL22727,202,103,58,16,1016
SAL22728,0,0,0,0,4
SAL22729,34,24,9,0,134
SAL22730,292,177,76,6,2488
SAL22731,0,0,0,0,5
SAL22732,3,4,3,0,22
SAL22733,111,90,43,9,423
SAL22734,0,0,0,0,10
SAL22735,0,0,3,0,16
SAL22736,0,0,0,0,4
SAL22737,0,3,4,0,35
SAL22738,11,9,4,0,50
SAL22739,0,5,6,0,22
SAL22740,68,39,18,0,1790
SAL22741,22,12,7,0,81
SAL22742,33,30,7,0,113
SAL22743,28,39,16,4,171
SAL22744,3,4,7,0,44
SAL22745,562,570,388,206,4506
SAL22746,14,3,0,0,54
SAL22747,0,0,0,0,0
SAL22748,0,8,3,0,23
SAL22749,6,3,0,0,21
SAL22750,2823,1774,778,354,23556
SAL22751,195,105,53,13,1147
SAL22752,10,5,5,0,41
SAL22753,79,65,28,10,488
SAL22754,26,21,9,0,171
SAL22755,4,12,0,0,51
SAL22756,639,290,127,45,6757
SAL22757,347,170,57,6,5923
SAL22758,1091,809,320,101,6831
SAL22759,20,25,6,0,90
SAL22760,0,3,0,0,9
SAL22761,430,295,138,57,2982
SAL22762,4,7,0,0,31
SAL22763,6,15,5,0,70
SAL22764,59,29,15,5,233
SAL22765,37,31,7,0,154
SAL22766,1687,1609,1215,655,11505
SAL22767,0,0,5,0,9
SAL22768,5,0,0,0,6
SAL22769,252,213,96,24,1718
SAL22770,53,33,9,4,194
SAL22771,0,4,6,0,20
SAL22772,32,21,4,3,119
SAL22773,4,5,3,0,22
SAL22774,235,172,96,36,1704
SAL22775,396,350,140,80,2842
SAL22776,0,4,0,0,10
SAL22777,44,22,9,9,183
SAL22778,6,12,0,0,53
SAL22779,8,8,0,0,37
SAL22780,5,3,0,0,25
SAL22781,13,15,7,0,70
SAL22782,25,12,0,4,82
SAL22783,7,4,0,0,31
SAL22784,28,21,3,0,112
SAL22785,0,0,0,0,16
SAL22786,3,0,0,0,14
SAL22787,10,4,0,0,28
SAL22788,52,45,16,5,218
SAL22789,3,0,0,0,16
SAL22790,0,0,0,0,8
SAL22791,341,181,25,0,5398
SAL22792,1773,1095,425,126,8258
SAL22793,144,94,43,12,911
SAL22794,64,42,25,0,326
SAL22795,40,18,9,4,142
SAL22796,3,4,0,0,12
SAL22797,6,7,0,0,45
SAL22798,14,5,4,0,69
SAL22799,8,9,0,0,45
SAL22800,0,0,0,0,12
SAL22801,51,30,11,4,211
SAL22802,204,167,73,40,1270
SAL22803,21,10,4,0,96
SAL22804,12,4,0,0,52
SAL22805,446,294,167,133,5300
SAL22806,0,0,0,0,0
SAL22807,0,0,0,0,13
SAL22808,0,0,0,0,3
SAL22809,0,0,0,0,0
SAL22810,0,0,0,0,8
SAL22811,0,0,0,0,8
SAL22812,0,7,0,5,59
SAL22813,40,24,11,0,225
SAL22814,125,77,38,4,1650
SAL22815,16,11,3,0,60
SAL22816,0,0,0,0,4
SAL22817,4,0,0,0,3
SAL22818,13,10,0,0,88
SAL22819,1448,1182,575,130,9863
SAL22820,570,329,81,14,11421
SAL22821,9,0,0,0,16
SAL22822,5,10,0,0,15
SAL22823,35,24,10,0,117
SAL22824,10,7,0,0,27
SAL22825,461,266,103,28,2044
SAL22826,12,14,3,0,33
SAL22827,0,0,0,0,0
SAL22828,0,0,0,0,0
SAL22829,451,453,282,109,2420
SAL22830,14,10,0,0,48
SAL22831,4,11,0,0,23
SAL22832,8,8,5,0,41
SAL22833,636,563,278,67,3704
SAL22834,34,30,12,0,169
SAL22835,12,10,0,0,46
SAL22836,37,30,15,0,234
SAL22837,0,0,3,0,27
SAL22838,4,5,0,0,24
SAL22839,8,0,3,3,57
SAL22840,3,4,0,0,21
SAL22841,35,40,16,4,189
SAL22842,21,15,0,0,62
SAL22843,6,16,8,3,73
SAL22844,0,0,0,0,13
SAL22845,0,0,0,0,19
SAL22846,46,41,16,0,251
SAL22847,4,8,0,0,24
SAL22848,12,36,10,4,119
SAL22849,0,0,0,0,0
SAL22850,4,0,0,0,7
SAL22851,35,24,0,0,163
SAL22852,23,22,4,8,90
SAL22853,50,39,13,0,209
SAL22854,10,0,0,0,22
SAL22855,4,9,3,3,30
SAL22856,0,7,0,0,37
SAL22857,211,144,56,12,1403
SAL22858,15,10,0,0,108
SAL22859,8,3,5,0,36
SAL22860,26,21,4,0,153
SAL22861,11,3,4,0,64
SAL22862,6,3,0,0,11
SAL22863,0,0,0,0,10
SAL22864,9,0,0,0,17
SAL22865,0,0,0,0,0
SAL22866,0,0,0,0,0
SAL22867,0,0,0,0,0
SAL22868,0,0,0,0,0
SAL22869,11,6,6,0,37
SAL22870,0,0,0,0,3
SAL22871,0,0,0,0,6
SAL22872,0,0,0,0,0
SAL22873,36,19,9,0,149
SAL22874,24,18,4,0,84
SAL22875,96,62,23,4,532
SAL22876,189,142,58,24,917
SAL22877,59,34,25,22,274
SAL22878,4,0,0,0,3
SAL22879,9,0,0,0,13
SAL22880,0,0,0,0,5
SAL22881,6,8,3,0,41
SAL22882,8,5,0,0,34
SAL22883,829,464,151,26,9469
SAL22884,24,15,10,0,124
SAL22885,11,5,0,0,43
SAL22886,9,4,0,0,31
SAL22887,7,10,3,0,46
SAL22888,4,0,0,0,20
SAL22889,280,201,94,24,1163
SAL22890,13,9,0,0,100
SAL22891,0,5,0,0,7
SAL22892,269,180,89,24,2225
SAL22893,14,10,8,0,74
SAL22894,154,80,34,10,703
SAL22895,0,0,0,0,0
SAL22896,12,19,9,0,148
SAL22897,11,3,0,0,44
SAL22898,25,21,9,0,141
SAL22899,4,4,4,0,29
SAL22900,38,26,6,0,144
SAL22901,0,3,0,0,20
SAL22902,30,29,7,4,107
SAL22903,15,6,0,0,33
SAL22904,9,7,0,0,50
SAL22905,0,0,0,0,0
SAL22906,13,15,4,0,127
SAL22907,26,22,11,0,147
SAL22908,24,17,4,0,82
SAL22909,4,3,0,0,34
SAL22910,236,216,92,26,1514
SAL22911,206,196,104,34,1370
SAL22912,0,3,0,0,7
SAL22913,178,156,44,12,903
SAL22914,27,38,10,0,130
SAL22915,175,179,84,47,951
SAL22916,200,104,64,10,854
SAL22917,1128,459,152,74,9029
SAL22918,9,8,0,0,40
SAL22919,601,722,435,150,3866
SAL22920,0,0,0,0,5
SAL22921,58,22,16,3,255
SAL22922,0,0,0,0,10
SAL22923,0,0,0,0,0
SAL22924,202,180,114,26,918
SAL22925,82,42,4,7,314
SAL22926,27,25,10,0,149
SAL22927,24,17,13,0,166
SAL22928,14,11,0,0,56
SAL22929,10,10,0,0,61
SAL22930,12,10,5,0,74
SAL22931,3,4,0,4,15
SAL22932,3,0,0,0,8
SAL22933,4,4,4,0,28
SAL22934,108,72,31,14,521
SAL22935,84,59,17,0,363
SAL22936,0,0,0,0,0
SAL22937,3,0,0,0,15
SAL22938,9,5,3,0,13
SAL22939,21,11,0,0,69
SAL22940,5,8,6,0,35
SAL22941,16,12,8,3,62
SAL22942,15,3,0,0,34
SAL22943,13,8,0,0,70
SAL22944,0,0,0,0,0
SAL29494,779,411,85,18,5907
SAL29797,15,4,0,0,40
