SED_CODE_2021,Tot_P_M,Tot_P_F,Tot_P_P,Age_0_4_yr_M,Age_0_4_yr_F,Age_0_4_yr_P,Age_5_14_yr_M,Age_5_14_yr_F,Age_5_14_yr_P,Age_15_19_yr_M,Age_15_19_yr_F,Age_15_19_yr_P,Age_20_24_yr_M,Age_20_24_yr_F,Age_20_24_yr_P,Age_25_34_yr_M,Age_25_34_yr_F,Age_25_34_yr_P,Age_35_44_yr_M,Age_35_44_yr_F,Age_35_44_yr_P,Age_45_54_yr_M,Age_45_54_yr_F,Age_45_54_yr_P,Age_55_64_yr_M,Age_55_64_yr_F,Age_55_64_yr_P,Age_65_74_yr_M,Age_65_74_yr_F,Age_65_74_yr_P,Age_75_84_yr_M,Age_75_84_yr_F,Age_75_84_yr_P,Age_85ov_M,Age_85ov_F,Age_85ov_P,Counted_Census_Night_home_M,Counted_Census_Night_home_F,Counted_Census_Night_home_P,Count_Census_Nt_Ewhere_Aust_M,Count_Census_Nt_Ewhere_Aust_F,Count_Census_Nt_Ewhere_Aust_P,Indigenous_psns_Aboriginal_M,Indigenous_psns_Aboriginal_F,Indigenous_psns_Aboriginal_P,Indig_psns_Torres_Strait_Is_M,Indig_psns_Torres_Strait_Is_F,Indig_psns_Torres_Strait_Is_P,Indig_Bth_Abor_Torres_St_Is_M,Indig_Bth_Abor_Torres_St_Is_F,Indig_Bth_Abor_Torres_St_Is_P,Indigenous_P_Tot_M,Indigenous_P_Tot_F,Indigenous_P_Tot_P,Birthplace_Australia_M,Birthplace_Australia_F,Birthplace_Australia_P,Birthplace_Elsewhere_M,Birthplace_Elsewhere_F,Birthplace_Elsewhere_P,Lang_used_home_Eng_only_M,Lang_used_home_Eng_only_F,Lang_used_home_Eng_only_P,Lang_used_home_Oth_Lang_M,Lang_used_home_Oth_Lang_F,Lang_used_home_Oth_Lang_P,Australian_citizen_M,Australian_citizen_F,Australian_citizen_P,Age_psns_att_educ_inst_0_4_M,Age_psns_att_educ_inst_0_4_F,Age_psns_att_educ_inst_0_4_P,Age_psns_att_educ_inst_5_14_M,Age_psns_att_educ_inst_5_14_F,Age_psns_att_educ_inst_5_14_P,Age_psns_att_edu_inst_15_19_M,Age_psns_att_edu_inst_15_19_F,Age_psns_att_edu_inst_15_19_P,Age_psns_att_edu_inst_20_24_M,Age_psns_att_edu_inst_20_24_F,Age_psns_att_edu_inst_20_24_P,Age_psns_att_edu_inst_25_ov_M,Age_psns_att_edu_inst_25_ov_F,Age_psns_att_edu_inst_25_ov_P,High_yr_schl_comp_Yr_12_eq_M,High_yr_schl_comp_Yr_12_eq_F,High_yr_schl_comp_Yr_12_eq_P,High_yr_schl_comp_Yr_11_eq_M,High_yr_schl_comp_Yr_11_eq_F,High_yr_schl_comp_Yr_11_eq_P,High_yr_schl_comp_Yr_10_eq_M,High_yr_schl_comp_Yr_10_eq_F,High_yr_schl_comp_Yr_10_eq_P,High_yr_schl_comp_Yr_9_eq_M,High_yr_schl_comp_Yr_9_eq_F,High_yr_schl_comp_Yr_9_eq_P,High_yr_schl_comp_Yr_8_belw_M,High_yr_schl_comp_Yr_8_belw_F,High_yr_schl_comp_Yr_8_belw_P,High_yr_schl_comp_D_n_g_sch_M,High_yr_schl_comp_D_n_g_sch_F,High_yr_schl_comp_D_n_g_sch_P,Count_psns_occ_priv_dwgs_M,Count_psns_occ_priv_dwgs_F,Count_psns_occ_priv_dwgs_P,Count_Persons_other_dwgs_M,Count_Persons_other_dwgs_F,Count_Persons_other_dwgs_P
SED20106,39988,40958,80946,1585,1494,3086,2587,2560,5147,1214,1274,2489,2666,2926,5593,10032,10408,20445,7213,7062,14274,5271,5429,10699,4402,4384,8793,2989,3186,6174,1601,1676,3277,421,556,977,38247,39049,77302,1735,1913,3645,186,194,377,4,5,10,6,4,12,195,205,403,21808,21579,43384,15731,17034,32763,26740,26239,52980,10722,12328,23045,28685,29010,57694,460,453,910,2441,2385,4829,1037,1103,2135,1394,1572,2964,2639,3498,6136,27299,28630,55922,2411,2356,4766,2084,1878,3964,736,665,1398,588,725,1315,165,226,394,36442,37440,73879,3283,2832,6115
SED20207,53859,54672,108534,4206,3997,8201,8939,8369,17308,3040,2814,5853,2890,2732,5620,7369,8061,15432,10646,10768,21413,7118,7079,14192,4699,4900,9594,3179,3570,6750,1384,1683,3072,397,698,1101,52887,53781,106664,974,892,1869,315,327,641,9,10,15,12,15,30,337,351,686,27389,27427,54820,24034,25016,49057,28264,28191,56453,22941,24004,46944,40194,40513,80708,1346,1215,2556,8353,7830,16183,2499,2399,4894,1253,1313,2571,1948,3007,4952,26504,28555,55059,3921,3560,7478,4483,4004,8489,1812,1824,3634,1305,1718,3024,413,500,916,51343,52279,103621,2229,2188,4420
SED20302,56705,59110,115817,4564,4338,8900,8285,8180,16463,3067,2908,5970,2895,2918,5815,8367,9221,17584,8646,8723,17368,6257,6357,12615,5655,6341,11993,5333,5858,11190,2851,3101,5951,788,1173,1961,54667,57162,111839,2033,1942,3979,512,523,1039,23,10,36,11,11,20,541,552,1097,37124,38928,76052,16491,16969,33461,39616,41546,81160,14027,14309,28337,47410,49081,96489,1230,1117,2352,7719,7597,15320,2317,2323,4635,850,1093,1946,1591,2869,4459,21854,25660,47516,6014,5749,11759,7766,6906,14665,3278,2956,6234,1773,1958,3738,352,392,743,53140,55441,108580,3139,3359,6505
SED20401,31604,33082,64685,1923,1882,3813,3932,3648,7580,1774,1574,3345,1814,1754,3572,4414,4707,9122,4836,4939,9776,4204,4359,8567,3630,3855,7481,2770,3343,6116,1667,1972,3635,632,1051,1681,30763,32221,62990,839,853,1691,250,254,508,10,9,16,5,4,8,262,268,531,22269,22672,44943,8147,9265,17409,23737,24331,48066,6552,7330,13888,27349,28292,55633,619,566,1184,3747,3468,7211,1442,1324,2766,705,757,1467,950,1515,2466,14387,16480,30868,3556,3282,6836,3885,3525,7406,1518,1481,2999,925,1107,2028,172,221,385,29962,31161,61122,1362,1653,3009
SED20508,34296,37050,71339,1784,1666,3448,4392,4137,8528,1874,1731,3600,1495,1395,2890,3090,3303,6395,3783,4258,8042,4111,4659,8775,4568,5561,10130,5450,5907,11357,2890,3190,6074,856,1241,2100,32427,35266,67692,1869,1779,3647,318,303,624,0,0,3,7,14,21,330,314,643,27995,30307,58303,4570,4961,9531,31113,33400,64516,1523,1854,3374,31432,34042,65471,561,500,1062,4159,3901,8058,1477,1433,2908,508,563,1071,734,1363,2094,13705,16873,30577,4731,4802,9530,4906,4735,9638,1965,1875,3841,1086,1108,2191,93,64,154,31721,34291,66014,1884,2245,4130
SED20604,34619,35781,70404,1982,1991,3973,4694,4545,9235,2249,2018,4265,1837,1700,3539,4054,4102,8156,3981,4416,8401,4289,4576,8863,4599,4923,9520,4243,4321,8557,2103,2242,4341,594,955,1548,32930,34252,67177,1693,1535,3221,844,944,1790,29,33,61,19,25,51,890,1005,1898,28911,29892,58804,3590,3851,7444,30719,31897,62617,1789,1970,3761,31280,32550,63824,599,631,1231,4356,4237,8596,1574,1529,3104,490,596,1082,839,1617,2460,11216,14210,25419,4548,4241,8782,6615,5660,12267,2144,1879,4025,1327,1241,2570,134,135,270,31172,32807,63981,3485,3049,6529
SED20704,34915,37200,72117,2259,2125,4385,5087,4730,9815,2230,2165,4395,2191,2252,4442,4423,4828,9251,4141,4654,8796,4121,4560,8677,4194,4710,8905,3729,3992,7723,1881,2157,4031,659,1029,1692,33575,35909,69481,1342,1291,2631,700,771,1472,29,30,58,16,17,34,751,816,1564,29831,31786,61612,3213,3556,6761,30873,32915,63791,2242,2464,4705,31706,33831,65532,658,628,1286,4763,4458,9216,1646,1657,3301,675,934,1613,798,1562,2354,12500,15706,28202,4239,4365,8606,5255,4874,10132,2209,1972,4181,1415,1371,2790,176,170,349,32499,34596,67094,1998,2214,4209
SED20804,31050,32709,63757,1689,1684,3370,3818,3508,7326,1668,1684,3346,1669,1574,3247,3858,3900,7756,3717,3884,7601,3855,4082,7935,4008,4530,8535,3880,4233,8112,2168,2486,4646,735,1152,1885,29860,31553,61416,1185,1157,2342,650,623,1272,27,19,38,8,14,24,685,651,1331,25787,27308,53092,3347,3392,6739,26808,28728,55534,1746,1852,3598,27356,29337,56699,431,422,860,3518,3244,6759,1195,1264,2457,415,524,932,737,1382,2122,10758,13447,24207,3651,3761,7408,5467,4495,9960,2133,1974,4101,1345,1487,2834,194,175,370,28144,30117,58260,2924,2626,5555
SED20906,32467,34303,66780,1829,1689,3524,4899,4453,9351,2269,2048,4321,1935,1737,3672,3683,3711,7389,4647,5356,9999,4976,5422,10398,3736,3938,7677,2464,2870,5335,1396,1891,3287,642,1182,1821,31745,33494,65240,729,808,1536,108,88,192,6,3,13,3,3,6,115,93,205,20278,20604,40881,11247,12648,23897,21412,22056,43466,10047,11107,21157,27561,28870,56430,666,601,1262,4710,4283,8992,2049,1898,3950,1059,1003,2064,993,1463,2456,18288,20268,38550,2310,2252,4564,2250,2170,4422,932,936,1869,810,1138,1947,189,233,422,31249,32893,64141,1002,1203,2208
SED21001,35316,38131,73444,1531,1464,2994,4120,3978,8093,2289,2206,4495,2988,2785,5774,5402,5365,10761,4635,5068,9698,4638,5271,9907,3979,4390,8367,3005,3507,6507,1812,2417,4236,910,1685,2597,34387,37121,71508,922,1007,1935,89,82,176,3,8,17,5,4,7,103,96,200,19699,20424,40120,14306,16260,30562,20331,21153,41485,13607,15469,29076,26578,28380,54956,519,530,1053,3934,3836,7771,2094,2047,4137,1803,1713,3519,1845,2438,4283,21849,23812,45665,2274,2368,4637,1971,2136,4109,1045,1128,2174,774,1113,1887,263,361,618,33404,35833,69233,1892,2175,4070
SED21106,29617,32589,62206,1275,1331,2611,3920,3537,7459,2030,1860,3891,1626,1565,3186,3134,3584,6717,3644,4297,7941,4584,5318,9907,4022,4377,8397,2956,3326,6281,1728,2161,3892,698,1237,1930,28373,31188,59560,1245,1402,2650,74,71,142,3,0,4,0,3,6,75,72,152,20403,22140,42540,8069,9161,17233,23773,25581,49358,4610,5599,10209,25607,28022,53632,422,485,907,3724,3384,7108,1859,1734,3596,1004,932,1934,851,1480,2333,18499,20860,39359,1958,2266,4219,1582,1848,3426,686,676,1362,463,579,1040,95,97,189,27630,30143,57769,1346,1778,3123
SED21203,37760,36618,74380,2673,2532,5203,5327,4962,10294,2393,2240,4628,3009,2579,5586,6528,5748,12275,5227,4873,10099,4220,4273,8487,3922,3821,7743,2347,2732,5074,1521,1951,3476,598,912,1506,37084,35992,73073,677,632,1304,246,251,499,14,16,33,9,4,10,269,271,538,17384,17155,34538,17424,16728,34147,11322,10780,22106,23055,22814,45865,28018,28401,56419,643,560,1197,4703,4394,9092,1772,1844,3623,1231,1140,2373,1698,1956,3655,15514,14644,30160,2416,2201,4619,3284,2858,6141,1865,1774,3639,2731,3514,6242,1104,1661,2764,34863,34002,68870,2878,2501,5375
SED21303,35576,38723,74300,1654,1567,3218,2915,2815,5733,1281,1307,2589,2827,3367,6191,9349,10264,19609,6332,6503,12828,4315,4508,8825,3097,3430,6521,2029,2430,4457,1232,1621,2848,558,918,1476,34308,37183,71498,1263,1535,2805,234,273,507,3,8,17,13,18,27,253,297,550,23984,25610,49595,10392,11892,22275,25319,27021,52337,9005,10416,19423,29816,32331,62150,526,460,989,2820,2715,5534,1106,1163,2271,1496,1864,3359,2536,3619,6155,23673,27006,50679,1992,1635,3627,1858,1468,3322,705,705,1410,1165,1639,2808,329,565,893,33626,36492,70118,1642,1593,3233
SED21401,32367,34747,67111,1521,1523,3047,3626,3399,7023,1922,1751,3675,2070,1821,3888,4004,4034,8038,4129,4483,8607,4077,4532,8605,3950,4402,8350,3129,3923,7052,2737,3275,6010,1195,1614,2811,31624,33989,65617,738,756,1495,82,65,149,0,0,0,4,4,4,85,69,154,16914,17129,34043,14468,16565,31032,15457,15554,31010,15907,18062,33971,26381,27942,54321,538,495,1033,3471,3270,6743,1731,1606,3340,1157,1085,2245,1194,1592,2785,18977,20081,39059,2201,2379,4583,2168,2425,4593,1041,1259,2304,1391,1956,3353,320,456,780,31084,33131,64210,1060,1360,2422
SED21503,30385,30547,60935,1679,1575,3249,3426,3071,6495,1810,1663,3468,2492,2156,4644,4784,4361,9138,4112,4136,8248,3963,4134,8100,3265,3555,6821,2628,3025,5654,1650,1973,3621,576,903,1477,29655,29781,59432,729,773,1501,250,252,498,15,14,22,9,16,22,271,273,543,19508,19721,39223,9704,9773,19476,19230,19326,38561,9922,10125,20047,25111,25755,50875,551,483,1038,3273,2952,6224,1520,1464,2986,1270,1231,2497,1343,1596,2934,15633,16394,32028,2742,2491,5230,2837,2679,5515,1345,1285,2632,1162,1571,2726,340,371,714,28818,28915,57738,1531,1645,3177
SED21608,33246,34177,67425,1976,1919,3897,4688,4389,9075,2056,1958,4019,2064,1896,3969,4228,4370,8598,4138,4377,8516,4253,4544,8797,4104,4357,8458,3543,3736,7281,1693,1858,3554,491,777,1266,31949,33046,64991,1295,1137,2433,573,634,1202,24,27,49,20,15,39,619,671,1290,27457,28454,55907,3791,3854,7650,29406,30386,59790,1921,1990,3911,29782,30862,60641,577,609,1186,4362,4136,8499,1428,1481,2919,609,715,1317,827,1608,2436,11610,14303,25912,3999,4042,8043,5427,4389,9821,2317,1985,4305,1258,1224,2484,103,85,183,30720,31878,62594,2124,2054,4175
SED21706,33317,35543,68864,1631,1561,3187,4109,4079,8188,2213,2359,4577,2994,2736,5726,4898,4463,9361,4302,4586,8892,4412,5069,9474,3755,4140,7897,2738,3140,5877,1531,2065,3599,742,1346,2091,32408,34574,66987,907,973,1881,130,104,236,0,0,4,0,8,6,138,107,242,20112,21102,41213,11950,13279,25231,21315,21957,43269,10711,12357,23070,26599,28605,55203,588,571,1167,3943,3943,7886,2022,2214,4234,1822,1754,3581,1604,1856,3458,20600,22195,42797,2064,2117,4183,1764,1994,3759,923,1009,1934,738,1015,1755,217,279,495,31183,33106,64294,1773,2073,3846
SED21805,34514,36329,70841,2342,2289,4627,4376,4125,8502,1963,1754,3720,1844,1830,3667,4599,4940,9544,5079,5375,10452,4913,5120,10031,4252,4541,8795,3063,3582,6645,1601,1896,3498,478,881,1360,33512,35341,68849,1002,983,1989,397,402,797,25,21,46,8,4,11,426,425,854,25201,26014,51206,7846,8863,16712,28342,29472,57818,4658,5369,10024,30347,31830,62187,724,717,1440,4140,3897,8038,1522,1455,2976,599,703,1307,906,1574,2478,14107,17033,31135,4233,3745,7978,4914,4455,9367,1934,1717,3646,1033,1200,2235,139,181,314,32816,34489,67302,1341,1449,2791
SED21906,32795,34989,67787,1810,1809,3615,3745,3695,7439,1633,1697,3323,2221,2331,4551,6068,6250,12322,4892,5031,9926,3988,4308,8297,3303,3550,6851,3082,3416,6493,1448,1763,3213,613,1141,1750,31825,33859,65680,977,1127,2103,88,90,174,4,0,5,8,0,4,101,90,190,19816,20904,40720,11655,12701,24355,23044,24203,47252,8308,9287,17591,26727,28675,55407,645,648,1292,3559,3521,7079,1491,1522,3006,1263,1405,2668,1609,2056,3667,21188,23123,44316,1709,1863,3577,1536,1478,3015,737,674,1415,536,671,1203,122,158,273,30777,32628,63407,1653,1895,3551
SED22005,38329,37637,75965,2101,1959,4063,3904,3633,7537,1823,1726,3549,3359,2709,6074,7750,6368,14124,5418,5224,10642,4376,4545,8922,3737,4070,7805,2991,3529,6521,1958,2450,4410,905,1419,2321,37588,36896,74480,744,741,1483,99,90,194,12,5,16,3,0,10,114,98,207,16556,15697,32257,20201,20408,40611,15166,14336,29505,21373,21524,42901,27265,27469,54734,632,583,1214,3686,3430,7120,1582,1507,3087,1879,1543,3424,2152,2284,4434,21126,20547,41680,2381,2053,4440,2784,2488,5267,1290,1283,2569,1869,2547,4419,960,1235,2196,36360,35558,71921,2078,2241,4326
SED22105,63570,64320,127892,5928,5558,11490,10886,10193,21080,3802,3768,7571,4143,4025,8169,10004,11194,21200,11499,11224,22726,7308,7204,14512,5010,5070,10081,3068,3555,6619,1483,1774,3257,428,748,1176,62395,63266,125662,1183,1046,2229,494,457,958,13,11,25,13,7,21,522,481,1002,34286,34451,68739,26472,27126,53603,33461,33807,67267,26823,27160,53982,50563,50592,101156,1606,1454,3056,10112,9505,19620,2970,3116,6082,1481,1702,3183,2190,3520,5708,26461,29042,55503,5087,4747,9837,7051,6245,13305,2929,2653,5580,1826,2184,4008,917,1157,2076,60627,61445,122076,2569,2686,5256
SED22201,29615,32221,61836,1978,1818,3797,3819,3595,7414,1702,1573,3277,1769,1705,3473,4023,4400,8420,4272,4516,8789,3656,4106,7762,3405,3862,7265,2727,3403,6132,1681,2231,3914,578,1018,1585,28768,31278,60046,850,941,1790,197,190,389,17,6,21,4,3,7,221,203,426,21879,23438,45316,6876,7817,14689,23621,25454,49078,5061,5709,10770,26015,28191,54202,633,592,1223,3685,3448,7132,1386,1342,2731,711,710,1423,909,1441,2349,13313,15993,29306,3397,3405,6805,3627,3431,7058,1427,1445,2879,913,1160,2074,239,252,491,28269,30622,58885,1000,1162,2162
SED22305,39470,36861,76335,2618,2477,5089,4585,4351,8933,2088,1999,4094,2716,2446,5158,7528,6260,13787,6110,5259,11366,4599,3996,8594,3916,3938,7847,2997,3248,6252,1742,1953,3696,577,930,1513,38643,36088,74732,831,774,1601,207,227,436,14,9,20,3,4,10,228,242,471,14704,13977,28681,21802,20499,42301,12573,11802,24380,23565,22134,45695,26879,26503,53382,546,517,1061,4113,3947,8058,1619,1639,3252,1136,1188,2321,1730,2323,4054,17054,16552,33607,2684,2206,4885,3708,3095,6809,1639,1510,3147,2406,2608,5012,1844,1604,3440,36127,34194,70320,3624,2821,6450
SED22404,31220,31143,62365,1525,1408,2933,3795,3581,7373,1877,1698,3577,1508,1345,2853,3066,3116,6184,3314,3540,6857,4268,4349,8612,4879,5022,9900,4281,4279,8564,2160,2047,4203,551,761,1315,29674,29767,59441,1544,1377,2920,458,488,951,22,22,40,7,5,13,485,516,1005,25012,24784,49802,3702,4007,7708,27825,27811,55644,1101,1235,2341,27778,27782,55555,456,418,871,3470,3294,6766,1320,1291,2610,368,447,820,510,1156,1670,10115,13270,23388,4251,3905,8151,5574,4098,9671,2432,1660,4089,1188,1001,2192,85,72,157,27939,28100,56038,3553,3669,7222
SED22501,29110,30703,59815,1675,1583,3262,4090,3969,8061,1966,1797,3765,1590,1480,3073,2620,2726,5349,3784,4197,7976,4228,4568,8792,3862,4361,8222,3299,3652,6946,1590,1751,3341,406,632,1039,28239,29877,58115,875,827,1703,169,153,313,9,4,10,3,0,4,181,156,337,23157,24266,47415,5279,5732,11011,25103,26080,51184,3267,3872,7139,26932,28264,55202,625,585,1212,3976,3872,7841,1701,1604,3301,785,781,1569,720,1162,1888,14722,16777,31498,3117,3060,6174,2924,2551,5468,1159,1133,2292,631,771,1400,103,87,187,27970,29499,57474,741,872,1610
SED22607,34007,36000,70008,1732,1665,3401,3819,3547,7371,1844,1711,3554,2362,2529,4887,6017,6425,12442,5079,5393,10475,4642,4979,9619,3899,4195,8087,2809,3021,5834,1302,1600,2896,523,935,1454,32868,34838,67703,1144,1162,2302,155,165,321,10,4,19,3,10,14,175,174,352,23590,24477,48065,8992,10081,19070,24259,24984,49243,8271,9485,17757,28976,30557,59532,546,577,1125,3641,3389,7033,1619,1515,3138,1223,1306,2526,1578,2159,3737,20169,21993,42163,2587,2411,4996,2242,2161,4404,917,919,1836,917,1336,2250,230,476,705,31919,33822,65737,1725,1664,3398
SED22704,34375,34011,68383,1701,1607,3300,3861,3645,7509,1986,1665,3649,1813,1447,3265,3537,3485,7028,3431,3650,7076,4326,4550,8883,5220,5346,10570,5046,4766,9819,2684,2662,5343,763,1180,1940,32893,32775,65663,1487,1237,2723,677,684,1365,15,21,36,17,18,36,710,725,1438,27845,27506,55360,3397,3585,6983,29834,29720,59555,1536,1636,3173,30247,30134,60375,451,435,891,3451,3253,6706,1292,1219,2509,387,398,784,536,1170,1708,10088,12553,22642,4710,4470,9174,6304,5098,11399,2889,2244,5132,1849,1607,3451,126,93,225,30632,30863,61491,3710,2989,6699
SED22802,29955,30894,60851,1987,1917,3903,3926,3704,7636,1958,1844,3810,1892,1773,3664,4052,4085,8136,3981,4083,8064,3847,4204,8045,3568,3813,7379,2750,3157,5906,1609,1735,3341,386,573,964,28993,29996,58990,959,904,1863,313,272,584,20,11,30,9,8,18,346,291,636,23917,24526,48442,5104,5517,10624,26192,26995,53185,2834,3071,5904,27312,28100,55408,603,609,1213,3763,3561,7327,1575,1525,3102,636,707,1333,658,1261,1912,11398,14132,25534,4080,3795,7871,4567,3801,8371,1962,1569,3532,953,955,1911,182,152,327,28708,29674,58383,859,864,1721
SED22901,29232,30865,60096,1603,1578,3182,3696,3353,7048,1799,1647,3441,1781,1642,3420,3706,3678,7388,4155,4421,8577,3698,3929,7628,3461,4009,7470,3154,3575,6731,1599,2004,3606,579,1027,1608,28627,30214,58837,612,650,1260,171,177,346,6,3,10,7,6,14,181,186,369,18158,18413,36572,10243,11535,21777,19013,19552,38568,9316,10291,19613,24777,25796,50568,524,508,1024,3535,3218,6754,1529,1440,2961,805,819,1625,917,1349,2268,14587,16179,30762,2895,2907,5800,3265,3152,6417,1313,1321,2633,800,1032,1830,166,260,423,28089,29488,57574,1139,1340,2485
SED23007,42436,41349,83789,2360,2236,4600,4158,3660,7815,1800,1818,3624,3077,2893,5968,9904,9097,19000,7147,6712,13860,5018,5015,10025,4067,4087,8154,2825,3133,5960,1520,1796,3323,547,908,1455,41357,40314,81668,1083,1035,2119,265,262,523,7,10,18,13,7,16,284,280,560,21159,20200,41359,18702,18922,37621,19414,18222,37635,20272,20738,41006,31973,32094,64070,638,622,1261,3831,3390,7221,1470,1566,3031,1504,1466,2970,2732,3116,5846,23718,23237,46953,2529,2159,4681,2931,2681,5614,1263,1361,2623,1847,2407,4255,842,1127,1972,39390,38582,77976,2901,2543,5443
SED23101,29839,31570,61409,1459,1245,2707,3778,3592,7370,1925,1733,3657,2074,1750,3819,3349,3264,6610,3928,4225,8147,3986,4366,8352,3358,3680,7037,2877,3573,6446,2201,2790,4991,906,1355,2256,29231,30873,60100,610,697,1306,75,67,142,0,4,0,4,4,10,75,72,151,16062,16346,32414,12987,14417,27409,15707,16120,31821,13279,14471,27751,23707,24947,48654,556,488,1047,3654,3466,7119,1735,1617,3355,1171,1031,2195,1112,1454,2562,16919,17993,34911,2213,2305,4518,2235,2473,4706,1050,1158,2210,934,1316,2249,276,400,676,28671,30162,58829,1042,1265,2309
SED23205,30680,32310,62994,1769,1738,3513,3782,3632,7412,1841,1648,3489,1778,1735,3514,4284,4356,8640,4055,4365,8418,4055,4269,8325,3728,3903,7627,2983,3369,6352,1755,2169,3922,652,1126,1776,29697,31318,61015,989,988,1979,390,399,784,15,20,35,16,19,34,418,432,859,22168,23062,45228,6526,7334,13860,25471,26448,51918,3147,3867,7015,26316,27669,53986,542,525,1063,3493,3371,6859,1398,1279,2678,587,748,1332,805,1545,2351,12448,14665,27108,3617,3342,6959,4208,3902,8109,1758,1627,3385,988,1181,2170,113,116,229,28074,29644,57724,2492,2591,5083
SED23308,32320,34746,67063,1916,1797,3719,3771,3511,7281,1760,1618,3381,2306,2300,4608,5259,5396,10653,4215,4499,8718,3961,4364,8322,3806,4309,8118,3097,3650,6745,1603,2223,3832,612,1068,1688,31071,33521,64589,1250,1224,2472,408,421,829,15,21,33,10,8,17,431,450,882,25546,27679,53226,5206,5546,10751,27319,29719,57040,3421,3539,6963,28098,30728,58829,600,532,1133,3546,3327,6876,1378,1330,2707,887,1063,1952,1331,1846,3179,14696,17291,31988,3829,3675,7502,3606,3503,7108,1638,1763,3398,1119,1347,2457,145,166,307,30057,32432,62488,2267,2291,4559
SED23402,41294,43013,84305,3026,3023,6051,6138,5781,11920,2731,2513,5244,2655,2505,5153,5845,6352,12192,5922,6214,12138,5245,5659,10902,4412,4660,9074,3111,3523,6636,1712,1986,3701,512,790,1303,40214,41882,82097,1082,1133,2215,276,298,570,18,9,29,12,7,17,302,314,616,29363,30552,59913,10114,10572,20692,32166,33312,65481,7232,7701,14937,35803,37132,72936,906,929,1835,5757,5432,11188,2170,2091,4259,961,1029,1987,1095,2032,3129,17046,20450,37492,4624,4161,8794,5525,4667,10192,2096,1800,3903,1077,1156,2225,130,180,307,39179,40643,79825,1831,2144,3976
SED23502,31494,32402,63901,1550,1440,2991,3601,3493,7099,1665,1532,3198,1316,1211,2521,2921,3139,6056,2934,3243,6177,3451,3887,7336,4805,5163,9968,5544,5297,10844,2944,2938,5880,766,1055,1826,29609,30784,60387,1891,1624,3513,948,950,1893,11,11,24,10,11,17,967,972,1935,25447,26046,51499,3343,3695,7038,28000,28801,56804,1100,1266,2364,28029,28824,56854,438,394,837,3240,3175,6411,1069,1068,2139,188,305,495,405,1120,1528,8707,11630,20336,4450,4338,8788,6319,5262,11587,2743,2230,4974,1545,1428,2971,85,73,158,28194,29291,57485,2953,2842,5789
SED23602,30167,30048,60218,1532,1429,2964,3649,3332,6978,1679,1595,3271,1391,1167,2555,3133,2903,6031,3280,3249,6534,3673,3996,7669,4487,4682,9169,4484,4459,8946,2221,2306,4528,645,931,1574,28545,28665,57205,1624,1389,3014,493,469,963,21,17,37,16,12,27,529,498,1023,24364,24075,48440,3528,3728,7262,26160,26609,52772,1163,1400,2566,26312,26847,53156,444,406,845,3326,3068,6396,1169,1164,2332,261,337,597,410,1076,1486,8701,11322,20024,4293,4241,8536,5923,4468,10387,2350,1858,4206,1445,1270,2715,89,98,193,26451,27408,53855,3457,2491,5949
SED23702,35631,36506,72135,2218,2109,4323,4690,4371,9059,2412,2106,4515,2313,1937,4245,4543,4651,9194,4387,4607,8995,4501,4963,9468,4533,4942,9472,3627,3906,7533,1867,2174,4036,555,744,1298,34403,35383,69786,1229,1122,2352,480,426,908,28,24,50,9,21,26,518,470,985,28867,29317,58184,5145,5674,10817,32449,33150,65601,1561,1782,3344,32380,33191,65567,706,655,1369,4425,4108,8534,1710,1595,3303,672,647,1324,662,1406,2068,11877,15464,27342,4865,4503,9371,6514,5025,11536,2517,2127,4645,1289,1269,2559,112,118,232,33045,34433,67477,2271,1786,4054
SED23806,30794,33623,64418,1321,1314,2631,3542,3325,6859,2049,1994,4036,2567,2661,5227,5246,5514,10758,4011,4473,8485,3891,4449,8343,3373,3775,7146,2663,3176,5835,1567,1983,3547,576,962,1543,29593,32246,61841,1201,1373,2574,84,75,155,3,4,5,6,0,6,87,74,163,21023,22332,43358,8754,10237,18993,23060,24430,47489,6696,8111,14806,26038,28198,54237,492,467,961,3412,3223,6632,1908,1853,3761,1665,1656,3322,1572,1931,3505,20971,23233,44206,1517,1856,3374,1281,1401,2675,645,626,1265,424,569,993,90,125,211,28726,31244,59968,1542,1741,3283
SED23901,32755,34885,67639,1824,1767,3590,4023,4022,8049,1922,1752,3677,2027,1988,4017,4621,4792,9412,4771,4990,9754,4309,4603,8915,3849,4207,8053,2953,3358,6312,1688,2141,3835,762,1264,2023,31814,33902,65719,937,985,1920,216,209,419,4,9,15,9,6,13,230,223,448,22850,23948,46800,8712,9797,18508,23576,24495,48073,7955,9210,17162,28507,30251,58758,613,615,1227,3840,3852,7692,1663,1577,3243,981,1133,2113,1281,1818,3101,18736,20460,39196,2443,2294,4736,2288,2348,4629,1083,1121,2199,917,1399,2316,238,303,542,30775,32958,63729,2111,2051,4159
SED24006,30886,33144,64029,1224,1141,2368,4174,3969,8145,2591,2384,4975,2362,2150,4509,3400,3337,6737,3267,3997,7266,4316,5084,9401,4116,4406,8524,2910,3284,6196,1763,2126,3884,759,1263,2027,29871,32086,61956,1020,1055,2070,89,78,163,7,4,12,0,0,6,97,84,181,19173,19476,38651,10865,12750,23612,19244,19603,38846,10763,12562,23325,26042,27356,53398,464,434,899,4037,3843,7878,2431,2263,4695,1519,1409,2929,1131,1491,2628,19954,21574,41526,1637,1921,3565,1447,1608,3058,772,813,1579,604,887,1494,191,245,437,29227,31385,60611,1298,1386,2679
SED24105,37791,38146,75941,2176,2111,4293,4761,4485,9247,2388,2273,4657,2810,2515,5326,5747,5447,11199,5306,5634,10941,4690,5006,9696,4240,4209,8444,3242,3566,6809,1842,2009,3846,581,903,1479,37024,37446,74473,771,701,1465,88,85,170,6,5,9,4,0,9,92,95,185,16900,15905,32805,19549,20987,40541,14570,13690,28264,21555,22821,44378,29499,29799,59299,615,607,1225,4468,4223,8684,2029,1997,4030,1355,1336,2692,1295,1750,3046,18730,18765,37494,2651,2418,5068,3538,3213,6750,1544,1647,3194,1765,2504,4270,1207,1609,2815,36171,36559,72728,1369,1398,2767
SED24207,51479,50294,101777,3706,3546,7252,7915,7602,15518,3226,3117,6337,3510,2992,6501,8214,7956,16173,8916,8586,17500,6471,6472,12948,4561,4624,9186,3269,3561,6827,1403,1402,2812,297,436,735,50703,49565,100261,778,736,1512,457,218,678,8,3,18,6,13,18,476,232,708,24986,23275,48266,24054,24718,48766,18599,17674,36267,28188,29535,57721,39241,39454,78692,996,940,1939,7325,7048,14371,2598,2698,5301,1394,1435,2830,1666,2406,4068,23174,24222,47393,3247,2876,6124,5643,3889,9530,1759,1783,3541,2234,2694,4930,987,1362,2351,47300,47744,95044,4100,2458,6559
SED24308,35054,35453,70504,2044,1967,4009,4217,4167,8380,2208,2092,4298,2335,2169,4503,5634,5153,10785,4435,4480,8915,4446,4507,8954,4073,4138,8210,3254,3673,6927,1769,2118,3887,645,992,1635,33946,34383,68329,1111,1067,2176,690,661,1349,29,13,40,17,22,34,729,692,1420,25061,25334,50404,7893,7977,15870,25298,26510,51803,6592,6815,13413,28831,30457,59296,589,554,1150,3857,3818,7677,1595,1605,3197,640,814,1451,910,1513,2425,11799,13776,25571,4291,3840,8131,5932,4658,10592,2256,2245,4502,1912,2202,4108,447,510,954,31519,32772,64283,3334,2366,5697
SED24408,28965,29495,58458,1539,1558,3098,3548,3230,6783,1701,1485,3190,1411,1295,2706,3159,3105,6260,2869,3087,5959,3388,3652,7038,4379,4407,8784,3970,3894,7869,2197,2507,4705,793,1281,2075,27576,28286,55862,1386,1213,2595,499,522,1025,24,18,40,13,12,26,538,554,1086,24801,25004,49803,2092,2447,4537,26033,26464,52500,1080,1208,2287,26265,26660,52926,419,462,875,3285,3012,6295,1169,1085,2256,230,299,530,409,932,1339,8328,10586,18914,4602,4482,9084,4923,4139,9066,2289,1850,4132,1644,1481,3133,127,114,245,26442,27004,53446,2415,2389,4804
SED24504,32077,32966,65038,1701,1651,3352,4432,4267,8702,2045,1850,3892,1353,1198,2551,2688,2816,5500,3840,4310,8155,4792,5180,9964,4660,4843,9502,4048,4195,8241,2038,1947,3984,481,715,1202,30742,31740,62485,1330,1226,2557,325,245,567,17,13,25,7,5,16,346,264,606,25773,26646,52411,4398,4431,8827,28845,29486,58334,1454,1675,3127,28993,29893,58897,535,486,1020,4167,4020,8188,1617,1508,3119,458,485,946,620,1291,1917,13338,16240,29578,3809,3409,7212,4229,3291,7514,1828,1405,3230,975,871,1850,59,68,132,29652,30598,60253,2014,2054,4070
SED24606,28480,31665,60148,1318,1230,2552,3108,2988,6094,1675,1796,3468,2116,2269,4380,4454,4711,9166,3629,3943,7567,3749,4341,8091,3209,3689,6899,2682,3297,5983,1825,2223,4053,712,1177,1891,27218,30261,57473,1266,1404,2671,77,71,146,3,4,7,8,0,7,90,79,166,19409,21232,40647,8022,9311,17333,21456,23335,44798,5921,7169,13092,24251,26947,51196,501,404,902,2983,2874,5854,1538,1684,3220,1326,1438,2756,1207,1618,2828,19155,21428,40581,1474,1968,3441,1186,1443,2631,579,637,1213,483,630,1111,93,155,250,26508,29467,55978,1469,1744,3208
SED24703,61443,62763,124206,1829,1753,3578,2616,2501,5116,2551,3173,5722,10487,11961,22444,21557,21468,43021,9656,8682,18338,4842,4818,9660,3736,3841,7578,2604,2763,5368,1219,1272,2489,352,535,890,59152,60233,119387,2291,2525,4817,322,265,582,12,8,17,20,15,29,351,286,637,25352,24018,49369,31461,34215,65678,30428,28193,58624,26076,29926,56005,34123,33465,67590,472,423,892,2367,2241,4607,2182,2747,4926,6832,8003,14828,6959,8359,15314,45975,47854,93823,2478,2284,4755,2115,1779,3894,748,667,1416,578,765,1350,378,537,911,52498,53888,106384,10890,10062,20951
SED24808,47997,49684,97680,4164,3993,8166,7898,7648,15537,2881,2844,5727,2927,2832,5756,7269,8042,15318,7426,7537,14965,5536,5657,11193,4320,4702,9022,3627,4033,7657,1591,1735,3321,360,661,1020,46892,48622,95511,1107,1067,2169,754,811,1566,26,13,34,20,32,50,799,859,1653,31848,32911,64756,13197,13791,26992,32444,33741,66185,12403,12799,25206,39458,40522,79975,1060,1120,2178,7186,6955,14135,2069,2177,4243,840,932,1780,1165,2355,3521,16826,19710,36537,4893,4699,9595,6718,5965,12682,2852,2569,5428,1785,1956,3738,395,527,917,45014,46497,91512,2743,2968,5709
SED24904,33203,33565,66771,1915,1854,3769,4290,4103,8401,1951,1803,3753,1890,1705,3592,4441,4446,8886,3876,4023,7895,4029,4183,8212,4437,4471,8908,3719,3680,7397,1974,2139,4111,675,1151,1833,31681,32345,64026,1524,1223,2748,1336,1511,2843,36,20,57,41,50,96,1415,1579,2993,25263,26045,51310,4958,4784,9741,25761,26689,52451,4639,4290,8932,27385,28245,55628,552,524,1075,3818,3697,7518,1262,1287,2547,326,429,759,590,1246,1838,9354,11419,20773,4109,3915,8024,5628,4880,10508,2563,2308,4876,2086,1998,4083,419,403,825,29971,30416,60393,3292,3198,6487
SED25003,35308,36114,71427,2240,2144,4381,4791,4521,9307,2371,2128,4497,2509,2260,4770,5226,5235,10462,5186,5264,10458,4563,5030,9600,4144,4546,8690,2703,2865,5574,1178,1383,2568,387,739,1128,34691,35513,70206,619,606,1218,293,363,657,0,3,0,8,4,16,304,367,671,21514,21930,43441,12385,12697,25085,18940,19041,37981,14736,15255,29993,29821,30485,60306,690,639,1332,4528,4239,8774,1910,1856,3767,999,1070,2064,1162,1744,2902,16422,17837,34255,3287,3045,6331,3730,3203,6939,1584,1478,3069,1414,1777,3195,397,486,885,33785,34296,68084,1331,1669,2999
SED25102,29081,29305,58387,1742,1545,3288,4039,3679,7717,1895,1737,3634,1607,1499,3103,3094,3140,6231,3751,4099,7852,4257,4389,8643,3870,4074,7942,3075,3176,6255,1392,1431,2821,352,554,900,28039,28346,56380,1041,964,2006,178,193,375,6,3,10,8,7,14,195,204,398,23397,23328,46728,4777,5160,9930,26250,26253,52502,1861,2153,4011,26643,26837,53479,557,521,1073,3871,3551,7422,1552,1456,3011,590,693,1286,683,1248,1935,12567,15030,27592,3646,3181,6829,3850,3060,6917,1528,1118,2642,685,657,1345,85,81,166,27633,27890,55520,917,990,1909
SED25205,31571,34226,65798,1878,1804,3683,4399,4152,8553,1977,1963,3939,1659,1635,3288,3406,3714,7118,4560,5003,9567,4826,5317,10143,3921,4255,8183,2737,3197,5936,1576,2080,3655,634,1104,1736,30703,33314,64015,871,914,1786,159,163,316,10,9,23,4,3,10,170,171,343,23059,24503,47566,7569,8748,16324,25517,27291,52807,5034,5894,10931,28321,30586,58905,613,643,1250,4249,4012,8255,1716,1748,3455,799,854,1654,879,1379,2260,15847,18508,34357,3182,3055,6237,3084,3028,6111,1224,1304,2528,807,1030,1839,137,178,314,30201,32661,62862,990,1176,2163
SED25302,31037,34221,65261,1521,1446,2970,4449,4247,8695,2185,2069,4252,1452,1390,2840,2100,2133,4230,3283,3873,7160,4522,5164,9688,3973,4349,8324,3774,4685,8456,2768,3370,6138,1009,1497,2509,29675,32828,62506,1363,1393,2756,219,184,410,10,5,20,6,5,11,239,199,434,23379,25568,48951,6459,7283,13747,28265,30915,59176,1611,1980,3593,28097,30904,58998,571,522,1089,4267,4062,8328,1790,1750,3550,617,684,1300,562,1111,1681,14145,16948,31088,3628,3725,7355,3822,3783,7605,1476,1566,3046,741,932,1673,65,69,135,28915,31802,60716,1494,1933,3434
SED25402,33338,34916,68256,1954,1934,3879,4389,4022,8409,1973,1919,3898,1907,1936,3845,4205,4501,8706,3849,4116,7961,3984,4239,8216,4458,4894,9346,3942,4046,7990,2033,2277,4307,643,1049,1690,31927,33599,65523,1412,1321,2730,637,641,1276,31,41,70,13,22,32,684,698,1380,26706,27785,54492,4050,4497,8548,28792,30001,58797,2094,2436,4531,29406,30795,60204,514,526,1042,3988,3645,7627,1330,1391,2720,399,559,961,685,1346,2029,9654,12236,21890,4910,4645,9562,5916,5231,11146,2317,2370,4687,1647,1738,3388,162,170,331,30404,31729,62133,2963,3184,6152
SED25501,32335,33325,65663,1336,1282,2618,4367,4084,8456,2232,2055,4287,2506,2086,4596,4137,3641,7779,4241,4822,9066,4194,4590,8785,3699,3909,7606,2702,3083,5784,1949,2512,4457,969,1264,2230,31701,32717,64419,632,611,1240,51,66,122,0,0,3,0,3,3,61,68,127,14071,13793,27862,17193,18437,35633,13328,13140,26462,17835,18983,36822,23695,24050,47750,522,487,1011,4187,3912,8089,2036,1924,3956,1527,1310,2830,1364,1718,3078,19793,20234,40023,1847,2012,3856,1883,2068,3956,956,1012,1969,753,1094,1845,218,343,563,30943,31863,62806,1417,1543,2954
SED25605,31752,31895,63639,1597,1515,3112,3649,3415,7056,1777,1587,3366,2146,1798,3943,4673,4093,8765,4269,4283,8550,3946,4049,7990,3384,3612,6995,3072,3648,6714,2372,2529,4903,873,1368,2241,31083,31219,62299,664,677,1339,106,94,200,9,10,20,7,6,7,117,109,221,14607,14144,28746,15748,16435,32192,13542,12956,26494,16683,17476,34158,24538,24884,49423,495,478,969,3447,3234,6682,1544,1436,2976,1163,1027,2188,1259,1489,2747,17003,16893,33902,2237,2058,4299,2543,2517,5058,1177,1241,2422,1434,1894,3331,557,732,1296,30080,30072,60151,1560,1640,3200
SED25704,31906,32861,64766,1676,1704,3384,4060,3891,7952,1890,1692,3582,1629,1584,3216,3355,3532,6890,3249,3515,6759,3803,4039,7841,4624,4694,9321,4239,4180,8420,2498,2698,5196,877,1328,2206,30380,31539,61919,1525,1322,2846,960,995,1956,29,23,58,22,24,48,1011,1048,2063,26783,27494,54273,2507,2847,5356,27789,28699,56484,1693,1816,3508,28287,29183,57467,426,426,845,3697,3573,7265,1295,1261,2560,297,440,739,404,1048,1455,7970,10941,18912,4558,4690,9254,6144,5050,11195,2935,2348,5281,1958,1663,3623,181,138,323,28923,29863,58785,2843,2828,5670
SED25802,37736,39422,77157,2303,2223,4531,5099,4787,9888,2211,2155,4371,1994,1928,3920,4465,4919,9381,4249,4461,8708,4526,4934,9458,4976,5402,10382,4633,4852,9485,2562,2690,5246,726,1065,1795,36159,37974,74136,1579,1451,3026,527,532,1064,20,21,40,13,9,21,557,564,1120,30749,31949,62698,4393,4892,9286,33642,35093,68732,1731,2005,3741,33866,35403,69269,639,548,1183,4694,4390,9075,1596,1689,3286,483,652,1133,634,1533,2170,11206,14972,26178,5140,5052,10192,6868,5735,12600,2902,2478,5382,1787,1694,3481,135,138,274,34764,36369,71130,2378,2527,4904
SED25905,33780,34213,67990,2127,2021,4143,4411,4167,8577,2220,1990,4213,2528,2255,4782,4893,4827,9721,4413,4487,8897,4151,4583,8735,4328,4559,8885,2924,2993,5917,1339,1504,2843,450,822,1273,33103,33589,66694,672,620,1298,140,202,342,10,8,13,0,5,10,154,210,369,18189,18078,36271,13925,14506,28433,17870,17702,35572,14014,14567,28585,27892,28256,56143,605,539,1145,4104,3849,7959,1762,1677,3441,1009,992,1997,987,1570,2557,15212,16484,31697,3131,2785,5919,3902,3360,7259,1549,1483,3036,1289,1528,2816,584,769,1350,31862,32203,64068,1710,1884,3594
SED26005,43457,43046,86498,2927,2685,5617,7194,6679,13871,3520,3232,6754,3358,3052,6407,5582,5729,11304,6392,6679,13074,6136,6333,12469,4577,4517,9090,2489,2618,5100,1055,1153,2210,226,367,596,42693,42370,85064,764,677,1440,213,261,471,5,10,19,11,3,19,233,275,510,22731,22174,44909,18958,19193,38151,22720,22069,44783,18629,18867,37492,34837,34193,69030,802,674,1475,6739,6266,13003,2847,2786,5636,1334,1448,2784,1333,2205,3542,19061,20346,39399,3778,3436,7216,4681,3932,8619,1873,1706,3583,1472,1600,3076,872,1120,1996,41694,41333,83023,1517,1535,3048
SED26102,32547,34406,66960,1477,1321,2797,3374,3176,6553,1564,1487,3049,1297,1260,2556,2653,2832,5487,3042,3376,6421,4083,4343,8423,4720,5418,10134,5621,5920,11544,3523,3757,7279,1211,1509,2714,30311,32271,62577,2239,2141,4379,326,307,625,13,14,27,7,9,14,349,327,670,24814,26148,50959,5071,5511,10580,28174,29833,58001,1998,2138,4141,28938,30612,59552,434,396,826,3059,2883,5943,1124,1129,2251,420,482,902,491,1083,1575,13182,15258,28440,4118,4281,8402,4815,4479,9291,1871,1812,3683,1155,1341,2503,129,138,260,28967,30780,59749,3541,3792,7332
SED26207,30081,31722,61796,1710,1517,3223,3725,3511,7234,1786,1715,3499,1816,1551,3367,3517,3517,7034,4003,4211,8215,4191,4416,8613,3468,3847,7317,2809,3503,6307,2168,2675,4851,880,1253,2133,29391,30982,60370,689,737,1429,129,97,224,4,5,11,7,8,19,145,111,250,21068,21406,42475,8035,9276,17316,20140,20380,40529,8917,10307,19227,27174,28545,55715,545,507,1050,3580,3369,6946,1555,1554,3108,833,786,1620,732,1097,1834,14491,16031,30524,2923,2702,5625,2915,2653,5567,1318,1388,2699,1585,2248,3831,297,471,773,28865,30345,59204,977,1152,2133
SED26303,32028,35242,67269,1686,1649,3334,3439,3333,6769,1526,1542,3064,1770,1895,3658,6136,7158,13292,5494,5901,11395,4736,5106,9848,3356,3705,7065,2088,2459,4553,1254,1605,2858,556,888,1441,30861,33834,64696,1164,1408,2574,203,225,434,9,10,17,9,8,15,222,245,472,23089,25075,48160,7866,9065,16931,24170,26024,50190,6727,8080,14803,28327,31138,59468,543,571,1116,3317,3221,6539,1364,1381,2746,908,1029,1936,1737,2793,4534,19796,22969,42762,1872,1676,3547,1775,1515,3293,778,756,1533,1182,1603,2783,326,511,839,30137,33106,63244,1382,1384,2768
SED26406,36351,36777,73129,1856,1666,3518,3531,3315,6854,1860,1920,3778,3923,3680,7604,7621,7128,14750,5324,5200,10525,4270,4451,8717,3391,3638,7033,2357,2701,5061,1493,1981,3470,723,1099,1820,35532,35798,71332,821,974,1800,132,104,239,7,3,11,4,3,8,139,116,254,19183,18980,38168,15675,16515,32196,19459,19013,38471,15311,16365,31674,26659,27416,54075,610,531,1137,3375,3180,6559,1671,1772,3445,2558,2474,5031,2320,2565,4881,22941,23791,46732,2153,1799,3952,2029,1862,3897,888,847,1741,1079,1605,2682,271,426,692,33342,33652,66998,2916,2841,5757
SED26504,29246,30468,59712,1437,1452,2888,3652,3444,7097,1708,1568,3280,1262,1248,2510,2904,3022,5921,3073,3315,6389,3607,3940,7548,4165,4383,8547,4160,4243,8402,2475,2682,5161,798,1176,1980,27661,29056,56720,1583,1415,2994,476,485,966,12,13,30,23,22,43,518,522,1038,24154,25092,49246,3034,3283,6312,25656,26718,52374,1708,1860,3561,26201,27260,53458,429,430,853,3357,3185,6542,1181,1196,2379,253,356,610,509,1088,1591,8736,11338,20072,4088,4086,8177,5471,4660,10138,2265,1884,4149,1517,1439,2958,104,117,223,26552,27761,54309,3055,3115,6172
SED26603,38903,40578,79479,2570,2505,5072,4282,4139,8422,1833,1714,3545,2778,2514,5291,7585,7652,15241,6593,6640,13229,4845,5080,9924,3666,3916,7585,2289,2684,4975,1500,2113,3618,959,1626,2584,38022,39638,77665,878,945,1815,231,242,471,6,3,6,8,12,18,237,255,492,23954,25152,49111,13155,13685,26842,22712,23450,46158,14308,15191,29501,31170,33310,64479,773,757,1526,4066,3900,7967,1509,1503,3006,1355,1352,2705,1951,2664,4622,21116,22618,43734,2769,2456,5222,2830,2525,5357,1310,1267,2581,1632,2468,4099,444,663,1106,36804,38167,74972,1868,2096,3964
SED26708,32793,32505,65296,1823,1653,3482,4242,3882,8124,1990,1762,3751,1576,1296,2872,3508,3431,6942,3554,3811,7364,4169,4226,8393,4728,4839,9568,4341,4227,8571,2215,2306,4524,638,1067,1709,31041,30960,62004,1752,1539,3288,368,360,732,10,19,30,15,7,24,392,384,778,27438,27232,54675,2999,3072,6070,29309,29207,58514,1352,1290,2643,29371,29232,58607,519,496,1015,3909,3559,7464,1432,1378,2810,346,412,757,504,1060,1563,10342,13337,23678,4810,4301,9112,5378,4021,9397,2432,1842,4277,1495,1319,2816,131,113,243,29760,29694,59455,2890,2908,5799
SED26806,35623,37937,73559,1212,1206,2420,1705,1697,3397,926,989,1916,2482,3229,5712,11032,11983,23016,6568,6144,12710,3983,3925,7908,3240,3244,6487,2390,2818,5208,1527,1795,3325,553,898,1452,34010,36128,70140,1607,1806,3413,188,144,338,8,3,10,4,3,11,204,156,360,20574,21517,42092,12702,14020,26718,25227,25946,51177,7969,9485,17450,26507,27748,54255,354,347,703,1561,1578,3135,765,838,1603,1215,1580,2800,2422,3250,5672,25950,28056,54003,1745,1714,3454,1487,1409,2895,521,458,974,445,564,1009,136,206,337,31999,34093,66101,3724,3489,7212
SED26903,34135,35203,69342,2110,1928,4038,3462,3186,6649,1419,1380,2797,2239,2094,4338,6746,6738,13486,5603,5726,11328,4464,4524,8996,3389,3610,6997,2352,2663,5016,1538,2063,3596,817,1286,2099,33293,34316,67612,838,889,1729,407,424,830,15,5,24,13,13,30,438,447,883,20577,21101,41675,11805,12419,24224,19321,19804,39127,12982,13624,26605,27218,28581,55801,631,548,1175,3228,3012,6239,1157,1179,2335,1044,1099,2148,1910,2345,4255,18138,19272,37406,2461,2159,4619,2664,2314,4975,1185,1248,2432,1779,2490,4269,506,736,1245,32211,33245,65457,1756,1740,3501
SED27003,37102,38572,75675,1497,1525,3028,2321,2425,4742,910,1139,2047,2397,2937,5337,11450,12047,23498,6864,6235,13098,4323,4200,8524,3551,3377,6923,2305,2640,4941,1116,1416,2533,376,636,1005,35319,36749,72064,1786,1822,3607,200,208,411,11,0,12,4,0,10,221,215,435,24502,24656,49160,10520,11964,22479,27960,27889,55846,7027,8696,15723,30383,31538,61915,424,431,854,2128,2248,4381,739,970,1707,1109,1459,2570,2457,3269,5725,26455,27454,53911,1734,1536,3275,1553,1379,2937,575,642,1215,659,1112,1773,262,518,783,33818,35388,69202,2952,2828,5780
SED27101,31921,33629,65551,2000,1970,3968,4042,3871,7911,1861,1601,3467,1923,1815,3739,4698,4868,9565,5065,5429,10496,4363,4484,8846,3330,3670,7005,2519,2974,5492,1536,2028,3567,580,914,1496,31092,32763,63857,827,863,1691,156,162,321,6,3,9,0,6,7,165,168,334,20840,21277,42117,10110,11379,21496,21503,22094,43594,9302,10464,19771,26250,27419,53666,728,647,1371,3891,3739,7630,1636,1413,3043,902,912,1812,1187,1854,3042,17212,19005,36215,2775,2552,5329,2625,2481,5111,1077,1164,2236,891,1172,2067,299,395,686,30524,32136,62667,1213,1302,2513
SED27208,34336,33616,67957,1677,1699,3378,4009,3674,7681,1794,1697,3497,1577,1428,3004,3571,3517,7083,3541,3495,7038,4424,4320,8740,5124,5052,10176,5074,4815,9886,2732,2705,5433,823,1209,2034,32891,32337,65228,1447,1276,2722,624,599,1224,30,30,59,11,16,28,668,642,1310,28180,27644,55819,3446,3349,6796,29286,29694,58984,1539,1581,3119,29644,29973,59613,497,498,996,3663,3351,7013,1190,1216,2407,269,391,658,484,1082,1564,9438,12091,21526,4625,4436,9067,6758,5084,11840,2911,2374,5283,1986,1678,3665,157,108,264,30255,30660,60915,3712,2685,6393
SED27305,27464,27986,55451,1370,1288,2662,3544,3228,6768,1949,1847,3795,2072,1795,3866,3125,3072,6196,3430,3665,7096,3919,4447,8367,4022,4155,8179,2434,2578,5012,1262,1462,2726,335,455,786,26870,27452,54326,594,530,1130,119,141,258,3,3,12,5,6,3,125,149,273,18059,17780,35846,8762,9588,18351,18980,18860,37835,7768,8388,16162,24322,24371,48695,441,440,885,3424,3110,6531,1665,1636,3302,941,912,1855,707,1055,1760,13722,15062,28780,3047,2776,5824,3053,2734,5787,1191,1123,2315,696,876,1574,149,207,364,26639,27249,53886,579,585,1162
SED27406,30401,33504,63903,1482,1458,2935,3853,3917,7764,2028,1958,3984,1652,1559,3209,2961,3300,6262,3796,4298,8091,4771,5273,10046,4080,4488,8565,3188,3727,6919,1898,2296,4195,698,1244,1942,29395,32410,61799,1013,1093,2105,97,95,191,0,0,0,0,5,6,100,103,202,21423,23295,44718,8040,9215,17252,25163,27171,52333,4259,5305,9566,26783,29497,56279,551,536,1085,3675,3750,7420,1813,1793,3608,926,921,1852,789,1337,2128,17917,19949,37862,2514,2812,5329,2214,2435,4642,834,950,1785,577,749,1326,82,100,181,28911,31748,60665,1044,1249,2295
SED27504,36941,37654,74598,2319,2101,4418,5150,4754,9907,2355,2154,4510,2116,2030,4146,4618,4924,9540,4250,4515,8762,4572,4580,9151,4563,4811,9370,3950,4099,8048,2289,2520,4806,751,1173,1928,35483,36319,71796,1456,1338,2798,1302,1388,2695,37,38,69,39,39,82,1378,1466,2845,27872,28613,56486,6089,6205,12289,28016,28793,56810,6071,6132,12200,30900,31763,62660,616,547,1163,4654,4289,8946,1649,1624,3276,454,648,1097,744,1509,2253,10893,13723,24611,4641,4413,9054,5762,5149,10912,2820,2358,5174,2127,1891,4019,488,452,939,33601,34326,67933,3212,3147,6358
SED27608,45016,47440,92460,3152,3012,6156,6427,6015,12442,2731,2761,5494,3264,3194,6456,6514,6621,13138,6333,6884,13213,5359,5746,11110,4378,4986,9370,3919,4406,8322,2173,2525,4700,765,1293,2053,43080,45676,88758,1939,1760,3699,358,396,756,12,6,16,10,11,15,378,412,793,35683,38085,73771,7652,7701,15347,38561,41043,79605,4703,4635,9339,39834,42506,82341,1010,967,1976,6153,5768,11925,2194,2315,4512,1537,1699,3234,1621,2375,3998,21434,24634,46068,4949,4726,9672,4558,4367,8927,1744,1748,3497,962,1067,2030,106,96,206,41672,44014,85686,2442,2842,5284
SED27708,32158,33739,65902,1725,1637,3358,4227,3911,8136,1988,1888,3879,1595,1531,3125,3618,3794,7420,3639,3922,7558,4086,4451,8534,4418,4855,9277,4166,4279,8449,2026,2315,4345,672,1144,1819,30630,32288,62917,1536,1455,2981,720,709,1424,12,12,23,25,6,30,758,716,1476,27158,28631,55789,2838,3054,5899,28852,30380,59237,1285,1393,2674,28801,30464,59264,461,479,938,3889,3629,7517,1375,1429,2802,337,477,813,701,1297,1995,10041,13337,23376,4698,4743,9444,5311,4555,9865,2513,2015,4524,1572,1420,2988,114,81,200,29402,30981,60382,2504,2505,5004
SED27807,37942,37447,75388,2188,2059,4247,4134,3826,7960,1975,1891,3870,2857,2564,5419,6881,6274,13150,5113,4957,10067,4305,4467,8773,4279,4332,8610,3569,3786,7350,1971,2175,4148,668,1127,1791,37179,36700,73873,763,746,1514,158,164,326,4,4,11,9,5,13,173,171,348,15282,14401,29682,19613,20348,39958,11609,10643,22249,23140,23949,47087,27163,27563,54722,512,498,1004,3683,3415,7098,1566,1567,3130,1305,1274,2580,1694,2033,3727,17189,16766,33956,2634,2279,4917,3467,2974,6441,1658,1698,3361,2422,3479,5901,1211,1618,2830,35013,34627,69644,2956,2750,5701
SED27907,32626,33699,66327,2089,2006,4090,4119,3940,8059,1969,1771,3741,2022,1805,3823,4952,4951,9905,4478,4651,9129,4132,4462,8596,3812,4193,8004,3017,3470,6482,1573,1800,3374,460,659,1114,31789,32933,64722,834,768,1601,347,303,650,17,17,34,13,11,23,372,338,707,24208,24753,48954,6968,7554,14523,25565,26085,51661,5622,6211,11834,28962,29900,58859,588,616,1200,3906,3698,7606,1493,1471,2968,709,699,1411,819,1429,2246,13402,15653,29059,3910,3692,7603,4601,3904,8504,1778,1557,3326,1134,1360,2491,216,257,475,31018,32178,63199,1559,1441,3002
SED28007,39675,40433,80110,2411,2286,4700,5804,5547,11348,3032,2912,5943,2945,2630,5577,5327,5310,10639,5603,6084,11686,5747,6198,11947,4557,4832,9396,2786,2837,5625,1185,1267,2451,285,527,806,39087,39860,78950,595,568,1165,152,176,324,7,3,11,5,0,5,164,182,342,24020,23872,47894,14284,15241,29526,21100,20630,41731,17032,18210,35236,34628,35178,69810,689,698,1392,5489,5256,10752,2516,2514,5027,1312,1308,2613,1022,1591,2613,18822,20831,39657,3636,3156,6786,4057,3295,7351,1685,1410,3093,1505,1991,3498,440,615,1052,38267,38942,77213,1291,1379,2672
SED28107,68954,65349,134306,6729,6274,13009,11402,10882,22290,3646,3376,7021,5052,3804,8853,12711,12970,25679,14286,12717,27005,6692,6082,12774,4427,4845,9270,2729,2978,5707,1075,1106,2185,209,318,521,67984,64490,132474,975,861,1838,405,322,729,8,8,21,10,9,17,423,336,764,28730,27673,56404,36455,34275,70728,23846,23001,46845,39883,38308,78188,46735,45153,91884,1718,1569,3284,10400,9963,20360,2889,2839,5733,2434,1928,4362,3185,4242,7424,34276,33013,67291,3662,3455,7113,5626,4365,9987,1892,1817,3707,1344,1704,3050,530,767,1293,64550,62265,126812,4252,2956,7205
SED28203,41379,41131,82511,3255,2966,6224,5691,5278,10970,2118,1998,4112,2762,2423,5187,6819,6957,13777,6959,6622,13582,4572,4308,8881,3533,3809,7338,3002,3605,6607,1984,2283,4260,687,886,1573,40692,40477,81162,690,656,1347,262,284,552,14,7,20,11,12,26,288,309,597,19681,18960,38638,19630,20236,39864,13579,12961,26540,25587,26047,51636,32301,32415,64720,840,803,1640,5261,4880,10142,1703,1696,3398,1204,1160,2356,1604,2182,3778,18785,19022,37805,2648,2334,4983,3578,3068,6649,1697,1651,3350,2768,3607,6373,942,1364,2305,39561,39426,78994,1989,1842,3834
SED28301,30841,32445,63284,1391,1379,2767,4399,4027,8429,2233,2013,4240,2040,1812,3851,2837,2883,5722,3718,4303,8024,4405,4767,9172,4025,4453,8477,3064,3438,6501,1983,2353,4335,744,1025,1769,30058,31629,61681,778,819,1598,92,75,168,6,6,10,3,0,3,102,83,182,18633,18943,37582,11352,12590,23951,18675,18941,37615,11272,12572,23843,25969,27037,53015,480,496,979,4249,3900,8154,2009,1826,3840,1122,1061,2186,878,1306,2182,17115,18576,35694,2564,2526,5093,2357,2366,4723,1039,1102,2138,870,1194,2066,206,313,516,29593,30960,60553,918,1189,2102
SED28408,30052,32813,62869,1749,1755,3502,4055,3740,7796,1980,1920,3902,1866,2021,3892,4187,4185,8380,3492,4039,7534,3670,4034,7706,3532,4053,7580,3123,3647,6765,1772,2222,3994,621,1195,1815,28862,31628,60489,1191,1187,2374,521,520,1046,24,9,32,10,13,20,556,543,1096,25123,27427,52543,3385,3782,7164,26336,28902,55244,2202,2334,4536,27153,29731,56883,534,520,1053,3763,3544,7304,1508,1515,3022,571,835,1404,875,1537,2409,11840,14438,26281,3541,3879,7421,4180,4044,8224,1897,1850,3747,1188,1349,2535,99,99,191,27824,30352,58173,2186,2368,4556
SED28507,45000,45900,90901,3840,3567,7408,6709,6413,13125,2627,2452,5078,2956,2793,5754,7478,8466,15945,7801,7338,15139,4922,5145,10066,4066,4355,8420,2904,3056,5962,1322,1568,2891,373,744,1111,44063,45063,89124,940,838,1777,625,701,1320,6,7,14,16,14,29,643,717,1364,25413,25692,51102,16961,17633,34591,25837,26301,52139,16233,16767,32996,34437,34807,69247,1001,885,1885,6113,5890,12002,2000,1932,3937,1010,1097,2106,1508,2608,4113,18476,20571,39048,4017,3819,7836,5272,4652,9922,2214,2033,4249,1482,1751,3233,634,754,1384,42202,43138,85335,2723,2731,5455
SED28607,36433,37868,74303,2601,2347,4949,4820,4686,9502,1823,1683,3508,1832,1678,3506,5187,5516,10708,6089,6441,12528,5329,5682,11011,4107,4189,8301,2587,2790,5380,1403,1847,3247,646,1015,1663,35350,36746,72102,1083,1122,2204,273,206,477,8,16,25,11,7,18,294,225,517,25669,26241,51914,9346,10226,19573,26984,27252,54236,7924,9166,17091,31738,33163,64900,816,780,1595,4605,4482,9080,1556,1465,3023,880,861,1746,1325,1971,3295,19369,21588,40959,2708,2249,4960,2775,2211,4984,1173,1066,2234,1238,1678,2919,354,575,930,34417,35790,70205,1591,1608,3201
SED28704,50577,51825,102403,4316,3947,8260,8388,8026,16419,3340,3192,6536,3047,2757,5804,6993,7752,14745,8280,8619,16900,6468,6791,13257,4689,5094,9787,3243,3630,6868,1496,1498,2994,321,519,834,49327,50670,99993,1249,1158,2409,652,662,1314,15,18,39,15,16,27,684,697,1380,37552,38637,76187,11261,11421,22681,37973,38914,76889,10688,10975,21665,44610,45487,90096,1417,1217,2629,7983,7626,15611,2658,2645,5296,1097,1151,2242,1335,2447,3788,20820,24701,45519,5367,4906,10270,6178,5017,11198,2500,2075,4577,1218,1350,2569,188,231,418,48441,49639,98081,1598,1737,3326
SED28803,65825,65635,131466,6111,5632,11746,10935,10269,21209,4226,4049,8275,4605,4396,8998,11041,11970,23009,11239,11017,22253,7227,7499,14727,5778,5797,11578,3209,3307,6514,1204,1282,2486,261,419,674,64914,64741,129660,918,888,1805,387,370,753,9,15,27,9,5,13,409,389,796,33310,33485,66794,29692,29457,59147,24973,24740,49711,37282,37225,74503,50966,50882,101842,1538,1446,2989,10152,9507,19658,3306,3442,6754,1891,2089,3985,2424,3920,6347,28891,31036,59926,4550,4270,8818,6037,4858,10890,2824,2451,5272,2708,2930,5637,1184,1682,2869,63117,63032,126146,2584,2489,5071
SED29494,5170,3915,9089,222,189,414,370,361,730,234,229,459,345,321,671,939,878,1819,1008,730,1736,912,479,1393,644,429,1074,392,224,613,90,58,152,15,19,29,0,0,0,5170,3915,9089,241,206,448,4,3,9,0,0,4,246,214,462,2348,1934,4283,743,649,1390,2445,2041,4485,490,492,977,2541,2153,4693,39,23,63,201,203,407,57,85,140,55,75,133,95,175,267,1215,1231,2452,366,285,652,529,389,919,235,157,395,152,91,240,37,18,51,0,0,0,0,0,0
SED29797,36,6,38,0,0,0,0,0,0,0,0,0,0,0,0,6,0,6,16,0,16,3,0,3,10,6,14,4,0,4,0,0,0,0,0,0,35,6,40,0,0,0,0,0,0,0,0,0,0,0,0,0,0,0,7,0,9,3,0,3,9,0,13,5,0,5,5,0,11,0,0,0,0,0,0,0,0,0,0,0,0,0,0,0,9,0,5,0,0,0,0,0,0,0,0,0,0,0,0,0,0,0,0,0,0,493,72,565
