SED_CODE_2021,MOL_SAL_Filipin_UOLSE_NWorNAA,MOL_SAL_Filipin_UOLSE_Tot,MOL_SAL_Filipin_NS,MOL_SAL_Filipin_Tot,MOL_SAL_Indon_SEO,MOL_SAL_Indon_UOLSE_VWorW,MOL_SAL_Indon_UOLSE_NWorNAA,MOL_SAL_Indon_UOLSE_Tot,MOL_SAL_Indon_NS,MOL_SAL_Indon_Tot,MOL_SAL_Tagalog_SEO,MOL_SAL_Tagalog_UOLSE_VWorW,MOL_SAL_Tagalog_UOLSE_NWorNAA,MOL_SAL_Tagalog_UOLSE_Tot,MOL_SAL_Tagalog_NS,MOL_SAL_Tagalog_Tot,MOL_SAL_Oth_SEO,MOL_SAL_Oth_UOLSE_VWorW,MOL_SAL_Oth_UOLSE_NWorNAA,MOL_SAL_Oth_UOLSE_Tot,MOL_SAL_Oth_NS,MOL_SAL_Oth_Tot,MOL_SAL_Tot_SEO,MOL_SAL_Tot_UOLSE_VWorW,MOL_SAL_Tot_UOLSE_NWorNAA,MOL_SAL_Tot_UOLSE_Tot,MOL_SAL_Tot_NS,MOL_SAL_Tot_Tot,MOL_Spanish_SEO,MOL_Spanish_UOLSE_VWorW,MOL_Spanish_UOLSE_NWorNAA,MOL_Spanish_UOLSE_Tot,MOL_Spanish_NS,MOL_Spanish_Tot,MOL_Tamil_SEO,MOL_Tamil_UOLSE_VWorW,MOL_Tamil_UOLSE_NWorNAA,MOL_Tamil_UOLSE_Tot,MOL_Tamil_NS,MOL_Tamil_Tot,MOL_Thai_SEO,MOL_Thai_UOLSE_VWorW,MOL_Thai_UOLSE_NWorNAA,MOL_Thai_UOLSE_Tot,MOL_Thai_NS,MOL_Thai_Tot,MOL_Turkish_SEO,MOL_Turkish_UOLSE_VWorW,MOL_Turkish_UOLSE_NWorNAA,MOL_Turkish_UOLSE_Tot,MOL_Turkish_NS,MOL_Turkish_Tot,MOL_Vietnamese_SEO,MOL_Vietnamese_UOLSE_VWorW,MOL_Vietnamese_UOLSE_NWorNAA,MOL_Vietnamese_UOLSE_Tot,MOL_Vietnamese_NS,MOL_Vietnamese_Tot,MOL_Oth_SEO,MOL_Oth_UOLSE_VWorW,MOL_Oth_UOLSE_NWorNAA,MOL_Oth_UOLSE_Tot,MOL_Oth_NS,MOL_Oth_Tot,MOL_Tot_SEO,MOL_Tot_UOLSE_VWorW,MOL_Tot_UOLSE_NWorNAA,MOL_Tot_UOLSE_Tot,MOL_Tot_NS,MOL_Tot_Tot,M_LUatH_NS_SEO,M_LUatH_NS_UOLSE_VWorW,M_LUatH_NS_UOLSE_NWorNAA,M_LUatH_NS_UOLSE_Tot,M_LUatH_NS_NS,M_LUatH_NS_Tot,M_Tot_SEO,M_Tot_UOLSE_VWorW,M_Tot_UOLSE_NWorNAA,M_Tot_UOLSE_Tot,M_Tot_NS,M_Tot_Tot,FSEO_SEO,FSEO_UOLSE_VWorW,FSEO_UOLSE_NWorNAA,FSEO_UOLSE_Tot,FSEO_NS,FSEO_Tot,FOL_Afrikaans_SEO,FOL_Afrikaans_UOLSE_VWorW,FOL_Afrikaans_UOLSE_NWorNAA,FOL_Afrikaans_UOLSE_Tot,FOL_Afrikaans_NS,FOL_Afrikaans_Tot,FOL_Arabic_SEO,FOL_Arabic_UOLSE_VWorW,FOL_Arabic_UOLSE_NWorNAA,FOL_Arabic_UOLSE_Tot,FOL_Arabic_NS,FOL_Arabic_Tot,FOL_AIndLng_SEO,FOL_AIndLng_UOLSE_VWorW,FOL_AIndLng_UOLSE_NWorNAA,FOL_AIndLng_UOLSE_Tot,FOL_AIndLng_NS,FOL_AIndLng_Tot,FOL_CL_Canton_SEO,FOL_CL_Canton_UOLSE_VWorW,FOL_CL_Canton_UOLSE_NWorNAA,FOL_CL_Canton_UOLSE_Tot,FOL_CL_Canton_NS,FOL_CL_Canton_Tot,FOL_CL_Mandarin_SEO,FOL_CL_Mandarin_UOLSE_VWorW,FOL_CL_Mandarin_UOLSE_NWorNAA,FOL_CL_Mandarin_UOLSE_Tot,FOL_CL_Mandarin_NS,FOL_CL_Mandarin_Tot,FOL_CL_Oth_SEO,FOL_CL_Oth_UOLSE_VWorW,FOL_CL_Oth_UOLSE_NWorNAA,FOL_CL_Oth_UOLSE_Tot,FOL_CL_Oth_NS,FOL_CL_Oth_Tot,FOL_CL_Tot_SEO,FOL_CL_Tot_UOLSE_VWorW,FOL_CL_Tot_UOLSE_NWorNAA,FOL_CL_Tot_UOLSE_Tot,FOL_CL_Tot_NS,FOL_CL_Tot_Tot,FOL_Croatian_SEO,FOL_Croatian_UOLSE_VWorW,FOL_Croatian_UOLSE_NWorNAA,FOL_Croatian_UOLSE_Tot,FOL_Croatian_NS,FOL_Croatian_Tot,FOL_French_SEO,FOL_French_UOLSE_VWorW,FOL_French_UOLSE_NWorNAA,FOL_French_UOLSE_Tot,FOL_French_NS,FOL_French_Tot,FOL_German_SEO,FOL_German_UOLSE_VWorW,FOL_German_UOLSE_NWorNAA,FOL_German_UOLSE_Tot,FOL_German_NS,FOL_German_Tot,FOL_Greek_SEO,FOL_Greek_UOLSE_VWorW,FOL_Greek_UOLSE_NWorNAA,FOL_Greek_UOLSE_Tot,FOL_Greek_NS,FOL_Greek_Tot,FOL_IAL_Bengali_SEO,FOL_IAL_Bengali_UOLSE_VWorW,FOL_IAL_Bengali_UOLSE_NWorNAA,FOL_IAL_Bengali_UOLSE_Tot,FOL_IAL_Bengali_NS,FOL_IAL_Bengali_Tot,FOL_IAL_Guj_SEO,FOL_IAL_Guj_UOLSE_VWorW,FOL_IAL_Guj_UOLSE_NWorNAA,FOL_IAL_Guj_UOLSE_Tot,FOL_IAL_Guj_NS,FOL_IAL_Guj_Tot,FOL_IAL_Hindi_SEO,FOL_IAL_Hindi_UOLSE_VWorW,FOL_IAL_Hindi_UOLSE_NWorNAA,FOL_IAL_Hindi_UOLSE_Tot,FOL_IAL_Hindi_NS,FOL_IAL_Hindi_Tot,FOL_IAL_Nepali_SEO,FOL_IAL_Nepali_UOLSE_VWorW,FOL_IAL_Nepali_UOLSE_NWorNAA,FOL_IAL_Nepali_UOLSE_Tot,FOL_IAL_Nepali_NS,FOL_IAL_Nepali_Tot,FOL_IAL_Punjabi_SEO,FOL_IAL_Punjabi_UOLSE_VWorW,FOL_IAL_Punjabi_UOLSE_NWorNAA,FOL_IAL_Punjabi_UOLSE_Tot,FOL_IAL_Punjabi_NS,FOL_IAL_Punjabi_Tot,FOL_IAL_Sinhal_SEO,FOL_IAL_Sinhal_UOLSE_VWorW,FOL_IAL_Sinhal_UOLSE_NWorNAA,FOL_IAL_Sinhal_UOLSE_Tot,FOL_IAL_Sinhal_NS,FOL_IAL_Sinhal_Tot,FOL_IAL_Urdu_SEO,FOL_IAL_Urdu_UOLSE_VWorW,FOL_IAL_Urdu_UOLSE_NWorNAA,FOL_IAL_Urdu_UOLSE_Tot,FOL_IAL_Urdu_NS,FOL_IAL_Urdu_Tot,FOL_IAL_Oth_SEO,FOL_IAL_Oth_UOLSE_VWorW,FOL_IAL_Oth_UOLSE_NWorNAA,FOL_IAL_Oth_UOLSE_Tot
SED20106,0,86,0,84,..,275,4,274,3,283,..,78,0,78,0,78,..,68,0,70,0,71,..,495,5,510,3,511,..,963,76,1034,3,1040,..,143,9,152,3,153,..,82,17,96,0,96,..,119,13,127,0,127,..,219,29,250,0,253,..,935,86,1024,28,1053,..,9703,921,10621,95,10722,..,150,16,175,2354,2523,26740,9850,942,10796,2452,39988,26239,..,..,..,..,26239,..,44,0,44,0,44,..,238,24,259,0,263,..,10,0,10,0,10,..,559,63,628,7,633,..,1875,321,2195,14,2210,..,96,7,107,0,107,..,2534,389,2926,23,2946,..,72,3,74,0,74,..,372,19,391,5,393,..,213,4,218,0,222,..,845,228,1072,5,1082,..,66,3,69,0,69,..,85,5,87,0,87,..,597,7,601,3,609,..,66,0,70,0,70,..,67,0,69,0,69,..,69,0,69,0,69,..,38,0,40,0,40,..,119,4,125
SED20207,11,351,7,351,..,479,32,509,8,518,..,418,7,429,4,431,..,151,10,162,0,162,..,1388,53,1445,14,1458,..,464,45,511,9,520,..,655,16,667,9,677,..,80,16,93,0,95,..,91,14,104,0,109,..,624,160,787,8,790,..,3019,391,3415,74,3488,..,20171,2477,22644,292,22941,..,247,31,279,2382,2658,28264,20420,2505,22925,2675,53859,28191,..,..,..,..,28191,..,167,5,174,4,183,..,715,109,821,5,830,..,6,0,8,0,8,..,671,210,884,5,888,..,2461,1015,3479,34,3514,..,112,35,144,0,145,..,3244,1261,4505,41,4547,..,239,33,271,3,272,..,170,7,179,0,179,..,126,6,128,0,128,..,555,77,630,0,630,..,286,26,310,0,318,..,512,37,552,4,556,..,2262,135,2391,25,2423,..,158,11,164,0,167,..,1073,109,1181,12,1187,..,264,24,286,3,291,..,664,35,698,16,713,..,401,25,425
SED20302,7,267,6,274,..,67,10,73,0,73,..,273,7,277,3,287,..,83,7,87,0,89,..,685,26,712,11,721,..,213,24,238,0,238,..,446,42,491,4,499,..,48,11,59,4,60,..,68,6,78,0,78,..,108,28,135,4,136,..,2035,364,2398,42,2441,..,12482,1365,13846,179,14027,..,264,39,300,2763,3068,39616,12742,1407,14152,2941,56705,41546,..,..,..,..,41546,..,61,0,61,0,61,..,369,45,414,0,416,..,7,0,7,0,7,..,99,45,146,0,146,..,363,155,520,6,526,..,34,9,45,0,46,..,495,213,708,5,716,..,65,14,80,0,80,..,175,9,183,0,183,..,128,3,128,0,133,..,168,28,198,4,203,..,135,10,139,0,139,..,438,38,474,7,478,..,591,34,626,4,632,..,71,5,79,0,79,..,2397,292,2694,38,2729,..,1482,104,1583,25,1609,..,275,36,308,3,312,..,130,13,143
SED20401,3,76,0,76,..,82,0,84,3,87,..,112,6,114,0,117,..,43,0,44,0,44,..,313,8,325,7,331,..,153,18,176,5,176,..,137,7,151,4,148,..,49,4,49,0,49,..,14,0,17,0,17,..,184,53,233,0,238,..,589,149,735,25,765,..,5462,991,6457,100,6552,..,114,14,129,1186,1310,23737,5572,1007,6578,1287,31604,24331,..,..,..,..,24331,..,29,0,29,0,29,..,90,15,99,0,102,..,11,0,11,0,11,..,593,189,783,16,800,..,1087,404,1493,23,1510,..,50,10,62,0,62,..,1729,609,2336,36,2367,..,27,6,34,0,34,..,61,5,63,0,63,..,253,16,270,4,268,..,136,16,151,0,151,..,33,3,32,0,32,..,172,21,194,0,189,..,250,11,260,4,262,..,66,6,77,0,77,..,185,24,214,6,217,..,297,28,326,3,330,..,47,3,53,0,53,..,74,3,79
SED20508,3,19,0,19,..,9,0,14,0,14,..,26,0,30,0,30,..,8,0,7,0,7,..,68,6,72,0,72,..,48,7,55,0,54,..,3,0,3,0,3,..,14,0,16,0,16,..,24,0,18,0,18,..,26,4,31,0,31,..,298,21,319,10,329,..,1352,140,1492,31,1523,..,72,9,78,1579,1660,31113,1424,144,1573,1606,34296,33400,..,..,..,..,33400,..,13,0,13,0,13,..,20,7,21,0,21,..,4,0,4,0,4,..,21,0,25,0,25,..,112,23,133,3,139,..,6,0,4,0,4,..,134,27,164,3,172,..,51,9,62,0,62,..,47,0,48,0,48,..,100,0,101,0,109,..,146,30,172,3,176,..,6,3,6,0,6,..,7,0,7,0,7,..,27,0,27,0,27,..,12,0,16,0,16,..,38,4,42,0,42,..,0,0,0,0,0,..,10,0,10,0,10,..,3,0,3
SED20604,0,55,3,53,..,8,0,8,0,8,..,54,0,57,0,57,..,10,5,13,0,13,..,126,9,133,3,136,..,38,3,47,0,49,..,10,0,10,0,10,..,16,3,18,0,18,..,4,0,4,0,4,..,74,42,114,0,114,..,368,89,458,16,468,..,1513,243,1754,31,1789,..,89,16,105,2006,2113,30719,1604,261,1867,2036,34619,31897,..,..,..,..,31897,..,18,0,18,0,18,..,28,6,33,0,31,..,17,0,17,0,17,..,20,0,23,0,22,..,74,28,105,0,102,..,9,0,7,0,7,..,96,35,128,4,131,..,56,11,68,0,72,..,56,4,60,0,65,..,111,0,116,0,115,..,28,0,28,0,28,..,17,0,17,0,17,..,30,5,35,0,35,..,50,5,53,0,53,..,66,37,107,0,106,..,78,17,94,4,98,..,27,0,29,0,29,..,17,0,16,0,16,..,3,0,6
SED20704,0,54,0,51,..,15,0,12,0,12,..,49,0,49,0,49,..,19,3,18,0,16,..,129,9,138,4,137,..,28,0,29,0,28,..,27,0,25,0,25,..,13,8,19,0,19,..,5,0,12,0,12,..,25,5,28,0,32,..,559,242,795,19,808,..,1841,366,2207,32,2242,..,74,10,85,1723,1803,30873,1916,381,2293,1749,34915,32915,..,..,..,..,32915,..,40,3,45,0,45,..,65,5,69,0,69,..,18,0,18,0,18,..,44,7,56,0,60,..,134,56,196,3,194,..,5,0,7,0,7,..,189,66,256,3,259,..,9,3,14,0,14,..,47,0,47,0,46,..,49,0,49,0,49,..,44,0,43,0,50,..,37,4,34,0,34,..,12,0,14,0,14,..,65,3,67,0,63,..,30,0,34,0,34,..,104,11,119,3,116,..,65,3,72,0,71,..,52,0,54,0,54,..,6,0,6
SED20804,0,38,0,38,..,22,4,20,0,25,..,39,0,45,0,45,..,37,5,45,0,43,..,134,13,146,0,146,..,41,0,41,0,45,..,18,4,22,0,24,..,7,0,11,0,11,..,8,0,8,0,8,..,29,15,43,0,43,..,401,234,632,13,650,..,1366,347,1715,34,1746,..,96,13,105,2390,2493,26808,1463,357,1822,2419,31050,28728,..,..,..,..,28728,..,13,0,13,0,13,..,21,0,23,3,30,..,5,0,5,0,5,..,31,4,34,0,33,..,92,32,129,0,129,..,0,3,0,0,0,..,122,39,164,0,165,..,11,0,17,0,17,..,28,3,34,0,34,..,51,6,54,0,54,..,40,7,48,0,48,..,7,0,7,0,7,..,17,4,17,0,17,..,41,3,43,0,43,..,28,0,32,0,32,..,92,0,98,4,100,..,26,0,24,0,24,..,13,0,13,0,13,..,11,0,14
SED20906,0,31,0,31,..,81,4,90,0,92,..,33,0,32,0,35,..,13,0,15,0,15,..,162,9,172,3,173,..,241,12,257,0,264,..,153,0,153,0,155,..,37,9,46,0,45,..,46,8,56,0,56,..,219,32,256,0,257,..,1127,85,1210,26,1234,..,8754,1183,9935,109,10047,..,130,17,151,861,1012,21412,8887,1202,10091,974,32467,22056,..,..,..,..,22056,..,51,0,51,0,51,..,158,13,169,0,169,..,0,0,0,0,0,..,381,86,466,3,467,..,1857,619,2473,16,2483,..,52,15,64,0,64,..,2285,717,3003,13,3015,..,71,9,73,0,73,..,162,6,168,4,176,..,117,3,121,3,125,..,1247,266,1508,6,1517,..,27,0,33,0,33,..,121,9,132,0,132,..,354,12,366,5,369,..,23,0,22,0,22,..,78,0,78,0,79,..,87,7,93,0,93,..,23,0,23,0,23,..,69,5,66
SED21001,0,84,0,84,..,152,9,170,3,169,..,70,4,76,0,76,..,38,3,38,0,38,..,347,14,360,3,363,..,121,9,127,0,129,..,134,7,144,0,144,..,54,10,60,0,60,..,22,4,22,0,22,..,300,54,356,0,359,..,510,60,573,26,601,..,10428,3034,13464,138,13607,..,88,18,103,1275,1380,20331,10518,3053,13567,1415,35316,21153,..,..,..,..,21153,..,11,0,11,0,11,..,97,13,115,0,110,..,6,0,6,0,6,..,1574,552,2126,17,2142,..,4929,2338,7267,49,7314,..,204,84,287,5,288,..,6705,2974,9682,67,9743,..,33,10,37,0,37,..,83,5,88,0,93,..,88,0,88,0,89,..,526,92,623,10,625,..,60,0,64,0,64,..,146,14,164,0,165,..,362,14,381,4,379,..,90,3,96,0,97,..,146,16,161,0,161,..,211,0,216,0,217,..,67,5,73,0,73,..,77,0,79
SED21106,0,11,0,11,..,34,0,35,0,35,..,18,0,18,0,17,..,14,0,14,0,15,..,71,0,73,3,75,..,231,10,236,5,238,..,37,0,37,0,32,..,30,4,29,0,33,..,65,0,69,0,66,..,73,4,79,0,79,..,546,34,579,10,594,..,4162,397,4559,51,4610,..,92,12,106,1128,1231,23773,4256,413,4664,1180,29617,25581,..,..,..,..,25581,..,36,0,36,4,37,..,92,8,101,4,108,..,3,0,3,0,3,..,153,26,181,0,181,..,759,277,1032,4,1038,..,25,11,41,0,41,..,935,312,1249,5,1258,..,48,3,47,0,47,..,220,11,229,0,230,..,180,11,191,3,193,..,553,73,633,0,628,..,9,0,9,0,9,..,8,0,8,0,8,..,89,3,93,0,93,..,17,0,17,0,16,..,23,0,23,0,25,..,28,0,27,0,27,..,8,0,8,0,8,..,12,0,12
SED21203,5,134,0,134,..,76,3,74,0,78,..,166,3,170,6,177,..,85,6,92,0,92,..,450,27,479,5,480,..,198,49,250,3,251,..,155,16,175,0,175,..,34,20,54,0,54,..,3006,844,3847,32,3879,..,531,190,714,3,714,..,2647,828,3474,40,3518,..,18881,3940,22830,228,23055,..,353,109,460,2925,3379,11322,19236,4047,23282,3152,37760,10780,..,..,..,..,10780,..,3,0,3,0,3,..,4562,1194,5757,40,5802,..,8,3,10,0,10,..,86,45,133,0,133,..,172,69,241,3,250,..,13,9,26,0,26,..,274,127,402,3,401,..,102,26,126,0,124,..,35,3,36,0,38,..,44,0,39,0,43,..,488,191,683,5,688,..,283,44,321,0,327,..,70,5,77,0,73,..,234,19,253,3,260,..,761,122,880,6,892,..,184,19,202,0,209,..,214,21,236,0,236,..,1512,204,1720,34,1753,..,65,6,73
SED21303,0,35,0,35,..,107,21,125,0,127,..,57,0,55,0,58,..,47,3,50,0,50,..,241,21,263,3,265,..,523,24,543,8,547,..,59,0,59,0,59,..,37,5,42,0,42,..,228,46,273,0,277,..,212,49,265,0,265,..,630,94,728,22,749,..,7750,1163,8913,88,9005,..,125,18,144,1115,1259,25319,7878,1180,9055,1200,35576,27021,..,..,..,..,27021,..,14,0,14,0,14,..,622,185,805,6,806,..,11,0,6,0,6,..,288,72,361,3,367,..,657,133,787,5,799,..,50,7,62,0,62,..,998,216,1209,10,1220,..,74,9,85,5,83,..,218,12,223,4,227,..,222,0,226,4,231,..,1164,522,1685,4,1688,..,52,8,62,0,59,..,17,0,23,0,23,..,134,0,131,0,131,..,202,10,210,4,213,..,49,3,50,0,50,..,68,0,71,0,69,..,100,13,114,0,114,..,40,3,41
SED21401,0,45,0,43,..,127,8,135,0,137,..,45,0,45,0,45,..,26,0,26,0,32,..,238,8,254,5,252,..,140,8,147,0,148,..,119,5,126,0,126,..,30,3,36,0,36,..,88,13,101,0,101,..,215,29,242,0,243,..,572,65,642,18,663,..,13312,2455,15759,141,15907,..,114,18,136,870,1006,15457,13422,2470,15897,1018,32367,15554,..,..,..,..,15554,..,41,0,41,0,41,..,599,64,662,0,662,..,0,0,0,0,0,..,2236,596,2837,21,2858,..,3847,1481,5329,56,5382,..,198,68,264,0,264,..,6283,2144,8427,82,8503,..,110,9,117,0,117,..,47,0,47,0,47,..,91,0,89,0,89,..,2124,441,2563,8,2571,..,30,0,31,0,31,..,59,3,59,0,59,..,254,12,267,0,267,..,17,0,17,0,17,..,149,10,160,0,160,..,140,8,153,0,153,..,109,7,120,0,120,..,58,0,60
SED21503,5,89,0,90,..,57,8,64,0,64,..,74,5,80,0,80,..,38,0,37,0,37,..,255,15,271,0,268,..,160,15,171,4,175,..,242,13,253,4,259,..,42,3,44,0,44,..,59,9,68,0,68,..,372,89,455,0,459,..,770,91,860,19,880,..,8206,1625,9830,95,9922,..,121,17,144,1085,1231,19230,8331,1642,9974,1181,30385,19326,..,..,..,..,19326,..,23,0,23,0,27,..,482,89,570,0,569,..,11,0,14,0,14,..,376,120,493,4,500,..,1275,636,1914,21,1930,..,65,35,100,0,100,..,1720,783,2504,21,2522,..,152,30,179,0,179,..,61,0,60,0,59,..,73,0,72,3,78,..,766,134,899,11,911,..,53,7,53,0,59,..,48,0,45,0,51,..,272,19,285,4,287,..,48,0,49,0,53,..,135,7,141,0,141,..,301,13,312,0,312,..,74,7,76,0,83,..,55,0,55
SED21608,0,38,0,39,..,20,0,20,0,20,..,37,4,40,0,40,..,17,5,18,0,18,..,112,3,118,0,118,..,72,0,75,0,72,..,23,0,23,0,27,..,13,3,17,0,17,..,5,0,5,0,5,..,32,3,34,0,39,..,346,36,380,14,398,..,1750,148,1899,27,1921,..,85,6,92,1825,1918,29406,1838,157,1988,1852,33246,30386,..,..,..,..,30386,..,27,0,30,0,30,..,41,0,41,0,41,..,5,0,5,0,5,..,17,8,24,0,21,..,145,40,180,4,189,..,3,0,3,0,3,..,167,49,211,0,218,..,38,7,40,0,40,..,30,0,31,0,32,..,73,0,73,0,74,..,21,3,26,0,26,..,17,0,22,0,22,..,19,7,25,0,21,..,66,5,70,0,70,..,47,0,46,0,46,..,221,30,251,6,258,..,29,0,29,0,31,..,39,0,39,0,39,..,11,0,11
SED21706,0,60,3,59,..,180,6,188,4,191,..,64,0,66,0,68,..,45,0,47,0,47,..,347,10,360,4,363,..,162,11,174,0,174,..,175,0,179,0,178,..,53,5,54,0,54,..,35,4,39,0,40,..,326,48,376,3,380,..,672,69,736,17,752,..,9083,1534,10610,100,10711,..,107,25,133,1159,1292,21315,9186,1557,10744,1257,33317,21957,..,..,..,..,21957,..,27,0,27,0,27,..,152,9,166,3,165,..,7,0,7,0,7,..,923,233,1149,6,1159,..,3288,1098,4388,33,4423,..,143,41,184,0,187,..,4359,1367,5727,42,5768,..,45,10,49,0,49,..,157,0,157,0,158,..,104,8,112,3,112,..,846,174,1023,0,1022,..,57,4,58,0,58,..,109,6,118,0,120,..,371,12,383,0,383,..,44,0,44,0,44,..,98,8,109,0,111,..,415,8,427,0,429,..,53,3,60,0,60,..,92,0,92
SED21805,3,118,0,115,..,21,0,21,0,21,..,99,0,100,0,102,..,31,0,26,0,26,..,260,9,268,5,269,..,181,30,204,4,208,..,144,11,154,0,154,..,65,13,82,0,82,..,83,16,102,0,102,..,99,23,122,4,129,..,684,84,766,23,795,..,4120,473,4592,68,4658,..,129,13,137,1369,1511,28342,4251,479,4733,1438,34514,29472,..,..,..,..,29472,..,83,0,84,0,84,..,143,12,153,0,160,..,4,0,0,0,0,..,99,24,125,8,127,..,299,133,428,4,432,..,20,7,28,0,28,..,416,168,579,10,588,..,88,15,101,0,101,..,129,3,130,3,133,..,111,5,112,0,110,..,345,47,392,0,391,..,13,0,14,0,14,..,34,0,38,0,38,..,178,14,195,0,197,..,18,4,17,0,17,..,120,16,132,3,137,..,79,12,90,0,90,..,21,0,25,0,25,..,42,0,39
SED21906,0,71,0,76,..,62,4,63,0,70,..,37,0,37,0,37,..,24,0,24,0,24,..,194,7,203,3,204,..,337,25,365,6,367,..,108,6,108,6,114,..,46,7,49,0,49,..,31,5,35,0,37,..,101,14,114,8,123,..,1939,134,2070,39,2105,..,7464,751,8213,95,8308,..,135,13,154,1295,1447,23044,7600,763,8365,1390,32795,24203,..,..,..,..,24203,..,22,0,22,0,22,..,59,0,57,0,57,..,4,0,4,0,4,..,265,49,310,0,313,..,951,258,1216,9,1214,..,59,15,73,0,73,..,1271,326,1598,8,1605,..,26,7,35,0,35,..,402,26,425,7,427,..,153,4,159,0,159,..,617,123,739,4,744,..,42,5,50,0,50,..,130,8,143,0,142,..,271,15,284,0,286,..,118,0,119,0,119,..,68,0,68,4,72,..,64,0,64,0,64,..,22,0,21,0,20,..,67,4,69
SED22005,4,169,0,171,..,194,37,227,8,232,..,219,10,228,6,235,..,187,75,263,0,266,..,760,121,883,13,894,..,230,41,269,4,276,..,402,13,409,0,412,..,78,35,116,0,118,..,101,24,130,0,130,..,1766,766,2535,16,2550,..,1719,324,2045,28,2073,..,17007,4183,21183,191,21373,..,187,63,250,1537,1789,15166,17196,4244,21434,1721,38329,14336,..,..,..,..,14336,..,34,0,34,0,34,..,339,64,405,3,405,..,0,0,0,0,0,..,785,424,1211,6,1214,..,2072,960,3030,22,3051,..,217,156,374,0,373,..,3075,1535,4607,33,4640,..,113,16,128,0,128,..,165,10,180,4,178,..,73,3,71,6,81,..,2166,794,2960,42,3002,..,147,19,163,0,165,..,374,42,419,3,425,..,675,34,712,5,718,..,187,12,195,0,199,..,616,52,670,10,685,..,375,20,398,3,405,..,156,8,170,0,166,..,128,0,138
SED22105,22,524,4,526,..,97,5,104,0,104,..,629,8,635,0,639,..,149,10,159,0,160,..,1379,45,1416,10,1429,..,414,45,464,4,469,..,1060,67,1124,15,1137,..,84,17,105,0,103,..,222,36,258,0,262,..,238,83,313,0,315,..,5260,1036,6293,103,6397,..,23573,2906,26488,340,26823,..,448,102,544,2741,3291,33461,24021,3009,27030,3083,63570,33807,..,..,..,..,33807,..,73,0,76,0,77,..,541,66,605,3,611,..,7,0,7,0,7,..,171,53,222,4,220,..,584,276,858,0,862,..,83,20,106,0,105,..,836,351,1180,8,1186,..,76,4,83,0,87,..,292,11,301,0,301,..,76,0,78,4,82,..,290,38,332,0,332,..,178,15,197,0,196,..,668,81,743,8,759,..,1340,91,1434,7,1444,..,207,42,245,3,250,..,3951,491,4441,51,4490,..,1746,146,1890,28,1914,..,445,89,532,9,539,..,249,20,274
SED22201,0,34,0,36,..,42,0,43,0,41,..,31,0,36,0,36,..,17,0,23,0,23,..,128,4,132,0,132,..,116,5,122,3,122,..,60,0,56,0,56,..,38,7,42,0,45,..,13,0,9,0,9,..,59,15,73,0,73,..,972,472,1446,28,1475,..,4066,941,5010,58,5061,..,90,33,126,807,925,23621,4158,971,5130,860,29615,25454,..,..,..,..,25454,..,62,0,65,0,65,..,110,11,125,0,123,..,3,0,3,0,3,..,274,91,366,3,368,..,923,302,1228,9,1240,..,47,13,55,0,55,..,1240,412,1651,14,1667,..,22,0,22,0,22,..,45,4,47,0,47,..,94,0,92,0,92,..,124,6,134,0,138,..,24,4,26,0,26,..,75,3,84,0,84,..,165,13,176,0,173,..,24,3,24,0,24,..,127,8,135,0,135,..,97,5,103,4,108,..,13,6,20,0,20,..,50,4,52
SED22305,4,169,5,173,..,115,13,129,0,129,..,215,9,223,4,228,..,157,38,191,3,195,..,654,63,710,10,723,..,316,48,362,4,367,..,1130,207,1340,19,1356,..,31,13,43,0,43,..,270,49,320,0,326,..,789,309,1100,5,1106,..,6343,1869,8216,84,8296,..,19021,4316,23332,231,23565,..,423,154,578,2761,3333,12573,19443,4464,23905,2993,39470,11802,..,..,..,..,11802,..,19,0,19,0,19,..,793,196,991,3,1000,..,7,0,7,0,7,..,250,113,364,0,366,..,663,368,1029,7,1036,..,71,35,108,0,111,..,987,516,1501,8,1512,..,216,47,260,5,263,..,184,4,188,0,192,..,59,9,64,0,63,..,652,172,826,6,834,..,154,10,163,7,166,..,125,20,146,0,149,..,504,49,550,4,557,..,47,0,46,0,46,..,942,92,1037,7,1044,..,1082,90,1173,8,1181,..,430,67,499,5,502,..,105,6,108
SED22404,0,13,0,13,..,8,0,8,0,8,..,8,0,8,0,8,..,0,0,0,0,0,..,26,0,25,0,25,..,47,3,52,0,52,..,7,0,7,0,7,..,15,0,22,0,22,..,8,0,8,0,8,..,22,0,24,0,24,..,211,26,239,4,242,..,986,102,1087,14,1101,..,73,4,75,2214,2289,27825,1064,108,1165,2225,31220,27811,..,..,..,..,27811,..,17,0,14,0,14,..,10,0,10,0,10,..,6,0,6,0,6,..,21,5,27,0,29,..,90,24,113,0,113,..,8,0,5,0,5,..,114,32,145,0,144,..,13,4,18,0,14,..,46,0,49,0,49,..,168,0,174,0,168,..,43,6,48,0,49,..,0,0,0,0,0,..,0,0,3,0,3,..,7,0,17,0,17,..,3,0,3,0,3,..,17,3,23,0,23,..,11,0,11,0,11,..,4,0,3,0,10,..,4,0,4
SED22501,0,13,0,13,..,23,0,23,0,23,..,14,0,14,0,14,..,5,0,5,0,5,..,59,0,59,0,59,..,101,8,112,5,115,..,40,0,40,0,40,..,20,5,23,0,23,..,49,8,59,0,59,..,42,3,47,0,47,..,285,48,338,15,344,..,2934,286,3220,49,3267,..,90,9,92,651,742,25103,3026,288,3309,695,29110,26080,..,..,..,..,26080,..,59,0,60,0,60,..,114,20,142,6,142,..,0,0,0,0,4,..,127,19,147,0,147,..,523,116,634,9,642,..,21,5,26,0,26,..,671,136,809,9,814,..,70,4,75,0,75,..,100,0,100,0,103,..,119,0,119,0,118,..,296,23,318,0,318,..,5,4,7,0,7,..,9,0,9,0,9,..,85,4,87,0,87,..,0,4,4,0,4,..,22,3,26,0,26,..,65,0,72,0,72,..,23,0,22,0,22,..,18,0,18
SED22607,0,60,0,60,..,55,6,53,0,53,..,62,3,71,0,71,..,31,0,34,0,34,..,210,10,216,0,217,..,342,40,377,4,383,..,71,4,76,0,79,..,33,10,41,0,41,..,264,24,292,0,293,..,476,101,572,3,577,..,1076,133,1210,27,1243,..,7282,887,8169,105,8271,..,126,19,144,1333,1475,24259,7404,901,8309,1441,34007,24984,..,..,..,..,24984,..,15,0,15,0,15,..,425,84,504,0,508,..,5,0,5,0,5,..,348,176,522,0,523,..,566,127,697,3,700,..,55,19,72,3,76,..,967,326,1290,7,1297,..,124,4,134,0,132,..,104,3,108,0,108,..,87,0,89,5,91,..,645,136,783,10,790,..,41,0,48,0,48,..,49,3,52,0,50,..,236,11,245,3,251,..,225,4,231,0,228,..,67,3,65,4,69,..,93,8,102,0,104,..,59,5,57,0,57,..,51,4,51
SED22704,0,29,0,29,..,3,0,9,0,9,..,44,0,46,0,46,..,15,4,21,0,21,..,95,7,104,0,104,..,40,4,44,0,44,..,8,0,8,0,8,..,32,14,40,0,40,..,21,3,27,0,27,..,14,3,19,0,19,..,235,29,262,6,270,..,1326,194,1520,18,1536,..,87,3,90,2913,3003,29834,1411,197,1611,2932,34375,29720,..,..,..,..,29720,..,25,0,26,0,26,..,32,9,39,3,43,..,4,0,4,0,4,..,22,0,27,0,24,..,83,45,128,0,128,..,10,4,12,0,12,..,112,50,164,0,159,..,15,0,15,0,15,..,31,0,31,0,31,..,85,4,90,0,88,..,66,3,70,5,74,..,8,0,5,0,5,..,5,0,5,0,5,..,37,0,39,0,39,..,18,0,21,0,20,..,81,3,89,0,89,..,20,0,20,0,20,..,25,0,28,0,25,..,0,0,0
SED22802,3,39,0,39,..,17,8,27,0,27,..,45,0,50,0,50,..,15,0,13,0,13,..,117,9,124,0,124,..,69,4,71,0,76,..,21,0,24,0,24,..,24,9,23,0,23,..,15,0,15,0,15,..,30,8,34,0,34,..,507,160,666,13,675,..,2416,392,2807,30,2834,..,84,11,93,830,927,26192,2496,403,2899,864,29955,26995,..,..,..,..,26995,..,49,3,52,0,52,..,47,4,52,0,52,..,0,0,0,0,0,..,84,24,109,0,109,..,289,95,385,0,387,..,13,0,14,0,14,..,395,120,507,0,514,..,32,4,39,0,38,..,48,5,50,0,50,..,100,0,105,0,105,..,67,9,80,0,80,..,16,0,16,0,16,..,19,0,19,0,19,..,95,10,98,0,103,..,13,5,19,0,19,..,71,5,75,0,75,..,66,5,66,0,69,..,14,0,19,0,19,..,17,0,17
SED22901,0,91,5,91,..,142,14,154,0,153,..,89,3,87,0,87,..,43,5,45,0,45,..,366,15,382,4,386,..,94,9,105,0,105,..,289,6,299,0,300,..,29,3,33,0,33,..,32,4,33,0,33,..,159,39,196,4,202,..,487,83,569,17,586,..,7961,1265,9226,94,9316,..,106,9,111,789,896,19013,8063,1278,9339,881,29232,19552,..,..,..,..,19552,..,35,0,40,0,40,..,141,20,160,0,156,..,4,3,7,0,7,..,1157,329,1485,9,1500,..,2327,782,3106,43,3147,..,165,43,210,3,212,..,3651,1156,4802,47,4853,..,41,4,43,0,43,..,41,0,41,0,41,..,123,0,127,0,128,..,300,52,351,4,353,..,46,3,44,0,46,..,206,23,231,0,233,..,290,13,309,0,312,..,42,7,51,5,52,..,192,19,205,0,205,..,474,22,498,3,503,..,49,3,53,0,53,..,99,5,100
SED23007,5,184,5,187,..,122,9,136,0,133,..,313,10,320,5,322,..,73,4,79,0,79,..,682,28,716,7,724,..,696,94,786,11,794,..,165,25,192,3,200,..,60,12,77,0,77,..,291,59,347,0,350,..,4608,1599,6212,58,6266,..,2927,496,3421,48,3473,..,16301,3753,20059,214,20272,..,225,61,279,2469,2758,19414,16526,3816,20338,2686,42436,18222,..,..,..,..,18222,..,7,0,8,0,8,..,387,87,475,6,474,..,14,0,14,0,14,..,937,477,1419,3,1420,..,807,340,1153,13,1165,..,140,46,183,0,183,..,1884,868,2751,18,2769,..,254,71,330,0,330,..,80,4,85,4,86,..,86,0,84,0,87,..,689,243,925,4,934,..,190,28,223,3,229,..,122,17,138,0,141,..,267,23,293,5,295,..,292,15,302,7,306,..,200,24,223,3,224,..,78,0,78,4,77,..,188,19,209,9,217,..,45,6,50
SED23101,0,58,0,58,..,145,13,152,0,152,..,64,0,64,0,64,..,44,0,48,0,48,..,311,10,322,0,322,..,120,13,127,0,130,..,321,11,336,4,336,..,53,7,57,0,57,..,29,0,27,0,27,..,334,74,416,0,416,..,526,55,586,24,605,..,11001,2139,13141,141,13279,..,97,15,111,740,856,15707,11099,2155,13258,881,29839,16120,..,..,..,..,16120,..,25,0,25,0,25,..,117,11,129,0,130,..,6,0,6,0,6,..,1551,504,2060,10,2066,..,3874,1441,5320,66,5384,..,184,62,247,0,247,..,5614,2010,7620,79,7693,..,48,12,61,0,61,..,66,4,69,0,69,..,109,0,111,0,111,..,889,218,1106,0,1112,..,94,11,106,0,106,..,150,12,165,0,165,..,458,15,474,5,479,..,35,6,37,0,37,..,157,16,173,0,172,..,478,29,511,5,516,..,118,5,121,0,120,..,109,5,111
SED23205,4,41,0,42,..,37,0,39,0,39,..,45,0,44,0,44,..,15,0,20,0,20,..,140,3,148,0,143,..,113,16,121,3,126,..,16,0,20,0,20,..,28,0,30,0,28,..,24,0,28,0,28,..,32,3,41,0,41,..,467,85,555,17,565,..,2674,435,3108,39,3147,..,135,13,143,1919,2060,25471,2809,447,3253,1959,30680,26448,..,..,..,..,26448,..,38,0,38,0,38,..,89,16,98,0,98,..,0,0,0,0,0,..,129,25,155,0,157,..,311,152,464,0,467,..,14,11,23,0,22,..,454,182,637,3,643,..,46,10,58,0,58,..,97,5,105,0,104,..,118,0,120,3,126,..,280,40,320,9,324,..,10,0,10,0,10,..,4,0,4,0,4,..,46,4,52,0,52,..,28,0,30,0,29,..,26,0,35,0,32,..,27,4,32,0,37,..,8,0,8,0,8,..,3,0,3
SED23308,0,46,0,46,..,30,0,32,0,34,..,41,0,41,0,42,..,21,0,21,0,21,..,137,7,140,3,144,..,91,10,102,0,103,..,67,8,72,0,76,..,24,6,24,0,24,..,18,0,24,0,24,..,64,16,80,0,78,..,485,68,559,17,573,..,3068,310,3370,51,3421,..,78,7,85,1490,1576,27319,3149,310,3462,1541,32320,29719,..,..,..,..,29719,..,23,0,23,0,23,..,81,8,97,0,93,..,11,0,11,0,11,..,69,12,84,0,84,..,294,79,378,5,383,..,14,7,15,0,15,..,375,99,471,5,479,..,92,5,100,0,100,..,86,0,87,0,87,..,84,0,85,0,86,..,135,25,159,3,161,..,15,0,15,0,15,..,62,4,64,0,64,..,104,9,108,0,107,..,76,4,77,0,77,..,130,16,147,3,152,..,62,0,65,0,65,..,56,4,66,0,66,..,17,0,17
SED23402,3,120,0,120,..,33,0,35,3,41,..,116,3,125,0,131,..,41,0,48,0,48,..,315,18,332,3,334,..,236,14,248,6,253,..,230,10,240,0,245,..,28,9,33,3,38,..,36,0,35,0,35,..,54,12,72,0,70,..,1073,144,1216,30,1247,..,6484,656,7139,98,7232,..,137,23,161,1734,1896,32166,6615,681,7297,1833,41294,33312,..,..,..,..,33312,..,69,3,75,0,75,..,265,23,284,3,292,..,0,0,0,0,0,..,96,20,117,0,117,..,457,148,604,3,610,..,15,12,28,0,25,..,572,174,750,3,755,..,98,9,103,0,103,..,131,5,135,0,133,..,105,0,105,0,105,..,124,13,144,0,144,..,108,3,111,0,114,..,171,15,183,3,188,..,307,16,320,0,323,..,30,5,38,0,38,..,662,88,753,4,757,..,764,72,838,5,844,..,222,15,238,10,244,..,55,3,57
SED23502,0,55,0,55,..,11,0,10,0,10,..,49,0,49,0,49,..,41,12,48,0,48,..,151,9,159,0,159,..,33,0,30,0,30,..,17,0,19,0,18,..,11,20,32,0,33,..,6,0,6,0,6,..,36,22,61,0,61,..,162,26,182,6,191,..,947,142,1088,12,1100,..,82,8,85,2306,2399,28000,1023,150,1171,2325,31494,28801,..,..,..,..,28801,..,33,0,36,0,36,..,18,0,18,0,19,..,11,4,15,0,15,..,13,4,18,0,18,..,74,28,104,0,104,..,8,0,8,0,8,..,99,33,134,0,134,..,3,4,7,0,7,..,37,0,37,0,38,..,78,0,78,5,83,..,29,7,33,0,38,..,0,0,0,0,0,..,10,0,6,0,6,..,17,0,17,0,17,..,15,0,14,0,14,..,45,4,50,0,52,..,6,0,6,0,6,..,6,0,6,0,6,..,9,0,9
SED23602,0,19,0,19,..,11,0,9,0,9,..,35,3,38,0,38,..,14,0,15,0,15,..,79,5,82,0,82,..,43,4,51,0,47,..,33,4,34,0,34,..,12,0,15,0,15,..,3,0,3,0,3,..,22,17,45,4,47,..,176,27,203,4,214,..,1014,137,1149,14,1163,..,59,5,60,2787,2844,26160,1070,141,1211,2798,30167,26609,..,..,..,..,26609,..,37,0,39,0,39,..,14,3,16,0,16,..,4,0,4,0,4,..,13,4,13,0,13,..,61,25,85,0,85,..,9,0,9,0,9,..,82,30,105,0,105,..,20,0,20,0,26,..,39,0,40,0,40,..,81,0,80,0,80,..,38,4,47,0,49,..,3,0,3,0,3,..,9,0,5,0,5,..,16,6,24,0,23,..,3,0,5,0,5,..,45,7,49,0,49,..,21,0,26,0,26,..,15,0,15,0,15,..,6,0,6
SED23702,0,34,0,34,..,14,0,14,0,14,..,43,4,39,0,39,..,4,0,4,0,4,..,89,3,93,0,93,..,50,3,52,0,52,..,0,0,0,0,0,..,41,5,47,0,45,..,8,0,10,0,10,..,17,3,22,0,22,..,292,56,345,7,353,..,1365,172,1543,25,1561,..,76,9,87,1535,1622,32449,1447,181,1626,1552,35631,33150,..,..,..,..,33150,..,41,0,40,0,40,..,61,9,75,0,75,..,0,0,0,0,0,..,31,4,31,0,31,..,89,39,122,0,127,..,6,4,8,0,8,..,123,39,165,0,163,..,30,3,36,0,36,..,59,0,59,0,61,..,99,0,96,0,95,..,91,20,110,6,114,..,0,0,0,0,0,..,0,0,0,0,0,..,14,0,17,0,17,..,0,0,0,0,0,..,16,3,16,0,16,..,15,0,15,0,15,..,3,0,3,0,3,..,0,0,0
SED23806,0,16,0,16,..,83,6,88,0,88,..,21,0,21,0,22,..,33,0,33,0,36,..,153,6,161,5,165,..,224,15,242,3,245,..,131,5,139,0,139,..,60,3,60,0,60,..,29,4,30,0,30,..,247,38,283,3,282,..,402,29,434,5,440,..,6018,633,6653,48,6696,..,75,11,87,953,1035,23060,6094,642,6738,1001,30794,24430,..,..,..,..,24430,..,20,0,20,0,20,..,110,12,122,0,126,..,0,0,0,0,0,..,555,70,628,3,628,..,1964,500,2471,13,2478,..,135,22,154,0,155,..,2653,597,3247,12,3265,..,37,9,37,0,37,..,258,3,263,0,265,..,113,9,120,4,124,..,561,102,668,0,673,..,59,3,64,0,64,..,113,9,126,0,125,..,262,9,267,5,273,..,48,3,51,0,51,..,39,6,44,0,44,..,110,0,110,0,113,..,29,0,34,0,34,..,78,4,79
SED23901,0,67,0,67,..,53,5,59,0,59,..,53,0,55,0,59,..,33,0,31,0,31,..,207,8,216,0,219,..,184,12,198,0,198,..,175,8,176,0,173,..,49,3,56,0,53,..,42,0,38,0,38,..,233,37,270,3,272,..,940,86,1024,30,1051,..,6995,877,7875,76,7955,..,125,7,138,1089,1226,23576,7117,888,8009,1165,32755,24495,..,..,..,..,24495,..,22,0,22,0,22,..,329,62,390,0,393,..,6,0,6,0,6,..,420,100,521,7,530,..,1274,406,1688,12,1697,..,68,10,79,0,79,..,1765,524,2287,20,2310,..,167,14,181,0,180,..,110,4,112,0,111,..,101,0,101,0,104,..,728,106,838,7,846,..,34,0,34,0,34,..,43,0,44,0,44,..,234,8,241,0,242,..,53,3,51,0,54,..,95,5,97,0,103,..,127,10,139,0,139,..,55,0,53,0,53,..,45,0,45
SED24006,0,27,0,27,..,107,7,108,0,108,..,16,0,19,0,19,..,16,0,17,0,17,..,166,6,175,0,175,..,155,16,170,0,173,..,160,3,162,0,162,..,31,4,37,0,37,..,39,4,41,3,40,..,415,67,478,5,481,..,343,27,375,25,391,..,9221,1448,10667,104,10763,..,84,11,94,779,879,19244,9304,1457,10759,881,30886,19603,..,..,..,..,19603,..,18,0,18,0,18,..,155,6,158,0,161,..,10,0,10,0,10,..,1341,295,1630,0,1639,..,3606,1319,4922,32,4951,..,207,63,266,4,268,..,5149,1674,6820,33,6852,..,47,4,54,0,54,..,96,4,103,6,101,..,94,0,94,3,98,..,1073,170,1244,0,1240,..,37,0,37,0,37,..,86,8,88,0,88,..,261,7,269,7,270,..,16,0,16,0,16,..,77,4,79,0,79,..,145,5,148,0,148,..,68,7,72,0,72,..,57,0,65
SED24105,6,195,0,189,..,120,58,176,5,180,..,197,3,197,0,196,..,417,163,576,9,586,..,913,227,1143,16,1159,..,224,49,272,4,277,..,355,13,373,0,370,..,74,53,127,0,124,..,399,85,477,0,478,..,3485,1424,4914,41,4955,..,1721,346,2068,38,2101,..,16505,4867,21368,188,21555,..,288,115,402,1271,1671,14570,16793,4982,21769,1448,37791,13690,..,..,..,..,13690,..,43,0,40,0,40,..,311,59,371,0,368,..,0,0,0,0,0,..,821,469,1289,6,1296,..,1284,576,1860,15,1876,..,312,178,494,0,498,..,2420,1223,3638,23,3664,..,99,14,106,0,113,..,177,4,186,0,183,..,55,3,58,0,58,..,627,129,753,3,757,..,107,4,106,5,110,..,107,19,120,0,120,..,401,27,433,0,434,..,45,5,46,4,53,..,741,46,789,12,800,..,558,44,601,5,605,..,154,16,170,0,170,..,79,5,87
SED24207,16,785,4,790,..,96,10,99,4,106,..,1118,32,1151,10,1163,..,123,15,138,0,138,..,2111,75,2183,16,2201,..,641,101,745,4,745,..,400,30,436,9,442,..,73,10,86,0,86,..,445,82,529,3,536,..,4313,1766,6074,55,6133,..,4544,950,5490,82,5574,..,23367,4533,27905,284,28188,..,335,94,425,4275,4700,18599,23697,4627,28327,4557,51479,17674,..,..,..,..,17674,..,12,0,12,0,12,..,965,188,1152,10,1162,..,4,0,4,0,4,..,527,262,790,5,793,..,504,203,709,6,715,..,239,109,347,3,350,..,1264,578,1842,17,1858,..,366,55,429,3,434,..,71,3,72,0,72,..,41,0,41,0,46,..,497,78,570,3,575,..,150,12,162,0,162,..,181,13,194,0,196,..,872,61,933,0,938,..,128,11,138,0,141,..,2009,214,2224,21,2245,..,352,28,381,0,380,..,584,81,669,7,674,..,139,6,146
SED24308,0,127,0,129,..,19,3,26,0,26,..,182,0,182,6,185,..,34,3,35,0,36,..,359,3,369,6,373,..,92,14,104,0,106,..,101,9,117,0,117,..,50,17,66,6,67,..,66,20,95,0,95,..,148,75,224,0,225,..,1338,458,1795,27,1818,..,5415,1116,6523,70,6592,..,135,18,154,3013,3161,25298,5545,1134,6682,3075,35054,26510,..,..,..,..,26510,..,20,0,20,0,20,..,143,48,187,3,187,..,3,0,3,0,3,..,40,3,48,7,45,..,142,35,175,4,179,..,12,0,12,0,12,..,190,40,234,6,238,..,662,182,841,4,842,..,53,0,55,0,55,..,71,5,73,0,77,..,116,21,138,3,139,..,26,3,32,0,32,..,45,3,44,0,44,..,102,7,114,0,114,..,28,0,28,0,28,..,383,24,406,7,414,..,42,3,49,0,49,..,66,16,83,0,82,..,11,0,15
SED24408,0,24,0,27,..,5,0,5,0,5,..,33,0,33,0,33,..,10,0,12,0,14,..,67,0,67,4,73,..,24,3,24,0,25,..,4,0,7,0,10,..,14,0,13,0,14,..,15,0,13,0,13,..,17,0,21,0,21,..,229,106,337,12,344,..,909,155,1065,21,1080,..,56,14,67,1787,1848,26033,967,167,1131,1799,28965,26464,..,..,..,..,26464,..,36,0,36,0,36,..,8,3,9,0,11,..,5,0,5,0,5,..,12,5,16,0,18,..,52,7,66,0,67,..,0,0,0,0,0,..,67,11,80,7,87,..,9,4,7,0,7,..,21,0,21,0,21,..,41,0,41,0,41,..,15,3,15,0,16,..,14,0,14,0,14,..,13,0,16,0,19,..,31,4,33,0,33,..,40,4,43,0,45,..,41,0,46,0,46,..,20,0,20,0,20,..,12,0,12,0,12,..,4,0,4
SED24504,0,16,0,16,..,9,0,9,0,9,..,21,0,21,0,21,..,3,3,9,0,9,..,48,3,52,0,52,..,77,3,78,0,79,..,4,0,4,0,4,..,18,0,19,0,19,..,28,0,28,0,28,..,16,6,22,0,22,..,282,19,303,9,312,..,1298,136,1441,21,1454,..,70,3,74,1703,1776,28845,1368,140,1509,1721,32077,29486,..,..,..,..,29486,..,33,0,33,0,33,..,35,10,40,0,40,..,4,0,4,0,4,..,22,9,27,0,27,..,75,29,100,3,100,..,8,0,8,0,8,..,101,31,134,3,140,..,55,6,58,0,58,..,88,3,92,0,94,..,122,4,122,0,123,..,79,14,95,5,95,..,4,0,4,0,4,..,7,0,7,0,7,..,23,0,22,0,22,..,16,3,24,0,24,..,33,6,39,5,43,..,3,0,3,0,3,..,8,0,8,0,5,..,0,0,0
SED24606,0,45,0,45,..,73,12,85,0,90,..,53,4,55,6,60,..,25,0,29,0,29,..,200,20,213,6,218,..,193,12,204,0,209,..,79,3,82,0,82,..,34,5,40,0,41,..,28,6,33,0,33,..,139,17,156,3,158,..,493,26,528,17,539,..,5293,556,5847,66,5921,..,66,10,77,1035,1108,21456,5356,563,5924,1100,28480,23335,..,..,..,..,23335,..,21,0,21,0,21,..,69,6,72,0,72,..,3,0,3,0,3,..,450,68,517,8,521,..,1477,347,1826,14,1837,..,95,15,113,0,111,..,2018,431,2453,17,2475,..,30,4,33,0,30,..,160,4,161,0,166,..,101,0,103,0,106,..,882,201,1085,4,1088,..,43,3,48,0,48,..,117,12,132,0,132,..,225,13,232,0,233,..,63,0,67,0,67,..,56,0,56,0,58,..,100,0,102,0,102,..,24,0,24,0,24,..,52,0,50
SED24703,4,279,0,279,..,937,29,963,4,964,..,243,3,250,0,250,..,233,9,245,0,246,..,1697,47,1737,4,1749,..,1197,96,1301,9,1307,..,489,25,511,4,519,..,446,123,569,3,570,..,173,34,204,0,206,..,1028,157,1186,6,1192,..,2057,182,2243,47,2287,..,23023,2899,25924,149,26076,..,235,39,271,4670,4940,30428,23257,2937,26198,4821,61443,28193,..,..,..,..,28193,..,32,0,32,0,32,..,567,111,677,3,681,..,10,0,10,0,10,..,1988,357,2346,8,2357,..,8545,1566,10108,28,10143,..,268,58,323,0,323,..,10798,1978,12776,36,12816,..,60,9,66,0,66,..,343,9,350,0,351,..,205,0,205,6,210,..,299,36,335,8,337,..,199,5,203,0,210,..,113,3,118,0,118,..,1148,33,1174,11,1188,..,278,0,278,0,281,..,169,10,173,0,179,..,224,3,230,0,227,..,116,0,122,5,125,..,324,11,331
SED24808,12,295,5,300,..,57,3,61,3,61,..,346,9,354,0,359,..,75,7,77,0,81,..,763,30,787,7,795,..,286,35,328,3,332,..,180,22,210,7,210,..,38,0,40,0,40,..,155,19,179,5,182,..,237,118,356,3,357,..,2582,518,3100,59,3161,..,10768,1454,12221,183,12403,..,287,68,358,2788,3146,32444,11059,1515,12576,2972,47997,33741,..,..,..,..,33741,..,29,0,29,0,29,..,354,61,410,4,411,..,9,0,9,0,14,..,60,21,83,0,83,..,155,75,232,3,236,..,33,10,37,0,37,..,251,102,354,3,353,..,140,26,164,0,164,..,65,0,70,0,69,..,77,3,81,0,81,..,177,38,210,0,211,..,306,49,350,6,355,..,66,12,74,0,78,..,529,48,579,6,587,..,84,39,121,0,125,..,2020,262,2288,45,2326,..,183,14,194,0,194,..,490,71,559,5,567,..,51,0,51
SED24904,4,52,0,48,..,18,14,29,0,29,..,65,3,68,0,68,..,207,126,329,4,332,..,334,141,478,4,484,..,23,0,28,0,28,..,47,13,61,3,57,..,42,75,120,5,124,..,161,67,228,0,222,..,144,162,310,13,323,..,747,282,1026,22,1045,..,3167,1387,4554,83,4639,..,121,24,146,2657,2809,25761,3287,1412,4702,2739,33203,26689,..,..,..,..,26689,..,49,0,49,0,49,..,36,8,46,0,46,..,19,3,24,0,24,..,55,35,89,0,89,..,274,279,551,8,557,..,5,11,15,0,15,..,336,319,656,8,665,..,36,7,41,0,41,..,18,6,25,0,24,..,47,0,46,0,46,..,143,35,177,0,175,..,14,0,14,0,14,..,19,0,20,0,21,..,34,0,36,0,36,..,33,6,42,0,42,..,164,26,189,3,192,..,30,0,32,0,32,..,9,0,9,0,9,..,3,0,3
SED25003,8,150,0,155,..,87,3,93,5,95,..,199,9,209,0,210,..,52,3,56,0,56,..,484,22,512,4,518,..,181,11,189,0,192,..,420,27,449,6,452,..,26,8,32,0,32,..,144,23,165,0,163,..,311,114,427,0,430,..,1172,183,1353,29,1379,..,12908,1693,14601,136,14736,..,199,44,236,1393,1631,18940,13111,1735,14839,1532,35308,19041,..,..,..,..,19041,..,16,0,19,0,19,..,1363,270,1635,16,1651,..,3,0,3,0,3,..,196,58,252,0,253,..,543,254,804,19,819,..,63,26,90,0,90,..,797,348,1144,15,1163,..,109,14,130,0,127,..,60,0,60,4,60,..,41,0,42,3,42,..,1047,138,1188,17,1198,..,100,3,105,0,105,..,156,13,167,0,169,..,544,19,563,4,570,..,207,22,231,4,229,..,791,95,885,8,894,..,348,21,366,3,375,..,325,40,365,10,372,..,104,4,110
SED25102,0,13,0,10,..,9,0,10,0,10,..,16,0,14,0,13,..,13,0,13,0,13,..,45,0,46,0,48,..,59,7,65,3,66,..,12,0,12,0,12,..,17,6,21,0,21,..,4,0,4,0,4,..,25,0,29,0,29,..,429,75,507,16,527,..,1625,206,1831,28,1861,..,82,15,99,874,972,26250,1712,220,1931,901,29081,26253,..,..,..,..,26253,..,35,0,35,0,36,..,22,3,28,0,28,..,5,0,5,0,5,..,55,7,59,0,59,..,147,36,187,0,190,..,8,0,8,0,8,..,210,47,258,0,258,..,25,4,24,0,24,..,77,0,77,0,77,..,170,0,174,0,175,..,81,6,90,0,92,..,3,0,3,0,3,..,6,0,6,0,6,..,35,0,35,0,37,..,0,0,5,0,5,..,19,4,20,0,20,..,38,4,36,0,36,..,0,0,0,0,0,..,17,0,14
SED25205,0,47,0,47,..,16,0,16,0,16,..,59,0,59,0,59,..,30,0,30,0,30,..,151,0,152,0,152,..,176,11,181,8,190,..,104,4,107,3,109,..,31,8,35,0,37,..,117,15,132,0,132,..,102,14,114,0,116,..,492,56,550,17,569,..,4452,515,4974,64,5034,..,93,7,97,918,1016,25517,4550,522,5073,984,31571,27291,..,..,..,..,27291,..,52,0,56,0,56,..,93,20,117,0,117,..,0,0,0,0,0,..,151,40,195,6,198,..,566,156,725,8,733,..,48,15,62,0,62,..,771,215,984,11,995,..,74,10,85,0,85,..,164,7,168,3,174,..,143,0,149,0,146,..,752,126,877,10,886,..,35,5,37,0,37,..,24,4,30,0,30,..,147,10,152,0,157,..,31,0,31,0,31,..,45,3,50,0,48,..,67,3,66,0,66,..,11,0,11,0,11,..,31,0,33
SED25302,0,18,0,18,..,19,0,15,0,16,..,9,0,9,0,9,..,5,0,5,0,5,..,48,0,49,0,54,..,87,5,98,0,97,..,17,0,17,0,17,..,12,0,18,0,18,..,16,0,16,0,16,..,18,10,24,0,24,..,238,29,266,4,266,..,1466,127,1593,18,1611,..,79,4,81,1081,1164,28265,1544,131,1672,1098,31037,30915,..,..,..,..,30915,..,39,0,39,0,39,..,34,4,35,0,41,..,5,0,4,0,4,..,41,3,55,0,55,..,121,34,153,0,153,..,4,0,7,0,7,..,173,39,211,0,211,..,46,8,56,0,56,..,73,4,76,0,76,..,159,0,160,0,160,..,170,23,195,0,193,..,0,0,0,0,0,..,3,0,3,0,3,..,19,3,25,0,25,..,3,0,3,0,3,..,28,0,28,0,28,..,8,0,8,0,8,..,0,0,0,0,0,..,0,0,0
SED25402,8,56,0,54,..,15,0,15,0,20,..,62,3,62,0,64,..,8,4,17,0,17,..,137,13,151,0,152,..,54,10,57,0,57,..,21,0,22,0,22,..,20,5,18,0,18,..,11,0,11,0,11,..,39,12,49,5,54,..,432,95,529,14,537,..,1800,257,2060,35,2094,..,91,16,107,2342,2455,28792,1897,274,2169,2378,33338,30001,..,..,..,..,30001,..,24,0,27,0,27,..,42,11,48,0,52,..,11,0,11,0,11,..,33,18,51,0,50,..,117,28,149,0,149,..,4,0,6,0,6,..,161,47,207,0,204,..,25,9,31,0,31,..,27,0,27,0,27,..,75,3,77,0,77,..,102,22,129,0,132,..,15,0,23,0,23,..,4,0,9,0,9,..,41,5,43,0,43,..,19,0,25,0,25,..,69,7,77,0,76,..,43,0,45,0,45,..,34,9,38,0,38,..,9,0,9
SED25501,4,37,0,37,..,251,8,259,0,263,..,55,3,56,0,58,..,49,3,51,0,56,..,389,17,412,3,417,..,93,3,92,0,92,..,738,17,758,3,760,..,55,3,59,0,59,..,42,0,44,0,44,..,400,56,457,3,456,..,795,73,868,20,883,..,15153,2580,17733,100,17835,..,112,18,129,1045,1171,13328,15266,2597,17867,1142,32335,13140,..,..,..,..,13140,..,35,0,35,0,35,..,187,3,194,0,196,..,4,0,4,0,4,..,1755,496,2254,11,2264,..,5124,2038,7159,31,7198,..,287,75,364,3,364,..,7164,2612,9774,50,9824,..,50,5,50,4,53,..,89,0,92,0,92,..,76,0,77,0,77,..,774,162,935,8,940,..,186,11,190,0,190,..,237,8,250,0,251,..,772,32,808,0,811,..,42,0,43,0,43,..,253,19,275,0,275,..,1068,54,1115,5,1120,..,110,3,114,0,114,..,304,7,311
SED25605,0,127,0,127,..,185,15,192,3,200,..,124,5,130,0,130,..,147,62,213,4,211,..,577,78,657,6,664,..,165,35,201,0,202,..,411,7,415,4,424,..,34,8,39,0,40,..,140,37,178,0,178,..,1251,423,1671,7,1683,..,1356,290,1647,32,1681,..,13853,2683,16532,150,16683,..,178,49,226,1300,1526,13542,14031,2729,16763,1451,31752,12956,..,..,..,..,12956,..,18,0,18,0,18,..,326,36,356,3,359,..,0,0,0,0,0,..,877,308,1189,13,1199,..,2098,860,2960,31,2990,..,174,66,236,0,236,..,3148,1233,4383,42,4423,..,168,44,212,0,210,..,151,8,160,0,161,..,94,5,93,0,91,..,1395,310,1707,11,1720,..,144,5,153,0,155,..,134,16,151,0,148,..,417,22,438,0,443,..,40,3,45,0,50,..,642,50,691,0,695,..,777,44,824,4,825,..,213,23,232,0,235,..,99,0,101
SED25704,0,118,0,118,..,28,9,37,0,36,..,78,7,86,0,86,..,77,47,125,4,128,..,305,58,366,5,369,..,18,0,18,0,18,..,7,0,10,0,10,..,12,3,14,0,14,..,0,0,3,0,3,..,64,36,100,0,97,..,211,56,271,13,279,..,1359,299,1657,35,1693,..,110,15,130,2294,2423,27789,1471,317,1792,2329,31906,28699,..,..,..,..,28699,..,34,0,34,0,34,..,21,6,25,0,24,..,23,0,23,0,23,..,23,9,30,0,30,..,71,58,126,0,129,..,4,8,13,0,13,..,99,66,165,0,167,..,7,0,7,0,7,..,24,3,21,0,21,..,37,0,36,0,37,..,34,0,36,0,36,..,11,0,7,0,7,..,0,0,0,0,0,..,16,0,18,0,18,..,27,3,28,0,28,..,116,18,133,0,133,..,40,7,50,0,50,..,21,0,23,0,26,..,7,0,7
SED25802,0,30,0,28,..,24,0,24,0,24,..,24,0,24,0,22,..,14,0,14,0,14,..,86,0,83,6,87,..,58,4,61,0,61,..,10,0,13,0,16,..,21,7,28,0,28,..,9,0,9,0,9,..,40,17,57,0,57,..,347,35,380,9,388,..,1516,199,1715,22,1731,..,100,4,102,2258,2366,33642,1612,202,1815,2276,37736,35093,..,..,..,..,35093,..,38,6,42,0,42,..,29,7,32,0,37,..,3,0,3,0,3,..,26,7,30,0,30,..,134,39,169,0,169,..,3,9,8,0,10,..,161,54,212,0,212,..,28,8,40,0,40,..,24,0,28,0,28,..,90,9,98,0,98,..,54,13,67,0,67,..,0,0,0,0,0,..,13,0,13,0,13,..,42,0,43,0,43,..,3,0,3,0,3,..,76,13,86,0,86,..,65,3,69,0,69,..,26,5,23,0,23,..,3,0,3
SED25905,3,116,0,116,..,113,6,123,0,121,..,129,9,140,0,140,..,85,8,87,0,94,..,438,27,468,8,472,..,292,39,326,4,333,..,397,30,422,0,425,..,31,9,43,3,41,..,201,29,229,0,229,..,229,57,290,0,287,..,3228,641,3869,50,3918,..,11999,1894,13893,125,14014,..,248,54,299,1589,1891,17870,12248,1945,14192,1712,33780,17702,..,..,..,..,17702,..,48,0,48,0,48,..,644,116,757,10,771,..,3,0,3,0,3,..,263,87,358,0,361,..,747,417,1159,13,1175,..,178,73,249,0,253,..,1188,574,1767,12,1782,..,226,46,271,0,274,..,171,3,176,4,181,..,61,0,61,0,62,..,412,52,463,3,465,..,92,3,94,0,94,..,78,0,76,0,82,..,394,18,413,3,415,..,26,0,26,0,26,..,475,52,527,3,529,..,901,69,972,3,976,..,267,35,302,0,303,..,90,9,95
SED26005,0,247,3,246,..,140,8,150,0,152,..,292,10,302,6,305,..,145,14,159,0,159,..,818,37,857,11,864,..,408,58,463,4,463,..,717,53,771,6,776,..,48,14,59,0,59,..,157,31,190,6,189,..,323,114,434,6,442,..,4488,1014,5501,62,5564,..,16032,2431,18463,165,18629,..,340,90,428,1680,2107,22720,16372,2518,18891,1846,43457,22069,..,..,..,..,22069,..,57,0,60,0,60,..,561,93,658,0,660,..,7,0,7,0,7,..,215,69,284,5,286,..,899,420,1320,8,1330,..,125,36,163,0,163,..,1232,531,1762,12,1775,..,95,21,116,3,120,..,239,12,251,4,254,..,50,0,50,0,47,..,245,32,271,0,271,..,149,3,155,4,156,..,196,20,215,4,217,..,720,34,757,13,765,..,54,3,61,0,61,..,819,95,911,6,921,..,1621,120,1741,21,1757,..,337,44,378,9,389,..,162,10,174
SED26102,0,15,0,15,..,7,0,7,0,7,..,15,0,15,0,15,..,13,0,13,0,13,..,42,3,46,0,46,..,87,0,89,0,90,..,7,0,7,0,7,..,14,0,19,0,19,..,19,5,19,0,19,..,13,0,13,0,13,..,188,21,210,4,213,..,1776,189,1967,34,1998,..,79,0,82,2298,2377,28174,1852,196,2042,2330,32547,29833,..,..,..,..,29833,..,17,0,17,0,19,..,27,0,29,0,35,..,0,0,0,0,0,..,19,5,18,3,16,..,56,22,77,0,83,..,5,0,5,0,5,..,77,23,100,0,101,..,77,9,77,0,80,..,74,5,78,0,77,..,107,0,106,0,106,..,327,85,415,11,421,..,0,0,0,0,0,..,4,0,4,0,4,..,11,0,13,0,13,..,9,0,9,0,9,..,26,0,26,0,26,..,7,0,7,0,7,..,0,0,0,0,0,..,4,0,4
SED26207,0,66,3,69,..,30,0,29,0,29,..,62,3,61,0,61,..,13,4,14,0,14,..,159,6,165,3,173,..,284,30,310,0,309,..,71,0,74,0,73,..,29,5,31,0,31,..,128,18,147,5,159,..,674,149,821,6,827,..,688,71,756,17,769,..,7739,1088,8826,90,8917,..,129,19,151,868,1017,20140,7869,1106,8976,960,30081,20380,..,..,..,..,20380,..,11,0,11,0,11,..,474,64,536,0,539,..,0,0,0,0,0,..,337,162,499,0,499,..,399,91,488,0,487,..,33,15,46,0,46,..,771,258,1035,3,1036,..,410,65,476,4,484,..,56,0,56,0,56,..,65,0,67,0,67,..,1014,213,1228,4,1231,..,22,0,26,0,26,..,29,4,26,0,26,..,165,5,172,0,175,..,23,0,23,0,23,..,87,7,93,0,95,..,115,5,119,0,119,..,60,5,65,0,65,..,19,0,20
SED26303,0,18,0,18,..,42,0,40,0,45,..,27,0,27,0,27,..,14,0,14,0,14,..,105,0,101,0,107,..,271,15,289,8,295,..,31,0,28,0,32,..,32,4,31,0,31,..,47,6,49,0,53,..,234,71,304,7,310,..,432,47,489,12,501,..,5643,1013,6658,63,6727,..,105,13,117,1019,1136,24170,5757,1027,6777,1080,32028,26024,..,..,..,..,26024,..,12,0,12,0,9,..,312,72,380,0,386,..,18,0,18,0,18,..,210,82,295,0,293,..,361,110,472,3,475,..,24,7,32,4,32,..,597,203,795,9,806,..,82,11,92,0,98,..,168,3,171,0,167,..,183,4,185,4,186,..,1634,688,2323,7,2331,..,19,0,19,0,19,..,19,4,23,0,23,..,81,3,79,0,79,..,61,5,66,0,68,..,44,0,42,0,42,..,47,3,51,0,57,..,24,0,22,0,26,..,24,7,30
SED26406,5,95,0,95,..,222,12,238,0,237,..,108,0,108,3,107,..,83,3,85,0,85,..,500,20,522,9,526,..,273,26,302,0,307,..,361,12,370,5,380,..,62,15,79,0,79,..,31,4,38,0,38,..,434,59,491,0,497,..,1233,125,1359,25,1384,..,13286,1883,15170,141,15311,..,128,17,144,1446,1589,19459,13416,1899,15313,1580,36351,19013,..,..,..,..,19013,..,21,0,21,0,21,..,185,18,203,3,210,..,0,0,0,0,0,..,709,142,848,5,854,..,2715,644,3361,34,3398,..,144,31,171,0,172,..,3567,819,4387,41,4424,..,46,13,57,0,57,..,216,10,226,3,230,..,109,0,112,0,112,..,2166,704,2874,4,2884,..,189,13,203,0,203,..,317,16,332,3,336,..,611,27,642,7,651,..,186,8,194,0,194,..,207,17,221,0,225,..,504,18,519,3,524,..,91,9,98,0,103,..,170,3,172
SED26504,0,59,0,54,..,4,0,0,0,0,..,38,0,38,0,38,..,58,20,77,4,79,..,153,20,176,4,178,..,29,6,30,0,35,..,19,0,20,0,20,..,33,17,46,5,44,..,4,0,3,0,9,..,13,7,10,0,10,..,173,22,196,13,205,..,1409,263,1675,30,1708,..,89,11,97,1789,1886,25656,1497,272,1767,1820,29246,26718,..,..,..,..,26718,..,17,0,17,0,17,..,24,5,33,0,33,..,16,0,17,0,17,..,26,11,39,0,39,..,87,51,134,3,138,..,0,6,5,0,5,..,117,59,174,3,177,..,16,4,26,0,26,..,28,4,29,0,29,..,61,0,61,0,61,..,32,3,34,0,34,..,4,0,4,0,4,..,16,0,16,0,16,..,14,0,14,0,14,..,46,0,48,0,47,..,93,15,110,0,110,..,23,0,28,0,28,..,12,0,14,0,14,..,7,0,7
SED26603,4,107,0,106,..,66,4,70,0,71,..,125,4,132,3,132,..,42,8,50,0,49,..,337,12,351,6,361,..,388,30,416,4,423,..,107,5,108,0,115,..,50,5,59,0,59,..,775,153,924,8,939,..,313,54,367,0,372,..,995,143,1134,42,1182,..,12489,1649,14139,170,14308,..,168,33,199,1685,1883,22712,12659,1681,14340,1856,38903,23450,..,..,..,..,23450,..,17,0,17,0,18,..,1681,290,1976,11,1986,..,6,0,6,0,6,..,216,59,281,4,282,..,604,224,829,3,829,..,30,5,39,0,42,..,855,289,1147,8,1160,..,120,22,138,0,139,..,124,5,121,3,134,..,90,0,95,0,91,..,1290,342,1635,13,1641,..,102,11,111,3,111,..,70,3,76,0,75,..,250,17,267,0,269,..,1053,63,1121,5,1128,..,149,8,160,0,163,..,217,14,229,0,233,..,474,62,545,5,549,..,72,0,75
SED26708,0,49,0,49,..,17,0,19,0,20,..,33,0,35,0,35,..,13,0,23,0,23,..,121,8,124,0,127,..,74,3,81,0,75,..,10,0,10,0,10,..,5,6,13,0,12,..,11,0,11,0,11,..,25,8,27,0,27,..,219,39,263,13,270,..,1100,231,1328,22,1352,..,68,6,74,2060,2135,29309,1164,236,1397,2084,32793,29207,..,..,..,..,29207,..,10,0,10,0,10,..,27,0,27,0,28,..,0,0,0,0,0,..,19,8,19,0,19,..,96,87,184,0,184,..,3,6,10,0,10,..,117,101,214,0,214,..,19,5,17,0,17,..,49,0,45,0,52,..,61,4,57,5,61,..,43,5,46,0,46,..,6,0,6,0,6,..,0,0,0,0,0,..,15,0,12,0,12,..,20,0,20,0,18,..,21,0,24,0,24,..,15,0,17,0,17,..,0,0,0,0,0,..,4,0,4
SED26806,0,72,0,72,..,158,8,162,0,162,..,77,0,77,0,84,..,68,0,64,0,64,..,373,12,378,0,377,..,723,37,764,4,766,..,97,5,96,4,103,..,74,20,88,3,90,..,100,18,126,0,126,..,141,23,171,0,166,..,750,66,814,16,834,..,7125,769,7902,67,7969,..,111,12,118,2302,2422,25227,7237,781,8019,2367,35623,25946,..,..,..,..,25946,..,34,0,34,0,34,..,149,11,166,0,167,..,0,0,0,0,0,..,418,68,488,3,495,..,1481,295,1786,0,1784,..,75,8,86,0,84,..,1983,375,2353,5,2362,..,46,9,48,0,48,..,335,10,345,5,349,..,188,5,194,3,194,..,662,222,886,9,892,..,40,0,41,0,45,..,79,0,83,0,83,..,261,3,266,4,271,..,45,0,51,0,54,..,44,0,51,0,51,..,87,4,86,0,86,..,21,4,25,0,25,..,54,0,53
SED26903,4,78,3,82,..,47,3,52,0,56,..,120,5,121,0,121,..,49,4,53,0,53,..,292,16,312,4,313,..,349,30,383,3,381,..,134,14,148,0,151,..,40,6,45,0,45,..,107,14,124,0,124,..,660,213,876,4,880,..,1037,125,1160,29,1190,..,10649,2207,12857,126,12982,..,139,35,172,1656,1831,19321,10786,2245,13030,1780,34135,19804,..,..,..,..,19804,..,6,0,6,0,8,..,864,187,1050,5,1058,..,29,0,29,0,30,..,317,182,503,0,503,..,810,528,1336,7,1344,..,41,24,61,6,64,..,1173,728,1898,11,1911,..,92,15,114,0,114,..,105,0,111,0,110,..,86,4,93,0,93,..,1485,393,1880,20,1893,..,67,13,87,0,86,..,62,4,67,0,67,..,293,25,316,4,318,..,367,11,379,0,379,..,227,19,250,4,252,..,98,12,105,0,105,..,151,24,177,3,182,..,41,0,44
SED27003,0,52,0,50,..,56,6,62,3,63,..,53,0,54,0,54,..,38,9,44,0,44,..,194,13,204,0,211,..,332,26,355,6,360,..,43,0,43,0,43,..,62,10,75,0,75,..,81,18,96,0,96,..,807,356,1163,6,1165,..,893,131,1022,15,1043,..,5769,1193,6969,59,7027,..,120,13,140,1975,2117,27960,5895,1210,7105,2035,37102,27889,..,..,..,..,27889,..,15,0,15,0,15,..,203,50,245,0,245,..,17,0,17,0,16,..,367,192,560,0,562,..,594,265,858,8,873,..,107,108,215,0,215,..,1070,564,1630,12,1644,..,58,12,64,0,60,..,235,14,250,6,255,..,167,4,169,4,176,..,665,265,933,8,935,..,27,0,27,0,27,..,15,0,15,0,15,..,82,0,81,0,81,..,24,0,31,0,31,..,19,0,19,0,19,..,62,3,59,0,59,..,8,0,9,0,9,..,22,0,22
SED27101,0,54,0,54,..,124,3,128,0,129,..,74,4,76,3,82,..,22,0,23,0,23,..,272,14,280,5,282,..,143,13,154,0,155,..,111,4,118,0,118,..,53,10,66,0,66,..,26,0,27,0,27,..,228,60,296,3,297,..,789,385,1171,31,1200,..,7559,1633,9195,111,9302,..,133,42,175,937,1114,21503,7690,1681,9370,1044,31921,22094,..,..,..,..,22094,..,38,0,36,0,36,..,88,11,103,0,103,..,4,6,7,0,7,..,962,290,1252,19,1268,..,2268,868,3134,37,3163,..,96,33,134,0,134,..,3328,1194,4515,51,4564,..,44,5,53,3,49,..,56,0,59,0,59,..,118,0,118,0,121,..,286,35,322,3,325,..,35,0,38,0,38,..,100,9,111,0,114,..,319,16,333,7,340,..,110,4,114,0,114,..,251,23,268,3,273,..,169,8,178,3,181,..,96,7,105,0,109,..,77,0,77
SED27208,4,64,6,64,..,7,3,13,0,13,..,42,4,47,0,47,..,24,4,22,0,22,..,129,10,144,6,141,..,30,0,27,0,27,..,27,0,27,0,27,..,12,4,13,0,13,..,6,0,6,0,6,..,15,3,22,0,24,..,305,37,348,8,350,..,1334,180,1514,22,1539,..,83,9,94,3417,3509,29286,1418,192,1609,3441,34336,29694,..,..,..,..,29694,..,30,0,33,0,33,..,27,0,27,0,27,..,14,0,14,0,8,..,15,5,24,0,24,..,102,71,177,0,177,..,11,0,7,0,7,..,132,85,209,0,209,..,16,5,14,0,14,..,21,3,17,0,17,..,52,4,62,0,62,..,38,0,37,0,37,..,16,4,18,0,18,..,16,0,16,0,16,..,26,7,27,0,27,..,25,5,31,0,31,..,96,5,102,0,100,..,26,0,24,0,24,..,41,9,50,0,50,..,7,0,7
SED27305,0,55,0,55,..,79,0,84,0,85,..,83,4,90,0,90,..,40,0,40,0,40,..,265,8,267,3,270,..,104,7,114,0,116,..,306,4,311,0,313,..,23,0,23,0,27,..,38,7,45,0,48,..,192,47,234,0,234,..,589,66,658,14,670,..,6788,909,7698,71,7768,..,85,15,105,611,722,18980,6877,926,7804,685,27464,18860,..,..,..,..,18860,..,44,0,44,0,44,..,314,42,356,3,357,..,0,0,0,0,0,..,615,189,805,3,808,..,1338,475,1814,23,1837,..,150,33,179,0,179,..,2104,698,2802,25,2822,..,74,6,77,0,77,..,71,0,71,0,71,..,96,0,96,0,96,..,355,39,393,0,391,..,28,0,34,0,34,..,101,3,107,0,102,..,249,14,262,0,262,..,15,3,18,0,18,..,168,7,179,0,176,..,556,37,588,0,592,..,60,7,64,0,65,..,69,0,69
SED27406,0,22,0,22,..,19,0,19,0,19,..,39,0,39,0,39,..,9,0,9,0,9,..,88,3,91,0,91,..,213,17,228,0,229,..,32,0,33,0,33,..,23,0,26,0,26,..,98,11,109,0,115,..,49,4,58,0,58,..,428,42,471,6,479,..,3794,421,4211,49,4259,..,87,10,99,883,980,25163,3883,430,4309,928,30401,27171,..,..,..,..,27171,..,86,0,86,0,86,..,95,6,104,0,104,..,5,0,5,0,5,..,119,32,149,0,152,..,534,203,731,0,735,..,22,4,29,0,29,..,672,239,914,3,918,..,75,3,82,0,82,..,184,0,189,4,190,..,233,8,233,4,237,..,571,93,666,3,672,..,17,0,13,0,13,..,40,0,40,0,40,..,110,4,116,0,116,..,31,0,31,0,31,..,33,4,35,0,35,..,40,0,40,0,40,..,26,0,26,0,26,..,15,0,15
SED27504,0,133,0,136,..,21,4,27,5,30,..,132,0,130,0,131,..,100,62,164,4,171,..,383,73,458,11,470,..,33,5,37,0,37,..,69,9,80,0,80,..,32,14,52,0,52,..,188,63,248,0,249,..,36,12,48,0,47,..,1016,392,1407,30,1433,..,4823,1147,5972,98,6071,..,140,29,171,2687,2853,28016,4966,1177,6148,2779,36941,28793,..,..,..,..,28793,..,26,0,28,0,28,..,473,205,677,5,685,..,45,0,45,5,51,..,41,19,58,0,58,..,220,160,382,11,393,..,4,4,10,0,10,..,267,181,450,11,458,..,12,0,21,0,22,..,24,0,24,0,24,..,40,3,37,0,38,..,97,16,120,0,120,..,30,0,30,0,30,..,80,15,95,0,95,..,84,13,92,0,92,..,40,15,56,0,56,..,571,121,697,6,707,..,74,4,75,3,75,..,88,9,91,0,91,..,34,0,34
SED27608,0,63,0,63,..,48,0,48,0,48,..,64,5,63,0,63,..,38,0,38,0,38,..,213,5,216,0,216,..,129,16,147,0,144,..,70,0,73,0,73,..,27,0,27,0,27,..,22,3,27,0,27,..,80,7,94,3,96,..,659,80,744,20,759,..,4299,343,4644,57,4703,..,118,15,129,1622,1755,38561,4420,358,4776,1686,45016,41043,..,..,..,..,41043,..,89,0,89,0,86,..,119,4,123,0,128,..,10,0,10,0,10,..,99,19,114,0,114,..,392,91,485,0,485,..,12,0,12,0,12,..,495,105,603,3,610,..,66,4,68,0,68,..,104,3,114,0,117,..,159,0,154,8,162,..,90,3,93,0,93,..,48,8,52,0,52,..,61,4,66,0,66,..,146,3,151,4,151,..,63,3,68,3,69,..,315,35,349,9,353,..,135,7,138,0,138,..,67,4,69,0,69,..,35,0,35
SED27708,0,47,0,52,..,20,0,19,0,19,..,32,0,33,0,33,..,51,8,60,0,57,..,157,7,163,5,165,..,27,0,24,0,24,..,14,6,16,0,16,..,24,11,31,0,31,..,10,0,10,3,9,..,49,32,79,0,79,..,175,37,210,12,222,..,1050,209,1256,23,1285,..,81,4,86,1942,2023,28852,1128,218,1339,1967,32158,30380,..,..,..,..,30380,..,44,0,42,0,42,..,32,5,35,0,35,..,6,0,6,0,6,..,18,3,18,0,18,..,102,71,174,9,179,..,7,0,11,0,11,..,133,74,203,9,211,..,9,0,9,0,9,..,38,0,38,0,38,..,36,0,36,0,37,..,27,0,25,0,25,..,3,4,5,0,5,..,5,0,5,0,5,..,25,0,25,0,25,..,34,0,30,0,35,..,30,4,32,0,32,..,46,0,49,7,47,..,5,0,5,0,5,..,6,0,6
SED27807,7,278,6,285,..,33,4,37,3,42,..,392,12,402,0,406,..,56,0,57,0,57,..,746,26,769,7,788,..,340,74,414,4,418,..,189,53,242,0,245,..,40,10,51,0,49,..,212,54,264,4,272,..,5990,2799,8788,68,8861,..,3060,774,3832,42,3881,..,17682,5259,22938,198,23140,..,223,72,296,2896,3192,11609,17909,5325,23240,3099,37942,10643,..,..,..,..,10643,..,4,0,4,0,4,..,621,170,790,0,791,..,11,0,11,0,11,..,595,359,958,7,962,..,374,186,559,0,562,..,116,64,177,0,177,..,1083,611,1695,7,1701,..,457,171,630,8,638,..,29,4,35,0,35,..,74,0,81,0,81,..,622,224,846,0,842,..,69,11,83,0,80,..,22,0,22,0,27,..,219,24,246,0,244,..,273,19,289,3,294,..,812,83,898,15,910,..,116,16,132,0,132,..,198,37,231,0,234,..,21,0,26
SED27907,8,88,0,88,..,19,4,20,0,20,..,130,0,131,0,131,..,28,0,28,0,28,..,253,11,266,0,266,..,130,16,143,6,149,..,31,0,31,0,31,..,50,8,59,0,63,..,219,37,258,6,261,..,70,12,83,0,83,..,693,123,817,22,837,..,4923,639,5563,63,5622,..,99,10,111,1321,1432,25565,5023,650,5675,1381,32626,26085,..,..,..,..,26085,..,33,0,33,0,33,..,670,130,803,7,806,..,4,0,3,0,3,..,95,26,126,0,126,..,173,46,221,6,225,..,14,0,19,0,19,..,286,79,364,6,363,..,164,18,185,0,184,..,25,4,24,0,24,..,79,3,79,0,80,..,403,59,462,5,466,..,36,3,34,0,39,..,44,0,44,0,44,..,207,11,223,0,223,..,23,4,31,0,31,..,283,46,327,9,329,..,177,14,194,0,195,..,67,10,82,0,81,..,28,0,28
SED28007,3,362,4,369,..,48,4,49,0,49,..,601,13,612,0,618,..,82,15,92,0,92,..,1087,28,1124,4,1124,..,418,52,469,7,477,..,250,16,265,4,269,..,26,3,32,0,32,..,448,56,503,0,510,..,1071,430,1503,12,1518,..,2101,281,2383,33,2413,..,14984,1912,16897,138,17032,..,217,35,261,1291,1546,21100,15204,1948,17157,1427,39675,20630,..,..,..,..,20630,..,18,0,18,0,18,..,1248,148,1393,3,1402,..,0,0,0,0,0,..,274,94,368,0,372,..,324,114,440,6,442,..,264,124,387,0,387,..,865,330,1191,3,1196,..,694,102,797,5,804,..,46,0,47,0,47,..,40,4,43,0,43,..,819,88,909,5,914,..,66,3,71,0,71,..,56,4,64,0,64,..,665,46,713,7,721,..,46,3,48,0,48,..,1220,141,1358,13,1370,..,392,33,431,0,430,..,316,23,342,5,342,..,96,5,105
SED28107,23,715,9,727,..,337,15,353,3,357,..,945,25,975,10,985,..,222,12,239,3,246,..,2197,80,2279,33,2313,..,443,61,499,6,504,..,926,43,975,24,994,..,83,12,99,0,96,..,93,16,109,0,111,..,552,182,739,9,742,..,6353,843,7193,147,7344,..,35764,3550,39311,570,39883,..,434,92,525,4707,5231,23846,36197,3644,39843,5272,68954,23001,..,..,..,..,23001,..,45,0,49,0,49,..,1655,233,1888,16,1905,..,5,0,5,0,5,..,377,119,498,4,505,..,1249,503,1749,26,1775,..,73,33,109,0,109,..,1706,654,2360,29,2387,..,111,10,121,0,121,..,105,5,111,0,113,..,49,4,49,0,49,..,246,35,281,0,277,..,1086,95,1171,12,1189,..,2123,228,2354,27,2375,..,3168,240,3412,30,3444,..,468,55,521,10,532,..,5849,635,6481,95,6576,..,534,33,568,6,573,..,2504,257,2763,40,2802,..,410,34,446
SED28203,9,209,0,214,..,89,3,91,0,96,..,225,5,232,8,235,..,82,7,97,0,97,..,603,31,627,5,635,..,160,27,190,0,192,..,408,54,466,13,471,..,21,9,35,3,36,..,488,126,615,3,617,..,1312,487,1796,16,1812,..,1853,302,2153,54,2208,..,21380,3933,25310,277,25587,..,297,71,368,1842,2210,13579,21675,4002,25681,2120,41379,12961,..,..,..,..,12961,..,7,0,7,0,7,..,2961,709,3669,20,3683,..,7,0,7,0,10,..,238,134,376,0,379,..,527,295,820,3,820,..,109,62,176,0,176,..,875,491,1369,6,1377,..,142,34,177,0,175,..,64,5,65,0,68,..,27,0,27,0,28,..,1388,488,1872,5,1886,..,113,11,123,0,123,..,167,20,188,3,190,..,962,66,1030,0,1031,..,559,59,614,0,617,..,2372,257,2634,20,2657,..,331,32,363,0,367,..,433,41,475,8,484,..,109,6,114
SED28301,0,12,0,12,..,89,3,94,0,98,..,26,0,26,0,26,..,33,0,33,0,33,..,162,3,169,0,167,..,76,6,85,0,84,..,86,5,92,0,92,..,10,0,12,0,13,..,30,18,42,0,42,..,98,25,123,3,125,..,302,51,353,17,375,..,9513,1645,11151,120,11272,..,108,15,128,767,891,18675,9619,1659,11275,888,30841,18941,..,..,..,..,18941,..,89,0,89,0,89,..,469,37,504,0,505,..,3,0,3,0,3,..,2068,625,2689,21,2710,..,2891,965,3853,24,3883,..,173,45,217,4,217,..,5126,1637,6765,52,6809,..,67,9,75,0,75,..,67,0,67,0,67,..,110,5,110,0,110,..,966,129,1102,10,1110,..,34,0,35,0,35,..,61,4,63,0,63,..,242,14,255,0,255,..,7,0,7,0,7,..,116,15,132,0,132,..,74,5,77,0,77,..,178,7,182,0,183,..,35,3,41
SED28408,0,55,0,55,..,16,0,16,0,17,..,59,0,59,0,59,..,16,0,15,0,15,..,148,0,150,0,151,..,57,3,64,0,66,..,36,0,36,0,43,..,25,3,31,0,32,..,12,0,12,0,12,..,44,5,48,0,48,..,300,38,342,18,358,..,1980,186,2164,38,2202,..,80,10,86,1427,1512,26336,2062,190,2246,1467,30052,28902,..,..,..,..,28902,..,11,0,15,0,15,..,50,3,49,0,49,..,7,0,7,0,7,..,45,12,58,0,55,..,244,79,326,3,328,..,16,4,17,0,17,..,302,91,397,4,403,..,26,7,33,0,33,..,51,3,58,0,58,..,54,0,57,0,57,..,48,9,53,0,53,..,29,3,33,0,33,..,32,3,33,0,33,..,84,10,95,0,98,..,49,4,55,0,55,..,168,10,181,0,184,..,52,3,55,0,55,..,41,7,45,0,45,..,14,0,14
SED28507,8,307,6,314,..,115,7,121,0,120,..,386,12,400,9,401,..,101,20,118,0,118,..,900,46,942,13,954,..,226,32,261,4,263,..,530,24,554,12,567,..,58,24,75,0,77,..,43,8,44,0,44,..,258,62,321,7,322,..,3822,1045,4863,100,4962,..,13900,2089,15988,243,16233,..,297,69,365,2565,2929,25837,14197,2159,16358,2808,45000,26301,..,..,..,..,26301,..,41,0,41,0,42,..,381,72,455,0,458,..,9,0,10,0,10,..,159,38,193,5,196,..,453,186,638,3,641,..,26,6,29,0,29,..,637,229,864,7,869,..,88,13,98,0,104,..,94,9,104,0,103,..,65,3,71,0,68,..,189,43,230,0,230,..,441,32,476,6,477,..,360,39,401,3,409,..,1190,82,1276,10,1287,..,190,20,203,0,210,..,1612,170,1781,22,1803,..,313,23,333,6,337,..,456,52,503,8,512,..,219,12,231
SED28607,3,51,0,51,..,105,11,118,0,121,..,61,4,68,0,68,..,26,0,21,0,26,..,236,22,256,3,260,..,313,29,343,4,343,..,49,3,58,0,58,..,56,7,64,3,67,..,60,6,67,0,66,..,573,181,754,8,764,..,796,98,896,25,921,..,6676,1160,7841,87,7924,..,153,29,183,1349,1527,26984,6830,1192,8019,1433,36433,27252,..,..,..,..,27252,..,35,0,35,0,30,..,926,148,1076,3,1078,..,4,0,4,0,4,..,277,94,369,0,370,..,324,63,384,6,386,..,40,17,59,0,59,..,639,166,809,8,818,..,207,53,259,0,259,..,142,11,148,5,151,..,169,7,175,3,179,..,938,319,1251,0,1252,..,38,0,37,0,37,..,25,0,29,0,29,..,117,5,120,0,120,..,35,0,38,0,38,..,60,9,62,0,62,..,25,0,25,0,25,..,34,8,36,0,36,..,20,0,25
SED28704,4,144,6,150,..,45,0,44,0,44,..,147,4,157,0,159,..,91,17,109,0,108,..,422,27,449,9,459,..,145,10,150,0,152,..,261,8,274,5,281,..,41,9,50,0,50,..,161,23,179,0,179,..,85,16,98,3,100,..,1136,156,1289,45,1332,..,9659,865,10528,163,10688,..,178,26,204,1713,1915,37973,9838,890,10730,1872,50577,38914,..,..,..,..,38914,..,82,0,82,0,84,..,519,73,592,3,599,..,17,0,17,0,20,..,126,27,148,0,148,..,278,97,368,3,372,..,26,10,33,0,33,..,425,125,552,3,556,..,90,7,96,0,96,..,76,0,76,0,76,..,83,0,83,0,83,..,500,46,546,6,551,..,58,0,58,0,61,..,265,35,302,0,306,..,569,48,619,9,628,..,191,22,210,0,210,..,1299,160,1464,12,1476,..,430,29,459,9,467,..,202,12,214,3,217,..,61,0,58
SED28803,11,353,3,362,..,67,3,70,0,75,..,408,4,417,5,422,..,162,12,170,4,169,..,979,27,1011,16,1023,..,267,22,283,0,290,..,331,9,344,10,353,..,58,19,77,0,81,..,2870,521,3391,24,3416,..,206,65,263,0,263,..,6317,1802,8113,111,8227,..,31955,4910,36861,421,37282,..,587,154,749,2830,3574,24973,32543,5064,37611,3243,65825,24740,..,..,..,..,24740,..,20,0,20,0,20,..,4555,1240,5795,41,5839,..,6,0,6,0,6,..,102,27,123,0,123,..,281,76,358,4,365,..,32,17,44,0,44,..,411,117,527,4,536,..,167,16,184,0,184,..,75,3,80,0,85,..,34,0,34,0,34,..,584,54,638,7,642,..,176,18,188,0,187,..,230,20,254,6,256,..,1557,99,1655,15,1667,..,687,129,818,6,829,..,4766,614,5381,84,5467,..,1458,134,1594,13,1605,..,1388,125,1508,27,1535,..,168,3,175
SED29494,0,10,0,10,..,3,0,3,0,3,..,7,0,7,0,7,..,6,0,6,0,6,..,27,0,27,0,27,..,17,3,27,0,27,..,3,0,6,0,6,..,0,0,0,0,0,..,19,3,20,0,20,..,14,8,19,0,19,..,102,18,120,6,120,..,403,77,481,9,490,..,28,3,28,2206,2238,2445,428,84,510,2215,5170,2041,..,..,..,..,2041,..,0,0,0,0,0,..,37,3,38,0,38,..,0,0,0,0,0,..,7,0,15,0,15,..,51,16,61,0,61,..,4,0,4,0,4,..,60,18,78,0,78,..,0,0,4,0,4,..,14,0,15,0,15,..,12,0,9,0,9,..,14,0,14,0,13,..,0,0,0,0,0,..,0,0,0,0,0,..,13,0,13,0,13,..,4,0,4,0,4,..,5,0,7,0,7,..,9,0,9,0,9,..,0,0,4,0,4,..,0,0,0
SED29797,0,0,0,0,..,0,0,0,0,0,..,3,0,3,0,3,..,0,0,0,0,0,..,5,0,5,0,5,..,0,0,0,0,0,..,0,0,0,0,0,..,0,0,0,0,0,..,0,0,0,0,0,..,0,0,0,0,0,..,0,0,0,0,0,..,5,0,5,0,5,..,0,0,0,24,24,9,5,0,5,24,36,0,..,..,..,..,0,..,0,0,0,0,0,..,0,0,0,0,0,..,0,0,0,0,0,..,0,0,0,0,0,..,0,0,0,0,0,..,0,0,0,0,0,..,0,0,0,0,0,..,0,0,0,0,0,..,0,0,0,0,0,..,0,0,0,0,0,..,0,0,0,0,0,..,0,0,0,0,0,..,0,0,0,0,0,..,0,0,0,0,0,..,0,0,0,0,0,..,0,0,0,0,0,..,0,0,0,0,0,..,0,0,0,0,0,..,0,0,0
