SA3_CODE_2021,F_Mgnt_Com_35_44,F_Mgnt_Com_45_54,F_Mgnt_Com_55_64,F_Mgnt_Com_65_74,F_Mgnt_Com_75_84,F_Mgnt_Com_85ov,F_Mgnt_Com_Tot,F_Society_Cult_15_24,F_Society_Cult_25_34,F_Society_Cult_35_44,F_Society_Cult_45_54,F_Society_Cult_55_64,F_Society_Cult_65_74,F_Society_Cult_75_84,F_Society_Cult_85ov,F_Society_Cult_Tot,F_Creative_Arts_15_24,F_Creative_Arts_25_34,F_Creative_Arts_35_44,F_Creative_Arts_45_54,F_Creative_Arts_55_64,F_Creative_Arts_65_74,F_Creative_Arts_75_84,F_Creative_Arts_85ov,F_Creative_Arts_Tot,F_Fd_Hosp_Psnl_Svcs_15_24,F_Fd_Hosp_Psnl_Svcs_25_34,F_Fd_Hosp_Psnl_Svcs_35_44,F_Fd_Hosp_Psnl_Svcs_45_54,F_Fd_Hosp_Psnl_Svcs_55_64,F_Fd_Hosp_Psnl_Svcs_65_74,F_Fd_Hosp_Psnl_Svcs_75_84,F_Fd_Hosp_Psnl_Svcs_85ov,F_Fd_Hosp_Psnl_Svcs_Tot,F_MixFld_Prgm_15_24,F_MixFld_Prgm_25_34,F_MixFld_Prgm_35_44,F_MixFld_Prgm_45_54,F_MixFld_Prgm_55_64,F_MixFld_Prgm_65_74,F_MixFld_Prgm_75_84,F_MixFld_Prgm_85ov,F_MixFld_Prgm_Tot,F_FldStd_InadDes_15_24,F_FldStd_InadDes_25_34,F_FldStd_InadDes_35_44,F_FldStd_InadDes_45_54,F_FldStd_InadDes_55_64,F_FldStd_InadDes_65_74,F_FldStd_InadDes_75_84,F_FldStd_InadDes_85ov,F_FldStd_InadDes_Tot,F_FldStd_NS_15_24,F_FldStd_NS_25_34,F_FldStd_NS_35_44,F_FldStd_NS_45_54,F_FldStd_NS_55_64,F_FldStd_NS_65_74,F_FldStd_NS_75_84,F_FldStd_NS_85ov,F_FldStd_NS_Tot,F_Tot_15_24,F_Tot_25_34,F_Tot_35_44,F_Tot_45_54,F_Tot_55_64,F_Tot_65_74,F_Tot_75_84,F_Tot_85ov,F_Tot_Tot,P_NatPhyl_Scn_15_24,P_NatPhyl_Scn_25_34,P_NatPhyl_Scn_35_44,P_NatPhyl_Scn_45_54,P_NatPhyl_Scn_55_64,P_NatPhyl_Scn_65_74,P_NatPhyl_Scn_75_84,P_NatPhyl_Scn_85ov,P_NatPhyl_Scn_Tot,P_InfoTech_15_24,P_InfoTech_25_34,P_InfoTech_35_44,P_InfoTech_45_54,P_InfoTech_55_64,P_InfoTech_65_74,P_InfoTech_75_84,P_InfoTech_85ov,P_InfoTech_Tot,P_Eng_RelTec_15_24,P_Eng_RelTec_25_34,P_Eng_RelTec_35_44,P_Eng_RelTec_45_54,P_Eng_RelTec_55_64,P_Eng_RelTec_65_74,P_Eng_RelTec_75_84,P_Eng_RelTec_85ov,P_Eng_RelTec_Tot,P_ArchtBldng_15_24,P_ArchtBldng_25_34,P_ArchtBldng_35_44,P_ArchtBldng_45_54,P_ArchtBldng_55_64,P_ArchtBldng_65_74,P_ArchtBldng_75_84,P_ArchtBldng_85ov,P_ArchtBldng_Tot,P_Ag_Envir_Rltd_Sts_15_24,P_Ag_Envir_Rltd_Sts_25_34,P_Ag_Envir_Rltd_Sts_35_44,P_Ag_Envir_Rltd_Sts_45_54,P_Ag_Envir_Rltd_Sts_55_64,P_Ag_Envir_Rltd_Sts_65_74,P_Ag_Envir_Rltd_Sts_75_84,P_Ag_Envir_Rltd_Sts_85ov,P_Ag_Envir_Rltd_Sts_Tot,P_Health_15_24,P_Health_25_34,P_Health_35_44,P_Health_45_54,P_Health_55_64,P_Health_65_74,P_Health_75_84,P_Health_85ov,P_Health_Tot,P_Educ_15_24,P_Educ_25_34,P_Educ_35_44,P_Educ_45_54,P_Educ_55_64,P_Educ_65_74,P_Educ_75_84,P_Educ_85ov,P_Educ_Tot,P_Mgnt_Com_15_24,P_Mgnt_Com_25_34,P_Mgnt_Com_35_44,P_Mgnt_Com_45_54,P_Mgnt_Com_55_64,P_Mgnt_Com_65_74,P_Mgnt_Com_75_84,P_Mgnt_Com_85ov,P_Mgnt_Com_Tot,P_Society_Cult_15_24,P_Society_Cult_25_34,P_Society_Cult_35_44,P_Society_Cult_45_54,P_Society_Cult_55_64,P_Society_Cult_65_74,P_Society_Cult_75_84,P_Society_Cult_85ov,P_Society_Cult_Tot,P_Creative_Arts_15_24,P_Creative_Arts_25_34,P_Creative_Arts_35_44,P_Creative_Arts_45_54,P_Creative_Arts_55_64,P_Creative_Arts_65_74,P_Creative_Arts_75_84,P_Creative_Arts_85ov,P_Creative_Arts_Tot,P_Fd_Hosp_Psnl_Svcs_15_24,P_Fd_Hosp_Psnl_Svcs_25_34,P_Fd_Hosp_Psnl_Svcs_35_44,P_Fd_Hosp_Psnl_Svcs_45_54,P_Fd_Hosp_Psnl_Svcs_55_64,P_Fd_Hosp_Psnl_Svcs_65_74,P_Fd_Hosp_Psnl_Svcs_75_84,P_Fd_Hosp_Psnl_Svcs_85ov,P_Fd_Hosp_Psnl_Svcs_Tot,P_MixFld_Prgm_15_24,P_MixFld_Prgm_25_34,P_MixFld_Prgm_35_44,P_MixFld_Prgm_45_54,P_MixFld_Prgm_55_64,P_MixFld_Prgm_65_74,P_MixFld_Prgm_75_84,P_MixFld_Prgm_85ov,P_MixFld_Prgm_Tot,P_FldStd_InadDes_15_24,P_FldStd_InadDes_25_34,P_FldStd_InadDes_35_44,P_FldStd_InadDes_45_54,P_FldStd_InadDes_55_64,P_FldStd_InadDes_65_74,P_FldStd_InadDes_75_84,P_FldStd_InadDes_85ov,P_FldStd_InadDes_Tot,P_FldStd_NS_15_24,P_FldStd_NS_25_34,P_FldStd_NS_35_44,P_FldStd_NS_45_54,P_FldStd_NS_55_64,P_FldStd_NS_65_74,P_FldStd_NS_75_84,P_FldStd_NS_85ov,P_FldStd_NS_Tot,P_Tot_15_24,P_Tot_25_34,P_Tot_35_44,P_Tot_45_54
20101,1367,1047,775,414,118,28,5034,353,1176,1185,1154,896,561,137,24,5491,148,329,305,212,140,96,31,15,1273,226,545,436,328,202,146,51,17,1963,7,9,10,5,4,11,3,0,38,27,65,106,95,45,61,25,11,428,459,499,398,408,360,455,465,377,3428,2268,6336,6266,5348,4328,3313,1501,695,30061,96,283,281,261,185,130,58,9,1299,125,445,499,238,165,85,17,0,1576,379,1273,1135,1209,1123,927,490,131,6673,367,958,708,488,460,288,157,52,3482,123,266,257,229,180,117,59,18,1250,525,1758,1441,1314,1260,928,405,131,7763,200,1138,1160,1042,947,1117,518,136,6257,430,1672,2181,1874,1397,852,263,58,8717,492,1649,1564,1567,1212,857,232,50,7625,289,614,532,345,243,189,63,22,2294,326,804,694,531,340,237,85,28,3044,15,21,10,14,6,11,8,0,76,42,170,218,198,101,111,48,14,906,921,1031,842,857,789,860,832,573,6717,4345,12076,11526,10175
20102,314,332,256,144,33,16,1267,60,183,273,340,355,243,62,0,1513,21,61,111,114,113,73,18,3,520,26,136,96,92,75,33,19,3,483,0,0,0,0,0,0,0,0,3,3,9,23,36,34,24,5,0,129,103,129,148,191,209,234,162,93,1265,350,1087,1529,1742,1752,1292,498,164,8419,8,42,75,77,88,74,18,4,387,6,42,51,71,60,26,3,0,256,79,248,381,435,458,433,184,34,2246,67,205,216,190,174,128,53,10,1044,47,124,166,173,178,89,40,10,830,64,188,269,327,400,266,98,32,1648,23,155,221,278,360,353,125,22,1535,36,244,443,532,475,298,67,17,2116,83,245,347,473,478,380,96,12,2111,45,90,188,197,170,117,46,7,860,39,187,164,149,126,73,27,0,775,3,0,0,3,0,0,0,0,6,4,23,54,70,59,66,13,4,295,224,261,304,407,425,477,325,152,2583,725,2048,2887,3381
20103,184,200,170,119,37,10,861,60,171,146,230,257,177,36,6,1085,11,26,32,25,32,28,14,4,161,43,107,88,69,67,51,11,3,436,0,0,0,0,3,0,0,0,5,4,9,13,15,14,9,4,0,67,137,90,125,186,176,227,184,73,1197,402,862,927,1150,1149,1000,439,118,6053,3,21,23,35,36,26,6,3,161,11,25,34,26,32,17,5,0,154,79,229,250,339,403,396,184,32,1916,56,125,102,145,127,117,64,12,746,62,104,109,144,124,74,28,4,650,74,182,156,228,289,238,95,12,1274,24,129,137,155,153,258,105,20,989,43,159,262,296,263,199,71,16,1303,77,208,197,305,319,260,56,6,1423,23,46,40,47,50,52,19,4,274,58,148,126,111,100,77,24,10,648,0,4,0,0,3,4,0,0,12,5,23,28,41,27,29,10,0,165,287,213,268,428,394,502,365,126,2583,801,1614,1730,2295
20201,1000,867,634,335,112,49,4062,325,1034,1038,944,809,479,121,19,4769,90,234,178,130,77,69,25,14,815,238,536,376,264,180,113,59,9,1782,10,6,8,7,3,0,0,0,41,14,47,70,72,49,28,13,9,294,356,464,416,386,387,406,509,420,3352,2035,5743,5283,4505,3857,2878,1441,703,26449,59,209,200,171,124,120,63,12,959,57,282,324,181,126,74,18,0,1068,347,1190,977,1007,1102,937,505,152,6220,244,776,617,515,421,332,151,57,3123,95,246,226,240,197,129,65,22,1208,556,1848,1428,1151,1169,875,348,122,7500,228,961,1004,857,798,895,449,100,5287,368,1365,1659,1456,1115,725,232,72,6993,465,1389,1381,1301,1084,702,203,37,6560,166,420,307,214,134,135,50,25,1446,296,811,630,428,295,196,96,18,2774,16,16,12,12,8,5,0,0,67,27,115,157,154,105,77,38,11,677,751,978,819,818,770,786,873,647,6449,3673,10608,9745,8505
20202,437,459,425,223,92,18,1935,75,312,510,606,556,431,115,16,2616,33,132,260,237,167,119,37,6,990,75,148,149,124,107,62,19,8,704,0,3,0,0,6,0,4,0,12,4,29,73,74,61,55,12,3,316,193,183,211,291,275,329,279,240,1994,559,1765,2669,3093,2844,2328,1024,373,14651,14,67,164,220,147,156,84,9,857,22,47,111,126,85,51,16,0,460,117,416,529,701,734,709,363,67,3640,91,279,311,362,319,219,92,22,1687,46,123,207,285,220,128,40,10,1051,86,414,510,607,751,542,233,50,3197,32,280,466,558,590,791,344,47,3114,71,363,691,796,731,464,201,34,3347,101,423,722,881,815,700,226,32,3910,68,215,413,414,280,233,72,11,1711,95,218,202,216,182,107,38,4,1069,4,4,0,4,7,0,3,3,30,13,55,125,148,119,95,36,6,586,399,397,471,616,615,688,532,373,4089,1153,3302,4915,5927
20203,86,96,99,39,13,0,401,31,57,66,72,116,64,12,0,415,0,7,15,12,11,0,0,0,56,13,49,43,25,25,17,8,0,181,0,0,0,0,0,0,0,0,3,0,4,7,0,3,9,0,0,30,66,52,78,106,131,129,84,58,700,178,400,469,528,603,432,191,76,2882,0,15,6,19,20,15,0,0,79,0,7,15,11,8,5,0,0,49,32,109,112,152,188,155,50,5,810,9,61,44,51,52,46,19,3,291,31,85,130,119,118,54,18,0,558,30,89,79,118,140,91,27,6,582,13,57,66,78,83,109,44,7,455,15,81,119,141,144,65,20,3,588,32,69,82,87,134,89,19,0,521,10,14,19,19,15,7,8,0,95,16,57,57,41,43,22,11,0,260,0,0,0,0,0,0,0,0,4,0,8,15,10,17,11,6,0,71,132,99,159,222,286,260,174,101,1440,327,746,915,1070
20301,292,223,140,68,17,5,924,55,182,226,243,190,96,18,0,997,21,39,56,44,27,20,6,5,208,33,81,95,59,34,19,5,0,329,0,0,0,0,0,0,0,0,0,6,17,23,19,16,8,0,3,90,94,68,105,86,109,87,77,74,697,346,993,1376,1146,906,559,199,98,5629,10,28,61,61,42,32,6,0,238,5,23,56,32,34,16,0,0,161,82,279,345,432,369,253,95,21,1867,58,227,271,184,126,57,19,3,949,54,93,142,132,109,59,26,4,624,61,261,274,241,264,151,49,6,1306,29,169,249,187,156,160,55,8,1012,40,229,418,348,238,149,35,3,1465,72,241,281,300,240,133,37,0,1296,37,63,80,65,43,32,6,5,322,45,114,135,100,53,29,8,0,486,6,4,3,0,0,0,0,0,5,6,29,40,37,40,18,3,3,171,183,159,223,213,211,213,150,98,1446,687,1915,2574,2326
20302,2507,1964,1351,733,257,84,9557,831,2293,2050,1961,1565,868,249,40,9856,329,754,616,395,232,127,59,14,2529,460,1051,794,576,408,286,137,24,3735,14,17,10,3,3,6,4,0,65,44,146,187,152,117,65,24,10,750,759,927,845,708,606,790,870,585,6088,4609,13387,11565,9413,7380,5355,2682,1117,55502,385,751,638,491,384,274,117,26,3069,244,881,787,421,248,134,21,3,2739,844,3026,2216,2491,2429,2051,1098,349,14503,791,2614,1532,1072,839,490,310,109,7750,187,387,405,361,242,160,108,30,1864,1005,3893,2691,2201,1985,1391,556,197,13920,420,2010,1890,1593,1521,1557,778,184,9954,891,3721,4259,3304,2383,1449,530,142,16674,1177,3243,2808,2645,2101,1254,398,77,13707,605,1241,1033,645,340,253,88,22,4225,617,1633,1261,874,631,402,190,53,5668,30,38,21,12,13,7,8,0,124,84,323,387,342,249,168,64,30,1653,1683,2148,1759,1584,1364,1473,1439,896,12337,8963,25915,21682,18031
20303,1145,1033,782,581,190,49,4518,188,684,917,882,853,655,179,30,4391,103,313,376,236,203,129,45,20,1425,103,312,350,289,206,141,85,20,1510,3,0,0,0,0,4,4,0,20,7,48,87,106,88,66,25,8,437,220,231,340,318,380,492,410,318,2712,1152,4037,5502,4856,4731,4203,1824,662,26975,92,202,281,328,276,269,124,16,1582,37,119,235,181,144,106,19,0,851,188,640,878,934,1102,1318,590,175,5824,203,882,926,747,581,448,188,49,4027,61,200,279,245,246,173,76,19,1292,234,1200,1386,1172,1251,1073,434,140,6888,127,719,1078,884,1217,1598,695,122,6429,200,1063,1920,1788,1530,1349,477,98,8420,290,972,1266,1236,1198,997,329,53,6344,175,482,596,395,293,214,79,25,2258,157,495,563,444,315,237,114,26,2361,7,7,3,3,3,10,3,0,40,27,101,188,195,167,140,58,18,892,478,466,667,687,750,991,774,499,5312,2268,7541,10270,9234
20401,499,525,456,287,93,28,2362,130,361,440,479,477,321,81,7,2299,32,97,105,83,81,39,22,9,468,97,255,214,188,154,100,42,8,1068,0,0,3,0,3,3,0,0,20,12,29,31,53,40,26,11,8,206,311,270,304,358,441,414,311,215,2620,983,2360,2618,2705,2752,2174,940,386,14911,13,83,99,107,101,132,41,3,589,27,60,90,73,76,38,8,0,371,213,539,668,755,940,880,413,89,4490,157,434,353,359,346,278,113,36,2071,120,235,290,282,248,159,58,18,1411,143,505,502,490,618,500,204,66,3027,87,410,424,428,526,608,247,42,2768,159,558,732,784,754,556,197,46,3782,189,485,575,615,614,482,143,23,3119,57,158,162,125,127,81,30,17,751,151,365,320,295,267,167,57,11,1636,6,3,6,7,3,3,6,0,30,24,65,85,123,115,62,37,8,524,662,579,633,742,949,890,607,322,5389,2007,4467,4944,5190
20402,400,436,375,186,69,21,1844,103,325,361,447,462,272,53,11,2036,19,68,70,47,43,39,11,6,307,98,198,197,165,114,70,33,16,880,5,0,0,0,0,3,0,0,18,5,23,23,23,34,19,7,4,138,216,190,201,257,276,280,349,212,1980,812,1992,2148,2275,2306,1694,902,372,12499,24,59,92,93,85,85,34,10,478,18,56,62,39,34,34,8,0,254,160,478,484,582,672,600,313,74,3356,99,291,257,262,274,216,87,26,1513,86,190,208,261,230,146,56,22,1191,165,617,524,517,627,481,194,72,3201,64,305,375,354,434,533,275,47,2394,116,415,605,646,581,384,138,34,2912,161,420,463,577,573,386,92,23,2675,40,118,107,81,73,63,17,15,505,129,300,299,261,201,115,55,20,1386,11,4,0,5,0,3,3,0,30,10,66,51,67,71,61,20,4,355,428,399,424,495,590,614,584,329,3865,1521,3709,3943,4244
20403,852,843,673,345,108,22,3646,205,639,694,664,670,369,93,12,3345,47,118,142,97,85,52,24,7,583,167,356,304,258,175,125,55,4,1448,16,15,5,0,0,0,0,0,39,10,35,43,63,33,26,14,0,227,319,288,316,337,308,367,360,210,2500,1305,3523,3939,3727,3394,2459,1108,365,19827,26,95,158,169,143,134,28,6,761,28,106,154,117,95,65,15,0,569,310,939,1007,1052,1084,882,351,93,5725,205,510,426,356,385,262,108,25,2286,79,241,286,299,283,204,72,18,1486,243,870,865,849,896,677,276,73,4750,124,589,713,664,653,755,300,35,3828,241,952,1276,1315,1095,645,214,42,5775,301,858,894,869,866,533,157,18,4496,102,211,231,165,131,93,40,10,992,234,555,503,406,295,200,83,10,2277,30,23,10,0,6,3,0,0,65,23,79,106,147,95,70,38,14,571,705,661,685,692,711,761,660,325,5206,2655,6688,7311,7098
20501,588,463,416,227,84,17,2431,162,544,487,543,521,326,81,7,2669,43,125,99,69,68,39,22,3,457,103,319,207,168,136,88,42,4,1074,0,0,0,3,8,0,0,0,19,10,25,27,44,32,19,9,0,161,200,288,238,238,248,269,239,126,1850,978,3042,2721,2514,2406,1827,813,243,14530,34,98,103,105,86,71,26,4,524,23,101,133,68,74,42,12,0,452,233,760,695,735,832,725,356,91,4422,181,548,394,357,280,182,96,28,2066,76,201,256,226,196,114,30,10,1107,164,684,581,498,550,484,175,46,3182,114,509,483,471,510,565,247,44,2942,166,762,835,715,654,440,184,34,3781,211,689,640,691,646,444,129,23,3484,83,200,160,97,88,71,25,4,735,133,419,309,254,189,141,70,6,1517,7,7,0,7,10,0,0,0,33,26,61,68,88,74,58,23,7,407,419,543,514,513,523,545,457,208,3721,1872,5581,5169,4809
20502,330,376,368,297,110,29,1815,78,284,304,377,436,332,67,14,1901,13,57,66,65,67,47,26,6,353,60,208,175,161,129,114,56,9,907,3,0,3,0,4,0,3,0,15,0,17,30,28,31,30,11,4,149,208,222,231,265,350,430,341,192,2238,612,1767,1832,2033,2384,2215,1028,336,12210,13,69,61,56,85,87,30,11,411,10,47,51,46,52,50,5,0,272,132,385,382,503,743,881,464,106,3604,78,259,252,276,299,307,165,37,1674,47,146,197,201,226,143,57,11,1023,103,405,367,424,608,522,224,66,2709,54,288,303,307,448,636,307,31,2375,84,379,466,513,560,528,227,43,2799,98,352,405,504,582,478,119,23,2561,23,106,91,103,103,86,53,12,574,94,294,260,234,233,201,93,14,1425,4,4,5,5,0,0,0,0,23,11,31,63,62,75,70,38,12,355,429,440,470,550,745,859,671,323,4486,1190,3205,3376,3785
20503,566,613,600,394,132,44,2848,117,427,506,580,704,506,141,19,3003,54,127,137,100,112,99,36,11,677,99,336,280,223,203,154,48,6,1337,0,5,0,3,0,0,0,0,10,4,24,40,57,56,42,25,4,255,275,252,335,338,473,564,412,220,2873,894,2607,3103,3162,3674,3150,1387,461,18437,17,79,130,159,166,148,58,9,770,16,61,91,71,97,76,17,3,429,163,520,668,845,1046,1151,570,144,5107,164,468,497,466,551,430,175,43,2786,84,257,342,355,305,157,48,19,1563,137,578,597,643,866,745,301,78,3945,90,441,584,591,710,951,419,72,3856,129,590,828,899,1003,814,257,57,4568,170,529,646,740,915,762,231,39,4026,77,207,226,170,186,178,64,18,1127,143,472,422,353,314,214,76,15,2011,3,3,8,8,3,3,6,0,23,11,49,92,102,115,93,53,12,520,549,526,673,739,953,1111,812,393,5750,1755,4768,5798,6135
20504,715,591,453,266,72,16,2849,258,764,664,706,650,353,81,11,3495,52,141,98,53,72,35,5,4,467,155,457,303,219,176,85,42,12,1442,0,4,3,3,4,0,0,0,13,7,42,27,30,31,13,8,5,155,393,451,432,400,471,453,396,322,3328,1468,3840,3407,2976,2898,2000,935,431,17957,51,128,93,86,78,83,28,3,549,41,163,147,77,74,32,5,0,545,371,1109,939,1150,1459,1144,529,136,6834,161,553,403,347,388,269,119,34,2275,65,146,160,133,111,54,16,9,690,270,871,677,548,609,501,191,47,3703,126,496,500,451,472,462,208,31,2741,195,886,1042,877,691,454,162,28,4348,354,999,851,886,830,474,137,19,4554,105,234,166,86,109,73,21,11,807,212,600,438,329,268,134,68,9,2064,3,5,5,3,11,5,0,0,35,27,93,81,93,93,72,23,14,500,821,932,884,889,974,889,758,505,6648,2808,7215,6401,5957
20505,363,352,291,188,47,11,1595,99,325,337,375,379,244,41,11,1807,19,73,67,36,44,29,7,5,285,74,206,169,147,97,70,26,0,794,0,0,0,0,3,3,0,0,6,9,15,36,15,28,17,4,0,117,210,228,248,234,252,332,243,154,1898,709,1939,2006,1920,1857,1549,620,238,10838,44,63,50,62,50,45,18,3,342,13,50,84,39,31,39,8,0,259,249,594,576,629,780,659,275,47,3806,76,290,228,229,238,201,87,21,1373,50,207,239,198,167,105,46,9,1001,115,475,428,391,464,376,136,35,2414,54,299,329,356,364,401,168,41,2007,106,426,515,504,450,309,77,22,2403,131,430,412,462,471,337,72,12,2322,36,111,102,59,65,58,12,5,437,102,269,252,227,172,127,44,8,1190,0,3,4,0,3,3,0,0,13,19,33,69,40,77,39,14,4,295,454,532,561,516,565,685,417,229,3961,1450,3783,3843,3707
20601,1356,935,475,194,54,13,4748,488,2287,1647,1058,681,397,69,17,6643,421,1736,995,453,190,70,26,10,3894,128,332,216,153,111,62,26,8,1035,12,8,0,0,0,3,3,3,33,90,244,209,170,71,38,0,4,824,206,526,308,214,180,159,143,96,1826,2331,10363,7290,4656,2983,1575,511,192,29895,394,1096,729,475,330,132,31,5,3195,173,710,737,381,180,50,3,0,2235,257,1394,994,776,572,333,148,77,4551,176,894,683,423,259,98,54,18,2605,67,280,220,135,71,34,9,0,822,308,2171,1278,735,531,253,67,24,5374,123,1072,818,694,765,546,128,18,4165,510,2830,2535,1721,921,386,101,25,9021,713,3448,2579,1671,1040,644,132,30,10251,706,3147,1880,903,350,138,44,4,7172,225,660,390,277,174,95,40,8,1875,20,18,4,0,0,3,4,3,51,131,422,364,288,139,67,21,6,1433,394,1065,681,462,388,323,266,164,3744,4200,19194,13907,8937
20602,840,696,338,141,29,8,2981,181,1146,938,814,553,302,68,10,4015,177,922,598,362,165,51,13,5,2283,42,122,115,86,53,38,13,9,477,0,0,5,0,0,3,0,0,8,31,137,126,118,76,19,10,6,525,103,219,179,148,121,108,130,131,1136,931,5214,4238,3549,2244,1170,394,210,17963,121,389,361,371,236,115,30,5,1634,46,254,361,289,126,44,4,0,1129,93,602,514,478,347,214,114,47,2403,77,498,372,369,149,70,28,14,1578,25,166,128,119,65,21,6,0,530,156,1199,828,668,433,208,59,27,3580,46,558,437,493,549,400,105,23,2607,229,1448,1585,1310,674,270,56,17,5581,267,1731,1480,1240,829,490,118,24,6168,303,1605,1069,624,329,105,24,7,4063,79,225,211,153,92,48,29,5,836,3,4,4,0,0,3,0,0,17,53,224,230,187,128,45,10,7,887,201,432,370,312,238,213,225,202,2191,1691,9340,7947,6613
20603,1291,1062,584,242,49,41,4611,237,1003,794,692,479,289,80,19,3585,223,596,353,184,92,40,16,4,1500,88,228,167,173,115,54,31,14,861,11,0,3,3,9,0,0,0,21,47,93,95,84,73,37,7,4,439,200,429,309,251,201,152,157,89,1787,1561,5715,4697,3849,2852,1624,580,265,21142,201,470,373,329,289,140,36,13,1851,130,532,559,305,177,54,5,0,1769,160,985,729,743,618,509,214,88,4037,118,557,403,373,256,118,52,21,1889,45,120,103,79,63,34,15,0,453,330,1359,951,745,599,349,116,41,4493,101,641,527,559,747,629,205,67,3457,455,2113,2445,2012,1250,560,141,59,9031,360,1559,1203,1014,768,505,140,35,5580,361,1035,623,322,148,76,23,8,2599,144,384,297,248,178,88,41,14,1396,12,10,4,0,10,3,4,0,43,71,180,185,153,126,68,16,6,801,405,802,611,517,417,313,264,156,3484,2881,10745,9003,7408
20604,2670,1328,804,391,96,28,13674,1092,3338,1597,892,771,495,209,59,8454,1102,2263,845,348,187,99,54,17,4915,466,944,407,179,93,48,19,0,2158,72,17,8,6,11,4,0,0,112,251,410,189,140,86,64,28,10,1176,1291,2239,969,494,380,310,179,140,6007,9138,24301,9894,4799,3512,2330,1035,382,55387,1609,2630,901,462,313,239,134,24,6314,1147,4415,2085,548,262,78,11,3,8555,1085,5245,1979,722,605,419,189,58,10301,570,2043,746,345,277,145,67,11,4208,154,327,139,69,56,39,15,7,818,813,3687,1507,721,680,482,302,89,8283,312,1367,651,498,518,584,263,62,4242,3696,11327,5120,2435,1602,890,277,71,25419,1625,5462,2628,1507,1280,902,417,94,13925,1713,3951,1566,630,334,169,84,21,8469,774,1949,857,311,178,79,28,0,4172,145,41,12,8,8,4,0,0,221,365,757,387,240,155,108,44,12,2075,2470,4589,2156,1071,821,619,368,236,12320,16468,47802,20732,9573
20605,2383,1840,977,467,143,28,8811,303,1828,1474,1252,859,612,211,34,6580,308,1241,880,558,399,173,48,17,3636,139,494,295,226,145,82,45,13,1440,4,4,3,0,4,5,9,0,33,56,186,186,195,127,65,41,5,859,298,929,722,473,411,284,292,260,3650,1916,10910,8478,6334,4510,2841,1260,472,36713,183,694,519,447,350,228,105,21,2549,114,741,934,491,282,113,18,0,2693,155,1636,1113,796,788,549,318,104,5473,126,1203,806,565,389,194,81,17,3382,35,198,162,111,101,51,16,4,667,244,2028,1390,928,871,547,259,64,6333,83,972,705,604,752,722,283,52,4177,662,4882,4475,3382,1943,1004,362,68,16790,446,2822,2267,2009,1471,1096,389,59,10564,504,2077,1468,955,664,313,97,16,6097,222,863,570,405,246,131,62,13,2503,6,15,13,6,8,11,8,0,64,89,335,336,326,217,119,61,9,1492,587,1888,1439,1108,904,625,558,377,7490,3458,20355,16205,12135
20606,1290,889,546,350,105,43,5843,272,1461,766,577,474,396,211,44,4199,325,1092,460,232,187,106,58,23,2477,71,283,156,106,73,38,29,12,772,4,3,3,0,0,4,0,0,13,59,158,114,102,73,61,33,9,616,276,560,312,255,191,210,194,162,2168,1930,8378,4355,2989,2398,2026,1116,442,23637,242,655,357,197,177,155,99,20,1903,92,592,469,226,111,59,17,0,1569,111,1104,516,310,302,249,180,72,2839,99,797,394,224,184,124,85,22,1924,32,114,56,30,36,36,10,3,308,258,1765,755,528,533,549,366,113,4860,51,565,324,277,343,424,229,53,2272,769,4213,2649,1721,1170,780,332,95,11726,406,2317,1242,968,858,721,383,89,6981,484,1748,792,380,278,166,86,32,3961,113,510,303,181,139,72,39,10,1364,7,9,3,0,0,4,0,0,27,90,242,188,162,117,81,50,14,947,486,1116,665,506,405,376,355,257,4162,3236,15748,8701,5711
20607,1541,999,534,266,72,12,6375,445,2667,1363,940,763,602,229,35,7047,406,1980,906,450,225,121,43,14,4142,84,363,188,149,115,48,15,6,964,12,4,0,0,3,5,0,5,25,79,301,218,132,89,62,17,0,893,278,760,445,313,260,223,168,86,2532,2431,12831,6714,4276,3176,2273,951,252,32906,353,934,529,338,327,229,101,18,2823,112,628,670,332,213,85,10,0,2045,188,1567,820,545,459,296,180,60,4117,188,1415,716,429,266,140,64,18,3237,72,304,154,105,76,39,18,3,767,388,3028,1335,714,681,495,183,56,6889,74,981,550,472,587,629,271,45,3619,758,5087,3089,1960,1159,609,181,29,12855,667,4297,2338,1532,1251,1036,415,62,11607,660,3345,1720,811,422,217,86,18,7283,147,638,380,266,200,70,23,10,1733,16,13,10,3,6,5,0,4,54,130,531,350,258,150,100,40,3,1564,561,1583,967,680,606,437,290,153,5277,4309,24347,13625,8451
20701,3294,3573,1993,1068,393,180,13677,477,1549,1556,1896,1480,1108,538,180,8781,478,982,701,544,351,225,91,58,3435,148,265,262,298,200,117,71,28,1387,18,4,14,0,8,5,6,8,63,90,171,183,299,208,140,82,44,1211,371,459,419,449,368,387,374,401,3223,3480,9758,10132,11223,8724,6134,3308,1584,54347,574,880,759,930,986,684,396,113,5306,299,976,1443,1089,764,268,32,3,4881,357,1629,1431,1653,1725,1325,812,314,9250,271,866,684,709,581,374,210,75,3774,70,190,170,178,165,113,51,25,963,691,2471,2265,2548,2451,1660,1024,503,13616,166,1036,859,1263,1596,1769,984,279,7948,1407,4802,5952,6815,4410,2489,1055,406,27347,783,2482,2378,3003,2444,1941,994,302,14326,796,1676,1106,818,555,342,154,77,5535,244,485,455,461,329,183,102,35,2282,38,21,16,7,15,15,8,8,118,159,317,341,465,356,214,120,56,2025,720,981,863,898,746,696,637,568,6114,6571,18812,18719,20838
20702,2151,1621,1158,595,286,97,7833,207,631,726,819,688,430,197,45,3745,143,291,308,212,131,74,42,22,1223,87,233,287,281,183,128,83,22,1314,11,6,0,3,7,13,7,0,49,27,58,108,131,75,60,36,4,497,142,273,311,278,245,283,337,277,2140,1534,5104,6209,5198,4193,2920,1776,693,27619,270,408,391,437,439,318,194,51,2507,143,531,1303,789,426,148,21,3,3356,213,964,1273,1205,1147,947,844,299,6899,174,488,445,437,327,171,214,60,2315,44,83,91,65,50,42,21,17,408,327,1344,1186,834,766,695,380,119,5647,114,520,517,614,738,688,496,131,3814,731,2862,3674,2775,2163,1283,671,186,14339,349,952,1039,1187,1010,673,347,94,5649,245,521,520,345,221,129,65,39,2088,139,391,468,415,288,193,124,36,2063,16,10,15,6,7,19,17,0,98,54,114,171,213,154,100,62,16,887,363,564,620,562,476,489,592,446,4118,3183,9771,11699,9879
20703,2189,1787,1049,488,221,88,8425,273,822,828,994,749,483,213,47,4417,263,476,362,278,154,85,39,18,1682,151,300,238,209,127,95,53,33,1210,9,4,10,3,11,9,0,7,59,42,92,135,140,89,62,31,17,603,372,549,344,287,267,243,304,365,2735,2605,7170,6556,6047,4404,2915,1701,892,32285,337,575,446,486,465,304,175,50,2843,382,1213,1332,795,429,132,26,4,4298,342,1260,1209,1177,1158,821,571,245,6791,190,504,401,449,347,188,156,55,2286,67,122,106,132,94,52,36,6,610,547,1766,1247,1157,967,681,390,183,6928,147,709,641,837,853,836,494,162,4673,1097,3812,3874,3274,2051,1069,502,192,15874,463,1319,1250,1488,1145,825,360,96,6952,462,843,596,463,267,138,71,35,2878,242,520,435,345,236,140,81,37,2036,35,28,19,11,16,19,6,6,131,64,174,221,230,148,118,64,31,1048,808,1220,732,619,508,487,507,538,5418,5178,14048,12508,11454
20801,1865,2339,1346,746,301,111,7868,195,617,971,1231,935,600,288,76,4910,184,361,452,426,276,134,89,32,1957,71,173,183,261,206,117,87,27,1119,7,0,4,3,5,3,4,4,35,46,66,117,223,101,83,41,23,709,168,196,304,337,256,305,352,399,2315,1315,3618,5769,7334,5705,3955,2141,1062,30897,180,255,374,631,594,362,166,54,2619,71,215,577,613,455,166,25,0,2122,136,553,725,1074,1179,927,619,267,5492,147,486,480,626,482,307,160,51,2740,35,87,101,121,117,60,30,17,566,193,801,1015,1290,1303,862,544,224,6234,91,403,555,856,1198,1226,585,184,5102,566,1654,3503,4648,2969,1760,836,266,16215,319,964,1424,1910,1479,1121,513,132,7860,295,593,680,653,436,229,132,46,3069,101,254,268,366,301,156,113,32,1606,11,9,4,5,8,8,4,3,51,69,130,198,339,186,147,73,39,1181,337,398,597,696,482,540,565,566,4177,2562,6805,10519,13836
20802,3325,2689,1414,773,305,147,11919,425,1684,1778,1726,1150,819,272,62,7919,365,959,725,531,324,168,71,34,3178,158,433,405,349,258,198,78,30,1911,13,3,5,6,7,11,7,7,53,65,190,248,297,164,88,51,25,1124,343,626,531,423,337,421,398,454,3524,3001,10935,10897,9581,6552,4624,2097,1113,48798,436,901,819,821,677,403,169,45,4277,280,1508,1889,1165,604,222,26,0,5692,334,1861,1754,1602,1564,1302,761,312,9484,255,1009,804,726,506,330,128,58,3818,63,195,147,158,112,52,22,9,756,537,2433,1903,1674,1309,978,439,214,9481,198,1191,1089,1393,1503,1355,510,160,7396,1156,5145,6125,5122,2966,1650,585,237,22983,678,2663,2639,2624,1780,1376,454,101,12322,623,1613,1226,873,562,315,122,54,5381,270,747,742,559,392,265,114,44,3134,24,18,11,13,3,18,13,7,100,87,318,429,462,280,165,82,40,1865,717,1344,1102,864,655,747,649,627,6701,5658,20945,20674,18061
20803,2328,2073,1216,626,217,114,8329,274,1034,1337,1255,884,524,161,30,5502,203,533,503,336,166,101,39,14,1896,176,418,425,388,259,178,91,40,1974,11,3,3,6,6,8,3,0,34,19,91,148,159,94,45,12,3,579,172,394,399,347,305,352,410,347,2715,1761,6670,8283,7470,4993,3214,1538,779,34706,164,363,552,581,354,236,91,27,2375,92,445,1004,697,344,150,13,3,2745,303,1153,1540,1715,1697,1197,685,269,8568,244,959,927,799,552,331,156,78,4047,62,174,191,204,134,49,16,3,840,328,1644,1594,1339,988,624,292,128,6933,186,1054,1211,1327,1075,838,382,97,6176,486,2570,4019,3603,2158,1256,480,184,14754,430,1546,1842,1791,1219,759,257,56,7908,347,838,855,581,276,163,65,21,3154,238,575,623,588,388,247,140,48,2835,15,15,4,7,6,9,4,0,63,42,165,266,291,196,105,41,22,1126,405,829,833,722,644,644,695,515,5293,3344,12334,15470,14259
20804,868,867,506,263,87,53,3588,118,442,388,506,347,274,120,45,2234,108,249,179,125,96,52,32,17,861,40,78,60,71,58,31,16,8,376,0,3,0,0,0,3,0,0,7,34,52,71,90,55,41,18,8,356,69,136,113,89,87,93,90,109,783,891,2868,2546,2682,2047,1501,752,398,13684,137,255,165,184,204,152,55,14,1173,84,411,333,234,159,63,14,0,1305,100,467,309,322,305,261,191,81,2035,64,228,199,165,129,90,50,16,942,23,53,35,54,38,24,17,8,256,175,723,565,555,541,424,246,118,3356,47,271,209,318,376,391,211,68,1898,389,1447,1658,1736,1082,576,252,104,7243,175,696,644,822,589,466,236,74,3702,182,434,287,199,139,80,51,22,1390,72,163,137,121,93,51,29,12,671,7,6,5,0,0,3,0,0,24,46,88,102,131,85,55,37,9,543,166,343,243,201,177,162,167,154,1608,1669,5588,4893,5043
20901,2075,1698,1104,603,234,93,7473,340,1265,1382,1260,984,676,232,53,6181,221,544,546,366,169,109,42,17,2017,147,381,329,303,209,136,67,16,1593,8,6,3,3,3,5,5,0,32,37,122,169,147,108,51,19,14,672,208,365,387,319,291,340,323,224,2452,2003,7292,8324,6881,5292,3759,1709,665,35922,271,561,713,669,561,405,190,35,3415,159,612,1096,652,323,164,18,0,3025,323,1361,1659,1512,1407,1193,790,257,8512,253,900,837,699,532,331,200,53,3809,62,194,211,186,103,64,32,9,865,498,2041,1839,1429,1218,891,391,153,8459,140,1092,1149,1157,1235,1204,556,129,6650,558,2627,3756,3109,2060,1319,527,162,14122,522,1892,1986,1881,1478,1044,387,92,9275,394,1004,963,629,319,188,80,22,3596,219,547,528,480,318,198,101,32,2423,18,16,10,8,3,7,5,0,69,52,205,316,266,213,126,48,21,1248,510,823,837,703,630,628,567,370,5067,3991,13870,15881,13382
20902,1422,982,559,229,53,25,5063,270,1311,1286,951,597,216,50,6,4678,186,858,722,333,110,48,10,6,2264,119,396,337,249,149,75,26,12,1365,12,8,3,6,3,0,3,0,37,37,145,167,143,55,28,9,5,588,314,556,417,347,285,300,287,293,2797,1951,7727,6578,4574,2771,1399,625,419,26048,221,680,523,382,210,99,29,11,2157,247,962,836,391,182,52,4,0,2680,307,1404,1106,976,788,521,278,112,5485,159,682,542,422,248,126,83,26,2304,39,171,177,113,79,26,7,0,619,447,1686,1023,660,453,232,92,33,4621,130,918,871,746,555,328,109,32,3690,572,2775,2531,1724,963,401,100,46,9121,409,1932,1905,1369,874,354,79,9,6937,333,1576,1338,617,226,91,21,4,4200,219,694,613,424,241,122,44,20,2381,17,16,8,3,14,3,8,0,75,59,282,310,249,101,62,24,11,1097,680,1207,921,772,609,595,551,484,5809,3845,14987,12699,8873
20903,793,959,641,308,95,13,3416,203,430,669,761,630,349,100,16,3146,135,203,264,213,137,71,23,10,1053,102,187,197,217,160,79,31,10,994,3,0,0,0,4,4,0,0,10,17,41,69,101,52,43,7,4,337,117,117,183,212,226,181,136,75,1244,1129,2588,3762,4347,3410,2096,735,203,18265,87,157,291,378,315,214,104,10,1552,52,103,350,299,180,71,9,0,1068,244,578,881,1112,1269,872,343,83,5373,232,615,550,618,487,258,99,24,2898,58,125,171,197,129,62,27,0,774,245,623,734,942,818,464,148,48,4014,118,471,623,796,805,782,254,37,3889,260,782,1320,1707,1318,769,241,34,6426,290,635,897,1102,850,541,160,26,4501,257,351,436,356,213,123,44,18,1796,160,247,279,308,217,116,55,13,1390,3,0,0,3,3,4,0,0,17,28,68,133,199,116,70,26,4,640,281,238,380,471,439,385,262,122,2573,2320,5007,7035,8485
20904,3887,2266,1362,604,107,26,12357,758,2548,2813,1892,1289,545,99,11,9954,274,666,505,263,92,44,31,6,1880,508,1425,1349,826,426,215,56,12,4820,13,13,14,12,3,9,3,3,78,49,253,333,164,116,74,20,3,1003,808,1254,1141,773,701,665,550,416,6314,4789,16396,16215,9577,6043,3331,1217,569,58115,440,1045,1022,533,308,218,53,12,3623,427,1998,2607,792,258,71,8,0,6160,897,3548,3852,3007,2502,1663,744,143,16360,776,2182,1651,1141,634,366,184,46,6979,116,341,362,236,162,80,34,0,1322,943,3562,3072,1736,1085,658,178,59,11292,470,2248,2112,1482,980,694,217,46,8237,1200,5867,6812,3881,2302,1107,244,38,21445,1109,3595,3806,2584,1746,800,178,24,13858,500,1157,910,453,191,89,48,8,3354,730,2240,2280,1197,632,324,99,23,7523,32,33,30,26,13,18,9,0,171,113,498,673,381,273,158,60,9,2165,1862,2687,2460,1748,1465,1255,1019,629,13130,9620,31009,31641,19182
21001,1059,946,524,279,87,28,3773,140,460,539,475,326,175,48,9,2173,84,213,142,108,56,25,17,0,652,62,211,193,199,144,114,33,7,962,0,4,0,0,3,4,0,0,21,17,31,77,65,37,25,12,5,265,107,168,207,187,143,206,253,164,1438,903,2924,3510,3206,2107,1432,703,285,15074,108,151,249,222,135,122,34,7,1024,59,201,391,273,130,44,5,0,1114,149,629,727,920,727,634,454,150,4388,156,473,442,382,206,139,105,27,1946,21,48,60,54,47,30,15,3,276,197,675,620,519,389,272,132,27,2839,85,519,539,600,531,403,168,31,2874,348,1216,1832,1658,1012,547,180,46,6833,225,705,727,645,470,275,80,21,3153,147,343,260,174,86,37,36,8,1081,85,294,286,299,216,156,76,15,1431,6,10,5,5,9,3,0,0,38,30,79,147,128,75,47,25,5,539,220,390,419,403,317,348,435,262,2789,1826,5726,6704,6288
21002,437,419,277,159,53,10,1592,67,222,317,338,245,150,38,3,1381,34,46,119,79,43,22,9,6,351,56,141,109,85,70,39,12,6,514,0,0,0,0,0,0,0,0,3,6,10,39,29,30,16,4,0,136,113,82,123,155,125,124,92,66,883,447,1278,1945,1911,1451,965,372,114,8486,24,54,124,113,96,63,38,3,517,12,29,88,82,48,30,3,0,290,108,355,525,617,553,426,202,35,2825,96,312,316,249,188,103,39,4,1299,32,81,97,133,80,39,18,6,481,67,285,351,384,328,212,86,14,1729,52,263,385,351,361,330,122,15,1875,56,301,697,713,557,315,116,23,2770,100,304,428,461,357,216,59,8,1929,73,103,163,108,71,44,16,5,589,67,162,163,137,109,60,20,6,720,0,0,0,0,0,3,0,0,11,16,32,63,74,69,39,15,0,317,235,178,251,314,290,238,193,104,1797,928,2456,3633,3734
21003,1255,757,435,140,61,34,4174,237,1002,992,687,379,172,60,12,3538,114,436,397,188,59,18,7,3,1220,121,309,261,190,118,53,23,11,1075,10,0,7,5,3,3,3,0,31,35,104,129,80,34,22,5,8,406,250,537,391,299,213,222,277,329,2517,1549,6302,5361,3361,2029,967,607,457,20626,136,486,419,263,155,51,19,3,1525,234,927,906,280,99,44,8,0,2490,267,1420,1102,819,737,444,280,152,5223,191,645,490,356,191,106,48,40,2059,24,120,113,67,65,16,9,0,418,337,1475,856,534,315,150,58,26,3741,119,780,716,547,450,249,122,32,3011,442,2589,2387,1347,754,281,102,53,7955,355,1416,1436,961,560,254,85,18,5083,213,784,711,331,117,35,10,3,2215,227,571,512,311,193,82,34,16,1947,16,5,17,6,3,9,0,0,62,61,168,215,145,81,50,14,14,745,613,1190,860,632,461,410,478,498,5152,3224,12570,10730,6613
21004,587,533,364,172,59,15,2360,151,472,441,380,297,158,31,4,1943,57,166,96,40,34,13,8,3,413,96,274,209,138,108,65,11,3,901,11,8,0,0,0,0,0,0,15,11,32,35,33,24,6,5,0,145,108,171,172,171,116,115,121,63,1044,827,2799,2535,2079,1596,913,361,125,11232,54,100,135,91,69,52,12,0,514,34,189,217,124,62,32,3,0,664,122,611,657,686,700,476,219,62,3534,149,559,333,257,158,119,33,7,1620,30,101,109,64,45,25,12,6,391,153,582,457,363,381,196,77,21,2240,79,566,458,362,309,230,79,13,2106,215,800,952,838,615,350,100,25,3893,228,682,579,519,403,228,57,11,2703,114,292,179,87,54,26,16,6,783,128,375,326,212,152,82,28,8,1316,11,11,3,7,0,0,0,0,34,19,71,93,81,48,28,7,5,348,270,397,373,345,282,229,211,100,2211,1620,5333,4892,4038
21005,2632,1378,912,322,78,14,8525,704,2227,2091,1419,844,300,45,3,7634,176,433,322,137,57,27,15,3,1163,326,965,856,465,276,129,36,0,3052,20,21,18,8,9,15,0,0,94,40,255,283,116,76,54,10,0,830,856,1351,1207,817,658,453,328,159,5835,4131,13250,11489,6526,4085,1951,729,225,42392,380,770,689,405,212,133,30,3,2626,337,1661,1964,568,185,62,5,0,4791,743,2852,2646,1990,2036,1041,460,94,11853,687,1558,1006,579,389,183,91,15,4499,67,208,182,132,104,51,10,0,756,744,2559,1631,849,570,307,108,23,6787,447,1838,1481,1082,723,405,131,26,6139,963,4819,4881,2433,1559,662,133,26,15476,1079,3127,2836,1907,1163,468,87,13,10681,303,769,547,234,112,59,27,4,2059,471,1661,1631,704,420,190,77,9,5163,41,32,32,10,15,22,6,0,165,86,476,562,245,181,127,39,14,1733,1927,2966,2600,1713,1362,886,625,251,12323,8273,25304,22689,12852
21101,2888,2210,1502,801,239,88,10147,441,1253,1378,1430,1210,602,154,33,6496,227,485,466,266,139,80,41,17,1712,324,637,572,480,328,220,108,20,2689,6,12,5,0,11,8,3,0,40,35,93,148,154,112,77,28,6,651,337,457,501,393,384,409,508,461,3442,2804,8631,9740,7962,6115,3830,1815,849,41747,265,580,681,600,460,305,111,31,3045,229,858,1748,927,493,194,31,0,4478,448,1903,2375,2393,2562,1867,996,290,12839,426,1130,936,896,653,462,237,61,4797,107,290,248,203,156,74,42,10,1132,653,2121,1686,1408,1167,829,341,127,8339,266,1271,1267,1134,1126,888,479,117,6549,754,3423,4821,3721,2717,1635,522,159,17750,673,1857,1880,1900,1594,907,268,63,9134,426,915,797,437,250,147,67,28,3070,405,895,915,711,526,319,154,34,3964,16,29,12,9,11,12,5,0,94,57,190,272,313,231,156,75,20,1318,708,1032,1047,914,802,776,891,672,6829,5449,16477,18680,15580
21102,415,481,319,160,61,14,1716,68,114,163,316,201,126,42,5,1034,48,46,78,65,47,25,16,3,327,34,48,59,87,58,35,23,6,350,0,0,0,0,0,4,0,0,8,8,17,25,28,21,13,4,0,118,53,40,60,63,68,57,85,75,510,470,836,1306,1799,1351,845,410,161,7173,57,68,80,164,131,109,34,12,659,18,54,181,181,108,39,6,4,586,60,183,259,412,440,320,203,55,1928,99,140,162,222,190,75,57,20,969,27,30,37,46,36,16,11,10,212,113,230,269,408,335,219,96,34,1691,34,116,157,279,286,262,119,28,1287,161,350,686,895,653,378,157,32,3312,111,181,247,422,295,208,84,19,1556,80,102,126,115,71,44,25,6,568,46,62,79,122,89,45,28,12,485,0,3,0,3,0,4,0,0,13,16,23,41,67,46,24,11,5,231,111,81,113,155,120,125,135,125,959,937,1614,2432,3488
21103,2019,1497,974,548,214,89,6940,306,987,1183,1045,853,473,170,38,5056,176,417,360,245,129,62,41,10,1445,188,416,368,336,239,136,64,15,1761,8,10,5,5,6,6,5,5,40,27,74,116,99,81,44,21,8,470,193,361,341,287,260,275,367,405,2495,1828,6490,7354,5928,4418,2974,1596,765,31361,129,386,455,415,280,205,96,28,1986,125,570,1169,531,248,116,18,0,2782,281,1278,1566,1473,1411,1069,698,221,7985,336,925,792,722,636,270,195,65,3939,74,235,241,209,124,51,13,14,961,442,1611,1379,1188,985,656,331,108,6702,194,1088,1144,1064,948,908,484,109,5943,437,2367,3404,2577,1787,1148,468,160,12357,493,1448,1688,1477,1186,749,262,74,7377,321,740,647,416,215,122,77,19,2556,262,625,607,506,352,181,94,28,2658,11,14,9,4,5,12,5,5,70,47,142,226,196,166,101,52,16,945,417,753,726,671,541,526,598,593,4825,3559,12195,14065,11434
21104,1422,990,578,344,152,49,4654,148,395,565,565,421,279,97,29,2505,97,215,224,146,83,46,24,11,842,88,139,140,164,83,68,30,12,730,0,0,3,13,3,7,5,3,34,14,39,58,76,42,24,17,5,280,91,170,190,151,145,184,252,287,1470,1000,3343,4386,3537,2407,1759,1048,544,18022,141,258,327,332,222,174,84,17,1549,123,563,1078,553,218,98,5,0,2637,169,675,864,863,746,579,404,153,4460,107,277,330,307,195,117,80,41,1464,26,79,71,80,64,24,8,8,360,245,799,734,609,493,377,203,65,3530,102,421,461,561,466,469,312,88,2877,319,1687,2453,1780,1080,728,371,104,8522,237,639,833,810,617,455,177,55,3817,185,379,367,253,135,91,37,18,1469,130,257,263,242,154,98,49,11,1206,5,10,9,14,7,10,5,3,52,27,87,109,130,80,58,36,12,535,219,367,382,340,278,331,414,422,2746,2026,6499,8272,6867
21105,1826,1692,1280,667,248,65,7325,462,1328,1548,1576,1332,822,212,27,7300,196,477,515,373,256,134,44,11,2006,341,774,634,537,331,228,92,23,2955,3,4,7,10,0,3,0,3,27,33,95,133,145,100,51,15,11,579,373,472,489,509,479,459,406,270,3450,2589,7890,8565,7938,6457,4415,1812,583,40247,112,394,488,476,350,279,120,23,2227,98,362,583,434,289,138,31,0,1936,484,1865,2028,2252,2343,1809,906,208,11895,642,1875,1469,1209,969,610,282,64,7120,198,469,558,556,384,163,60,13,2403,564,1846,1581,1528,1405,969,411,114,8416,262,1482,1539,1377,1336,1374,544,87,8001,394,1996,2848,2649,2091,1309,516,102,11908,646,1850,2095,2081,1738,1177,375,57,10022,361,835,897,633,411,241,94,14,3490,418,979,875,792,511,338,140,36,4080,14,15,15,12,0,6,0,3,61,75,180,271,299,209,135,48,17,1239,839,1013,1051,1143,1021,889,780,436,7171,5109,15157,16284,15450
21201,1629,1107,742,330,126,36,5781,416,1290,1253,972,689,341,78,8,5038,121,330,235,138,74,50,19,5,966,256,795,542,334,185,142,43,9,2304,7,12,4,4,0,3,0,0,28,30,89,144,65,40,27,8,0,400,429,638,539,478,382,331,342,216,3337,2278,7836,7069,5016,3394,2049,953,345,28939,98,349,346,234,148,107,40,7,1322,123,620,785,285,125,58,15,0,2006,406,1870,1784,1671,1414,914,447,114,8623,427,1345,963,675,407,246,149,32,4241,118,313,359,253,154,80,20,6,1299,421,1639,1218,999,679,411,190,33,5588,221,1179,1148,846,609,505,198,47,4741,443,2383,2702,1740,1202,591,228,47,9339,583,1712,1698,1280,889,469,131,16,6770,233,544,418,230,111,95,33,5,1671,318,1132,887,507,307,181,75,11,3413,14,20,10,4,0,5,3,0,61,43,179,285,161,105,72,21,7,877,920,1299,1164,996,770,671,587,327,6734,4374,14575,13754,9878
21202,2087,1615,1061,483,158,42,7374,432,1120,1277,1178,862,388,78,16,5347,134,283,260,150,90,41,26,3,986,247,529,495,433,283,150,58,11,2207,12,4,6,0,6,7,5,5,45,29,86,137,116,70,35,13,4,488,475,662,626,566,426,408,359,255,3770,2570,7102,7840,6270,4453,2491,1100,479,32300,222,454,470,373,263,164,55,14,2014,222,722,1290,576,263,97,9,8,3179,475,1685,1969,1971,2135,1360,598,180,10369,403,922,758,662,482,286,142,43,3708,77,156,173,148,103,57,22,8,744,543,1532,1294,1083,849,463,201,74,6036,224,937,1014,942,779,562,226,61,4748,623,2724,3531,2809,1854,933,312,85,12872,648,1621,1741,1554,1172,557,141,33,7468,287,536,486,256,147,81,44,13,1846,321,763,736,628,410,229,90,21,3200,22,19,8,5,11,13,8,6,94,60,173,269,239,170,79,49,9,1055,1083,1448,1300,1145,896,784,652,370,7670,5196,13692,15054,12402
21203,3667,2007,1163,457,139,27,11219,812,2491,2564,1893,1086,392,74,9,9325,206,491,355,139,59,47,16,7,1316,476,1281,1153,597,292,149,49,9,4009,17,15,10,7,10,6,3,0,66,48,260,356,163,93,53,21,7,1009,782,1321,1074,724,555,452,288,171,5363,4466,15094,14954,8448,4801,2419,914,302,51403,279,719,843,466,218,122,55,7,2709,363,1787,2590,698,215,61,5,5,5714,816,3359,3948,3102,2392,1280,550,105,15543,710,1742,1190,816,522,280,123,36,5408,133,351,360,223,134,53,22,4,1282,916,3330,2966,1608,860,469,167,43,10356,430,1731,1761,1142,693,479,193,41,6460,1064,5343,6571,3557,1957,825,244,50,19608,1142,3393,3517,2519,1432,584,112,19,12721,382,851,690,274,124,75,26,9,2431,662,2076,2162,954,490,223,84,18,6657,32,35,25,19,14,6,3,0,132,107,441,703,349,210,134,42,12,1997,1658,2715,2356,1585,1186,848,584,255,11183,8688,27869,29670,17295
21204,2830,1558,972,549,199,56,9859,388,1493,1454,1182,929,467,100,19,6031,177,445,278,149,74,63,21,6,1212,384,760,713,499,293,179,63,20,2922,23,19,16,8,4,10,10,0,93,49,169,194,127,82,50,20,10,693,722,1226,955,703,645,661,581,393,5882,3758,11750,9609,6236,4393,3071,1469,681,40966,400,955,667,445,295,214,79,24,3078,527,2100,1766,748,267,90,21,0,5522,735,3067,2284,1981,1890,1528,873,231,12590,420,992,672,524,363,300,190,41,3499,66,151,153,129,107,78,22,9,715,764,2539,1456,900,594,505,204,84,7040,267,1060,938,783,658,581,268,103,4662,1207,5746,4852,2760,1663,1003,378,105,17719,608,2177,2058,1610,1301,703,186,36,8683,325,813,556,284,159,102,41,9,2279,605,1443,1285,781,448,271,107,27,4976,49,52,47,24,10,20,16,0,220,92,345,366,273,204,130,59,20,1489,1609,2878,2109,1523,1423,1291,1090,629,12552,7673,24330,19198,12765
21205,3857,2840,1675,865,399,193,13857,505,1353,1364,1453,1097,644,282,80,6782,278,628,466,305,185,131,59,25,2075,237,444,441,401,259,170,82,27,2069,10,10,11,10,9,9,8,5,74,82,166,215,193,155,97,57,22,985,592,828,617,515,430,425,564,614,4587,4113,11592,11339,9304,6651,4314,2619,1409,51337,736,1391,954,914,806,514,298,76,5696,741,2377,2791,1581,844,240,28,7,8611,862,3063,2593,2365,2299,1724,1187,507,14597,299,848,623,660,453,289,232,95,3502,74,202,135,173,136,82,46,15,850,767,2705,1933,1461,1148,926,523,220,9693,316,1119,965,1214,1185,1052,701,222,6783,1683,6195,6679,4978,3090,1820,916,349,25710,799,2123,1936,2047,1614,1050,477,135,10177,548,1130,789,512,343,210,116,45,3682,420,868,855,644,458,252,129,47,3675,37,29,22,15,15,9,8,10,150,158,328,344,337,251,172,110,39,1734,1373,2072,1345,1062,862,804,1012,954,9488,8820,24434,21955,17977
21301,2384,1590,991,447,121,24,8689,508,1518,1518,1269,900,379,68,7,6163,223,466,300,161,91,44,16,3,1299,359,880,789,519,332,157,54,14,3095,22,20,8,9,6,11,0,5,84,48,148,152,101,63,45,10,3,572,792,1347,1093,832,717,706,513,395,6389,3818,10800,8886,6509,4529,2553,1041,524,38657,337,758,498,382,228,143,34,5,2382,422,1668,1264,631,296,83,3,0,4367,629,2209,1814,1886,2083,1569,651,168,11011,429,991,769,571,420,245,123,31,3578,38,137,143,83,73,47,15,0,536,730,2147,1165,903,631,353,100,34,6054,310,1199,974,847,749,454,201,39,4775,1167,4721,4019,2577,1692,829,208,40,15242,786,2226,2122,1666,1208,573,126,13,8716,382,869,581,327,164,71,32,12,2438,568,1468,1260,774,494,257,78,16,4924,53,38,21,12,16,14,5,5,162,84,316,344,255,179,115,37,12,1343,1795,3004,2353,1779,1532,1382,1070,600,13516,7734,21757,17325,12688
21302,1696,1301,750,293,85,32,5416,216,796,982,867,655,282,75,12,3876,106,394,390,221,139,54,14,0,1320,95,290,319,233,134,80,29,9,1184,5,3,3,0,5,4,4,0,25,23,91,118,117,50,29,8,0,430,178,390,349,312,223,242,228,200,2132,1212,4894,5951,4769,3217,1732,684,334,22795,108,258,406,369,244,147,50,10,1597,67,419,709,385,194,54,4,0,1836,200,1029,1225,1151,1216,829,352,131,6125,171,620,615,482,350,206,82,41,2567,28,118,142,119,74,32,7,7,523,209,952,932,753,573,343,103,39,3901,137,772,798,747,716,474,181,38,3857,342,1824,2960,2284,1358,592,168,46,9559,334,1155,1397,1225,903,448,141,18,5617,192,669,666,401,233,99,28,7,2299,127,408,465,362,207,116,52,13,1747,7,13,3,4,5,8,7,0,48,43,153,208,219,115,66,26,4,831,415,821,790,667,488,480,419,302,4381,2375,9203,11315,9173
21303,1714,975,471,159,37,13,5464,196,1401,1171,847,539,219,30,3,4413,217,913,617,323,129,22,10,0,2240,132,365,299,223,97,66,10,5,1199,8,8,3,0,0,3,3,0,30,29,157,169,110,55,24,7,0,549,262,670,425,293,241,210,174,206,2488,1649,8267,6523,4139,2408,1114,403,284,24789,171,609,512,377,172,80,17,5,1942,228,1127,849,409,186,55,3,0,2855,233,1531,1002,756,589,383,156,64,4702,115,648,554,360,183,100,38,16,2016,28,160,149,104,60,27,11,0,544,290,1736,1083,600,368,198,49,27,4354,125,927,730,610,530,290,87,25,3329,534,3380,3221,1789,836,307,72,19,10159,322,2173,1860,1264,795,345,75,12,6830,372,1632,1166,609,244,57,20,4,4115,223,658,540,375,183,91,25,10,2105,11,21,10,0,9,4,6,0,62,50,300,311,215,121,53,18,3,1070,577,1488,949,654,569,449,326,300,5311,3282,16391,12938,8134
21304,3216,1975,977,421,107,24,9702,560,2054,2195,1539,960,427,71,15,7823,171,446,330,160,68,30,14,6,1222,408,1059,1044,536,265,135,39,0,3493,11,14,13,5,10,5,0,0,68,38,188,279,120,64,62,16,3,766,759,1227,1126,741,519,452,314,144,5290,3567,12253,12945,7985,4287,2361,841,253,44495,222,588,671,435,206,126,37,4,2277,216,1239,2081,693,167,72,13,0,4496,686,2568,3114,2639,1994,1296,498,106,12902,653,1582,1284,817,412,261,108,24,5138,66,221,304,182,96,49,18,3,939,627,2307,1981,1374,747,442,138,37,7641,412,1775,1766,1303,708,494,194,32,6686,842,4148,5498,3393,1669,802,205,38,16604,861,2806,2892,2043,1266,591,121,27,10613,331,772,599,272,126,67,25,4,2197,550,1668,1721,837,401,216,72,9,5462,33,32,23,12,16,10,5,4,138,75,362,567,271,162,127,43,9,1617,1667,2572,2393,1660,1130,889,594,236,11145,7259,22646,24899,15931
21305,6597,2639,1438,572,116,16,17309,754,2982,3378,2064,1209,481,86,10,10972,276,767,695,255,107,59,15,0,2179,565,1384,1310,625,323,157,57,7,4427,16,15,18,10,10,12,0,0,85,65,424,618,241,139,114,19,12,1634,1153,2165,1906,978,649,533,380,246,8017,5263,22310,23682,10566,5827,3021,1013,368,72048,425,1345,1636,705,377,261,64,8,4807,682,4761,7456,1443,360,90,22,0,14810,1100,5061,6222,3459,2520,1551,613,117,20650,828,1810,1375,875,508,277,110,18,5802,102,367,386,232,153,78,24,0,1332,892,3905,3237,1847,1053,564,165,44,11704,431,1993,2189,1483,945,593,245,37,7910,1418,8944,12268,4959,2530,1167,235,31,31539,1135,4021,4570,2894,1660,750,157,30,15216,539,1226,1114,446,191,110,32,4,3661,856,2737,2798,1004,498,235,77,7,8227,37,34,37,23,21,18,8,0,175,155,779,1157,492,289,224,57,15,3165,2661,4619,4078,2168,1421,1098,686,373,17100,11255,41594,48523,22024
21401,1861,1570,1069,542,221,62,7054,411,1376,1485,1379,1104,542,138,30,6460,148,428,370,263,147,94,41,4,1497,307,746,631,437,284,227,86,17,2740,12,7,14,8,4,8,9,0,59,35,86,134,124,78,45,19,4,514,480,654,637,567,433,447,519,439,4169,2408,7941,8180,6770,5011,3251,1560,736,35866,119,328,353,297,205,133,58,14,1518,122,349,567,403,212,98,19,0,1770,374,1598,1795,1832,1841,1342,748,208,9724,410,1544,1215,926,616,422,220,57,5407,129,322,331,257,152,64,21,10,1277,451,1907,1652,1334,1056,717,260,91,7477,232,1349,1284,1090,903,819,328,85,6088,450,2208,3029,2555,1789,1025,408,109,11566,594,1877,1960,1774,1455,775,228,50,8704,271,734,685,422,244,181,72,12,2618,386,1019,889,693,472,323,135,27,3934,23,22,14,12,7,9,12,4,104,52,187,258,253,157,104,44,11,1075,957,1383,1344,1336,1012,869,890,657,8444,4556,14819,15370,13186
21402,1693,1943,1576,1126,526,178,8271,335,942,1309,1584,1421,1024,380,60,7051,148,410,464,387,306,215,124,34,2084,252,643,600,602,471,390,197,33,3203,9,0,5,0,0,9,7,5,44,27,69,99,184,105,120,47,11,656,550,469,605,781,756,995,1024,754,5928,2223,6031,7812,8879,8059,7023,3913,1501,45444,97,193,280,397,366,390,219,50,1991,80,171,310,323,268,171,34,0,1358,438,1202,1408,1989,2221,2235,1528,494,11513,451,1412,1420,1371,1168,879,463,128,7293,166,355,419,487,410,177,80,33,2123,391,1455,1623,1857,1941,1632,879,295,10071,205,1131,1422,1503,1754,2129,1051,204,9405,377,1611,2744,3242,2825,2403,1221,338,14753,514,1289,1699,2108,1917,1615,684,123,9952,275,636,711,605,486,356,198,57,3318,336,913,920,939,730,545,274,49,4709,16,12,12,6,13,7,7,6,81,55,132,218,329,232,205,113,37,1323,1092,990,1255,1612,1523,1859,1838,1213,11383,4498,11507,14448,16771
21501,472,416,371,169,43,17,2015,133,413,381,518,499,325,68,12,2352,21,73,83,72,46,31,11,11,356,106,267,200,179,130,103,37,13,1034,0,12,3,0,0,0,0,0,19,9,13,29,30,27,23,4,5,133,265,244,227,304,318,409,412,305,2485,973,2553,2317,2447,2470,1915,969,469,14115,20,84,75,87,66,64,18,3,417,14,83,76,39,44,34,6,0,304,206,684,508,516,693,527,248,58,3442,110,301,211,203,291,193,81,21,1410,186,380,430,372,402,236,92,27,2126,184,643,532,539,759,517,192,65,3444,72,411,337,377,399,488,279,54,2415,173,603,693,658,601,311,77,20,3138,174,562,508,676,648,434,95,23,3116,38,120,125,104,78,52,27,12,551,146,383,311,267,207,157,56,18,1548,0,15,3,0,4,0,0,5,31,8,36,58,82,78,51,16,9,341,559,612,526,652,740,868,763,481,5200,1893,4924,4391,4573
21502,538,469,331,135,42,4,2168,196,498,422,475,423,179,33,5,2229,27,91,75,46,32,16,5,0,302,131,286,220,188,114,78,22,8,1036,6,15,7,0,0,4,0,0,42,13,26,30,17,17,8,4,0,116,306,387,375,329,338,354,250,193,2524,1050,2854,2539,2324,1970,1288,587,272,12894,17,87,92,82,74,33,12,4,402,20,89,81,30,21,4,3,0,253,235,638,535,506,493,422,189,47,3061,101,292,246,203,201,129,66,13,1244,48,210,275,270,205,91,32,0,1131,146,629,438,399,454,340,132,42,2586,84,440,426,432,353,302,142,30,2204,218,784,784,747,519,272,78,12,3411,265,699,562,620,535,242,60,5,2988,47,164,117,78,47,36,11,3,501,188,401,326,303,211,115,47,6,1602,8,38,16,9,4,5,5,0,79,26,62,71,51,57,32,8,3,315,650,785,763,726,731,708,524,309,5193,2041,5322,4724,4452
21503,318,235,172,97,31,10,1196,84,219,188,250,241,136,27,0,1156,6,34,30,21,18,8,4,0,130,73,153,145,119,83,65,15,7,659,8,3,5,0,0,3,0,0,18,6,16,15,7,10,11,0,3,75,182,219,229,210,255,250,246,174,1766,610,1564,1469,1340,1377,1035,530,262,8176,7,45,25,33,26,22,4,0,160,18,40,56,25,25,14,4,0,168,136,419,365,328,433,340,121,31,2180,70,198,122,111,143,133,35,5,824,88,230,244,241,247,103,33,5,1189,85,346,274,257,366,264,110,34,1734,53,278,246,235,267,268,123,36,1513,106,377,457,358,276,183,52,6,1815,106,275,244,314,298,182,38,6,1471,19,48,52,28,32,19,3,0,199,100,217,199,163,139,92,33,8,954,12,4,4,0,3,0,0,0,33,11,27,45,39,25,34,9,4,198,421,479,499,475,570,569,453,284,3744,1231,2980,2816,2620
21601,320,266,227,102,42,16,1245,106,247,295,328,333,186,41,6,1550,24,43,31,33,24,16,4,0,173,86,196,139,123,105,65,22,3,733,0,4,5,0,3,0,0,0,12,0,15,17,26,26,8,3,0,87,174,164,179,186,240,249,251,223,1659,637,1526,1580,1602,1610,1064,577,302,8905,13,42,69,59,37,36,3,4,272,22,44,32,29,20,13,3,0,156,178,435,411,490,568,457,213,44,2795,82,200,150,178,187,126,53,21,996,65,198,223,206,210,93,40,12,1047,109,376,332,353,391,261,122,30,1971,61,244,241,256,278,242,140,28,1486,64,315,441,413,357,215,89,20,1908,132,303,348,406,410,248,58,10,1918,44,58,52,45,36,24,8,0,263,114,278,206,214,164,97,35,4,1119,3,3,3,6,3,0,0,0,19,6,29,31,53,54,23,8,3,202,345,356,358,428,499,551,490,344,3358,1249,2878,2896,3130
21602,228,245,173,138,42,11,1068,59,177,184,208,219,132,26,3,1016,9,31,25,18,15,9,6,0,115,51,157,140,96,73,70,27,4,611,3,0,0,0,0,0,0,0,10,7,8,10,15,10,8,3,0,58,132,147,149,165,169,246,203,113,1333,458,1192,1167,1180,1124,975,514,181,6784,0,28,39,43,33,27,5,0,168,13,39,27,27,14,10,4,0,121,112,325,291,365,404,333,188,43,2054,63,158,132,140,151,136,61,22,859,62,150,182,154,168,83,45,12,852,91,282,212,225,279,220,114,24,1447,44,179,162,177,189,204,114,19,1090,65,260,322,343,261,251,87,23,1611,77,225,220,244,262,169,46,6,1256,18,44,47,26,25,15,10,0,182,74,210,198,156,127,110,35,4,913,4,4,4,3,4,3,0,0,17,6,13,34,38,23,28,14,0,162,281,307,303,360,376,473,397,200,2692,919,2215,2168,2293
21603,603,517,408,188,45,20,2471,251,593,568,541,442,238,65,9,2693,26,91,54,43,25,28,3,9,275,135,343,232,180,121,80,22,3,1116,8,14,4,6,0,6,0,0,34,12,41,52,42,24,14,7,0,195,319,425,395,336,365,347,387,309,2886,1314,3428,3097,2682,2314,1559,783,415,15600,62,116,126,90,70,54,19,3,533,46,121,126,47,38,21,3,0,396,265,814,725,757,709,544,244,70,4122,152,353,251,280,255,163,85,18,1556,76,186,197,222,193,92,34,12,1013,256,898,749,644,595,379,156,41,3721,142,539,500,453,438,438,172,40,2724,211,915,930,822,675,368,96,33,4045,329,816,739,705,559,332,85,11,3584,59,151,98,69,48,44,13,10,490,184,502,367,280,180,127,56,5,1700,10,24,4,6,0,6,0,0,58,21,73,97,85,69,33,20,5,412,750,907,812,769,771,696,714,455,5876,2558,6416,5725,5225
21701,272,311,230,134,27,6,1263,54,214,228,292,337,193,42,5,1363,16,25,51,42,30,40,12,3,212,92,161,155,111,90,41,15,5,675,5,0,0,0,0,0,0,0,8,4,12,17,19,18,18,3,0,90,131,111,168,170,221,269,228,161,1459,565,1345,1511,1580,1624,1281,554,252,8713,12,42,45,40,44,43,16,4,243,14,31,43,13,23,24,7,0,156,148,343,363,475,499,403,149,39,2423,72,192,140,153,199,129,73,21,981,115,214,249,298,279,185,64,18,1410,88,387,326,326,470,376,138,48,2156,58,184,257,294,279,341,122,27,1570,111,315,371,451,352,249,56,11,1918,75,273,277,349,412,259,54,13,1716,32,55,69,52,45,64,17,9,346,129,229,215,159,147,71,28,8,992,4,3,3,4,0,0,0,0,16,12,28,46,43,46,33,8,3,215,290,267,347,381,460,524,436,251,2966,1167,2564,2745,3043
21703,285,266,231,110,33,3,1199,88,241,265,324,362,215,44,3,1537,13,71,59,58,42,34,11,0,285,75,180,135,128,83,64,29,4,703,0,0,0,0,0,3,0,0,4,7,16,20,30,17,13,14,15,134,157,155,178,190,220,231,212,141,1478,587,1527,1571,1619,1655,1298,587,227,9066,12,58,62,61,54,42,22,4,309,10,36,32,25,24,20,7,0,164,116,371,367,428,486,378,152,37,2342,96,243,200,160,191,129,51,12,1086,97,242,289,270,255,155,40,14,1356,76,322,307,339,406,322,142,29,1936,63,233,241,241,325,426,166,32,1737,85,325,422,409,356,219,64,9,1888,110,299,317,413,462,317,62,3,1985,32,126,82,87,58,63,18,3,459,111,280,230,199,146,103,39,10,1113,0,5,3,0,0,7,0,0,14,9,50,40,60,47,36,29,24,302,346,371,366,432,473,476,394,230,3096,1179,2969,2956,3123
21704,452,479,362,187,46,18,2035,118,425,445,465,459,258,69,16,2241,32,66,87,70,70,47,14,0,400,168,291,257,185,106,68,37,8,1109,0,5,5,0,0,0,4,0,17,5,20,34,36,25,19,0,0,148,196,225,209,207,244,274,284,217,1852,921,2526,2618,2456,2335,1660,785,360,13662,26,95,121,117,79,82,27,12,561,19,72,67,61,41,22,5,0,285,165,519,532,520,496,387,188,42,2845,131,393,385,278,265,160,58,25,1690,119,274,270,269,231,131,57,7,1351,158,720,646,606,707,495,204,67,3606,101,438,474,477,509,514,204,50,2773,171,598,703,748,596,392,115,22,3349,156,554,573,611,584,378,111,20,2992,50,142,143,118,99,81,25,3,658,207,411,387,304,181,114,52,6,1657,0,8,8,3,8,6,5,0,29,11,59,67,78,54,40,15,4,335,428,464,495,463,489,541,487,322,3692,1746,4745,4869,4646
29797,0,0,0,0,0,0,0,0,0,0,0,0,0,0,0,0,0,0,0,0,0,0,0,0,0,0,0,0,0,0,0,0,0,0,0,0,0,0,0,0,0,0,0,0,0,0,0,0,0,0,0,0,0,0,0,0,3,0,0,0,3,0,0,0,0,6,0,0,0,6,0,0,0,0,0,0,0,0,0,0,0,0,0,0,0,0,0,0,0,0,7,0,3,0,0,0,11,0,0,0,0,0,0,0,0,0,0,0,0,0,0,0,0,0,0,0,0,0,0,0,0,0,0,0,0,0,0,0,0,0,0,0,0,0,0,0,0,0,0,0,0,0,0,0,0,0,0,0,0,0,0,0,0,0,0,0,0,0,0,0,0,0,0,0,0,0,0,0,0,0,0,0,0,0,0,0,0,0,0,0,0,0,0,0,0,0,0,0,0,11,3,9,0,0,0,29,0,6,16,3
29999,55,43,35,19,0,0,255,22,86,48,38,50,11,5,0,264,5,30,18,7,11,6,0,0,77,16,38,33,12,10,5,0,0,116,4,0,6,0,0,0,0,0,3,3,12,4,5,4,4,0,0,32,180,311,356,188,118,67,13,11,1242,278,705,618,379,303,140,29,11,2459,5,25,12,25,7,5,0,0,78,7,36,30,17,10,0,0,0,93,26,109,79,80,61,49,22,0,409,21,41,40,34,26,21,0,0,177,11,26,16,23,9,6,0,0,86,24,94,58,41,44,22,0,0,280,4,30,28,27,36,19,9,0,151,39,136,109,73,69,38,0,0,467,33,132,75,61,66,27,5,0,400,13,50,45,16,18,9,0,0,153,22,59,57,25,25,14,7,0,205,3,0,4,0,0,0,0,0,11,12,23,11,11,12,4,0,0,72,394,709,887,664,409,201,39,15,3334,608,1458,1448,1099
