SA3_CODE_2021,M_0_4_yrs_Need_for_assistance,M_0_4_No_need_for_assistance,M_0_4_Need_for_assistance_ns,M_0_4_yrs_Tot,M_5_14_Need_for_assistance,M_5_14_No_need_for_assistance,M_5_14_Need_for_assistance_ns,M_5_14_yrs_Tot,M_15_19_Need_for_assistance,M_15_19_No_need_for_assistnce,M_15_19_Need_for_assistnce_ns,M_15_19_yrs_Tot,M_20_24_Need_for_assistance,M_20_24_No_need_for_assistnce,M_20_24_Need_for_assistnce_ns,M_20_24_yrs_Tot,M_25_34_Need_for_assistance,M_25_34_No_need_for_assistnce,M_25_34_Need_for_assistnce_ns,M_25_34_yrs_Tot,M_35_44_Need_for_assistance,M_35_44_No_need_for_assistnce,M_35_44_Need_for_assistnce_ns,M_35_44_yrs_Tot,M_45_54_Need_for_assistance,M_45_54_No_need_for_assistnce,M_45_54_Need_for_assistnce_ns,M_45_54_yrs_Tot,M_55_64_Need_for_assistance,M_55_64_No_need_for_assistnce,M_55_64_Need_for_assistnce_ns,M_55_64_yrs_Tot,M_65_74_Need_for_assistance,M_65_74_No_need_for_assistnce,M_65_74_Need_for_assistnce_ns,M_65_74_yrs_Tot,M_75_84_Need_for_assistance,M_75_84_No_need_for_assistnce,M_75_84_Need_for_assistnce_ns,M_75_84_yrs_Tot,M_85_over_Need_for_assistance,M_85_ov_No_need_for_assistnce,M_85_ov_Need_for_assistnce_ns,M_85_yrs_over_Tot,M_Tot_Need_for_assistance,M_Tot_No_need_for_assistance,M_Tot_Need_for_assistance_ns,M_Tot_Tot,F_0_4_yrs_Need_for_assistance,F_0_4_No_need_for_assistance,F_0_4_Need_for_assistance_ns,F_0_4_yrs_Tot,F_5_14_Need_for_assistance,F_5_14_No_need_for_assistance,F_5_14_Need_for_assistance_ns,F_5_14_yrs_Tot,F_15_19_Need_for_assistance,F_15_19_No_need_for_assistnce,F_15_19_Need_for_assistnce_ns,F_15_19_yrs_Tot,F_20_24_Need_for_assistance,F_20_24_No_need_for_assistnce,F_20_24_Need_for_assistnce_ns,F_20_24_yrs_Tot,F_25_34_Need_for_assistance,F_25_34_No_need_for_assistnce,F_25_34_Need_for_assistnce_ns,F_25_34_yrs_Tot,F_35_44_Need_for_assistance,F_35_44_No_need_for_assistnce,F_35_44_Need_for_assistnce_ns,F_35_44_yrs_Tot,F_45_54_Need_for_assistance,F_45_54_No_need_for_assistnce,F_45_54_Need_for_assistnce_ns,F_45_54_yrs_Tot,F_55_64_Need_for_assistance,F_55_64_No_need_for_assistnce,F_55_64_Need_for_assistnce_ns,F_55_64_yrs_Tot,F_65_74_Need_for_assistance,F_65_74_No_need_for_assistnce,F_65_74_Need_for_assistnce_ns,F_65_74_yrs_Tot,F_75_84_Need_for_assistance,F_75_84_No_need_for_assistnce,F_75_84_Need_for_assistnce_ns,F_75_84_yrs_Tot,F_85_over_Need_for_assistance,F_85_ov_No_need_for_assistnce,F_85_ov_Need_for_assistnce_ns,F_85_yrs_over_Tot,F_Tot_Need_for_assistance,F_Tot_No_need_for_assistance,F_Tot_Need_for_assistance_ns,F_Tot_Tot,P_0_4_yrs_Need_for_assistance,P_0_4_No_need_for_assistance,P_0_4_Need_for_assistance_ns,P_0_4_yrs_Tot,P_5_14_Need_for_assistance,P_5_14_No_need_for_assistance,P_5_14_Need_for_assistance_ns,P_5_14_yrs_Tot,P_15_19_Need_for_assistance,P_15_19_No_need_for_assistnce,P_15_19_Need_for_assistnce_ns,P_15_19_yrs_Tot,P_20_24_Need_for_assistance,P_20_24_No_need_for_assistnce,P_20_24_Need_for_assistnce_ns,P_20_24_yrs_Tot,P_25_34_Need_for_assistance,P_25_34_No_need_for_assistnce,P_25_34_Need_for_assistnce_ns,P_25_34_yrs_Tot,P_35_44_Need_for_assistance,P_35_44_No_need_for_assistnce,P_35_44_Need_for_assistnce_ns,P_35_44_yrs_Tot,P_45_54_Need_for_assistance,P_45_54_No_need_for_assistnce,P_45_54_Need_for_assistnce_ns,P_45_54_yrs_Tot,P_55_64_Need_for_assistance,P_55_64_No_need_for_assistnce,P_55_64_Need_for_assistnce_ns,P_55_64_yrs_Tot,P_65_74_Need_for_assistance,P_65_74_No_need_for_assistnce,P_65_74_Need_for_assistnce_ns,P_65_74_yrs_Tot,P_75_84_Need_for_assistance,P_75_84_No_need_for_assistnce,P_75_84_Need_for_assistnce_ns,P_75_84_yrs_Tot,P_85_over_Need_for_assistance,P_85_ov_No_need_for_assistnce,P_85_ov_Need_for_assistnce_ns,P_85_yrs_over_Tot,P_Tot_Need_for_assistance,P_Tot_No_need_for_assistance,P_Tot_Need_for_assistance_ns,P_Tot_Tot
20101,82,3178,149,3407,594,6812,437,7836,225,3234,172,3631,180,3239,213,3635,263,7120,404,7793,240,6244,309,6797,322,6113,349,6780,450,5673,309,6424,600,4711,271,5589,636,2232,185,3054,447,493,91,1030,4041,49038,2905,55982,45,3116,174,3342,306,6697,311,7316,143,3191,196,3528,134,3375,202,3707,245,7295,414,7954,267,6986,348,7597,391,6762,304,7465,498,6448,277,7227,678,5556,282,6517,786,2724,213,3719,963,710,173,1851,4465,52869,2894,60219,131,6296,328,6749,897,13505,746,15157,367,6426,368,7163,313,6615,413,7344,514,14414,817,15741,507,13231,659,14392,712,12878,658,14251,951,12122,582,13656,1280,10270,554,12107,1422,4953,395,6773,1408,1201,268,2878,8504,101902,5794,116201
20102,15,666,53,731,106,1598,145,1851,47,752,55,852,20,503,40,567,44,1137,91,1264,46,1577,132,1751,64,2035,176,2271,121,2226,175,2526,167,1990,165,2324,164,813,86,1065,106,126,45,274,887,13421,1166,15481,7,677,53,735,53,1541,134,1722,21,675,40,742,22,440,29,481,23,1209,109,1346,45,1654,131,1831,92,2078,163,2335,138,2321,165,2620,157,1954,149,2252,170,764,87,1010,195,159,54,414,922,13465,1106,15497,16,1342,108,1467,160,3135,277,3577,67,1428,91,1596,37,943,71,1048,67,2343,201,2608,91,3229,264,3585,151,4116,333,4600,264,4548,342,5145,320,3948,313,4575,332,1575,172,2079,301,285,97,689,1814,26886,2276,30975
20103,16,489,43,548,125,1294,137,1551,54,595,69,720,35,511,51,592,61,981,127,1170,53,1022,180,1259,114,1519,223,1859,165,1728,199,2085,242,1814,202,2257,212,905,108,1225,119,162,33,322,1193,11012,1379,13582,13,509,40,561,61,1262,145,1472,36,551,64,651,24,452,37,514,36,1071,76,1182,65,1099,106,1275,124,1514,154,1795,170,1772,121,2059,221,1752,127,2093,217,837,81,1131,228,165,41,433,1192,10985,994,13170,28,996,84,1107,182,2558,285,3022,95,1147,134,1373,60,959,91,1107,100,2054,204,2355,118,2126,284,2534,238,3034,382,3654,332,3500,319,4154,458,3564,326,4352,424,1741,190,2361,344,329,83,750,2388,22003,2370,26759
20201,81,2867,170,3118,631,5828,394,6860,223,2621,138,2984,150,2866,180,3196,237,6069,421,6723,206,5456,314,5982,272,5167,321,5766,343,4993,312,5649,497,4465,256,5212,563,2165,186,2909,441,504,130,1081,3640,43001,2825,49462,39,2848,183,3074,295,5721,332,6351,144,2683,166,2996,89,3057,143,3295,197,6650,409,7259,235,6026,344,6600,298,5779,293,6367,458,5795,311,6563,590,5060,239,5887,727,2510,215,3449,883,621,223,1728,3954,46751,2866,53577,120,5717,353,6186,922,11556,725,13209,366,5302,307,5980,243,5926,320,6489,440,12717,827,13979,434,11487,659,12582,567,10948,619,12136,801,10785,630,12212,1083,9521,492,11096,1287,4673,399,6354,1327,1129,351,2812,7596,89754,5689,103034
20202,24,1174,83,1279,198,2862,187,3250,57,1272,109,1428,45,875,99,1016,67,1836,363,2267,68,2551,329,2945,117,3276,330,3724,166,3483,298,3953,254,3291,257,3800,264,1538,162,1960,201,258,93,547,1460,22413,2291,26167,17,1044,59,1125,102,2741,217,3057,37,1218,87,1344,31,731,60,823,42,1991,160,2198,77,2871,202,3154,126,3517,244,3884,169,3753,245,4173,254,3344,228,3827,335,1445,180,1960,328,285,177,792,1521,22947,1865,26336,46,2220,143,2401,297,5605,405,6300,92,2489,191,2774,75,1602,164,1842,115,3824,519,4463,144,5429,529,6101,247,6788,574,7608,336,7245,543,8128,501,6637,490,7624,601,2986,339,3923,531,543,262,1340,2983,45360,4161,52500
20203,3,258,28,291,31,596,70,696,16,281,25,318,11,191,29,233,17,429,39,480,22,513,66,603,38,683,101,814,77,920,115,1102,96,825,93,1011,64,343,62,468,41,78,29,145,411,5106,650,6168,0,240,22,267,23,628,61,716,15,276,26,317,3,192,27,229,19,480,42,548,18,529,70,619,34,669,84,783,82,880,100,1057,78,712,87,874,69,311,54,436,94,79,47,216,433,4999,620,6053,6,501,54,559,58,1228,129,1415,33,557,51,635,13,384,57,457,45,908,81,1027,40,1045,134,1215,69,1350,182,1603,152,1793,210,2160,173,1533,183,1887,128,654,122,899,132,158,74,371,852,10104,1264,12224
20301,11,696,47,754,119,1598,107,1813,35,692,41,770,25,473,23,522,31,1097,63,1193,31,1334,94,1470,39,1464,86,1587,56,1322,71,1446,97,1036,64,1203,75,393,35,498,49,56,6,112,561,10161,636,11359,7,666,43,718,52,1452,116,1615,32,673,45,742,14,411,28,444,22,1111,56,1190,21,1535,110,1667,41,1445,73,1567,67,1308,77,1445,89,952,47,1089,96,324,28,449,120,68,9,195,562,9943,617,11121,21,1362,93,1473,171,3044,220,3429,60,1364,80,1509,36,884,49,967,55,2204,119,2385,54,2868,206,3131,84,2909,167,3152,123,2623,146,2896,188,1989,115,2289,171,715,58,943,167,121,10,307,1125,20101,1259,22483
20302,119,5995,269,6384,1010,10984,646,12642,408,5493,300,6205,277,6687,528,7493,387,14660,1319,16361,337,11995,965,13299,498,11234,782,12521,673,10187,623,11478,933,8205,460,9596,1085,4060,333,5472,836,1009,171,2013,6563,90504,6400,103468,58,5626,273,5954,516,10965,620,12106,207,5491,272,5971,182,6668,378,7224,347,14880,747,15974,421,12912,656,13990,615,12147,576,13336,870,11311,461,12636,1113,9511,510,11138,1628,4804,414,6849,1849,1195,289,3327,7807,95506,5200,108519,175,11620,547,12345,1525,21954,1273,24745,622,10982,575,12177,457,13357,906,14716,738,29538,2065,32338,759,24905,1623,27287,1112,23381,1365,25859,1541,21498,1079,24118,2053,17717,968,20738,2712,8863,747,12319,2682,2202,458,5340,14366,186015,11598,211986
20303,39,2439,112,2592,334,5662,294,6286,95,2244,96,2433,58,1842,90,1989,94,4037,186,4318,77,5261,256,5597,112,5170,279,5565,179,5263,289,5733,363,5867,374,6596,440,2540,217,3198,340,481,100,922,2141,40808,2298,45240,24,2415,90,2528,163,5361,262,5792,73,2067,112,2251,49,1740,79,1869,84,4408,195,4691,96,5880,273,6257,143,5760,250,6149,240,6288,309,6836,374,6262,343,6978,541,2689,225,3454,684,526,164,1380,2469,43405,2309,48180,62,4853,203,5125,497,11024,558,12078,164,4314,210,4687,106,3576,167,3855,179,8444,383,9005,173,11148,536,11854,257,10930,533,11717,413,11557,599,12569,731,12124,718,13583,976,5231,439,6650,1029,1011,264,2302,4605,84214,4602,93417
20401,27,1322,97,1447,233,2980,306,3515,67,1511,136,1708,59,1353,154,1570,102,2653,237,2996,102,2723,274,3103,136,3261,312,3713,251,3929,387,4565,364,3813,322,4499,376,1768,177,2321,268,314,50,638,1986,25618,2454,30066,15,1254,87,1356,116,2920,269,3306,44,1386,144,1572,22,1129,106,1253,75,2728,247,3043,90,2928,265,3283,166,3451,311,3928,263,4087,362,4712,301,3685,282,4263,426,1653,164,2246,500,393,89,980,2018,25607,2314,29941,40,2574,183,2798,345,5898,577,6820,104,2895,281,3284,78,2482,258,2819,178,5381,488,6040,196,5651,543,6382,298,6718,622,7638,521,8012,747,9277,666,7491,601,8764,808,3423,342,4568,768,716,135,1622,4007,51229,4772,60002
20402,22,1063,82,1165,212,2444,214,2867,88,1216,84,1388,56,898,71,1029,80,2111,165,2360,86,2168,167,2424,111,2600,178,2886,196,2993,207,3397,270,2894,221,3388,332,1486,129,1948,254,327,54,636,1714,20201,1567,23482,12,1130,75,1221,111,2397,187,2695,41,1210,92,1348,40,921,73,1028,71,2233,170,2469,85,2409,164,2661,134,2921,188,3241,237,3270,211,3720,294,2989,169,3452,407,1565,168,2142,499,410,93,992,1927,21462,1583,24972,30,2192,158,2386,325,4842,398,5561,130,2428,176,2734,99,1817,139,2059,154,4350,332,4828,173,4575,329,5081,242,5520,365,6129,428,6256,424,7116,567,5883,391,6839,744,3054,293,4093,753,737,141,1632,3638,41668,3152,48454
20403,41,1937,123,2095,405,4301,321,5033,145,2127,149,2417,73,1772,148,1995,124,3923,303,4348,131,3876,317,4328,178,4199,303,4675,276,4514,318,5109,400,3984,274,4658,393,1735,153,2289,260,363,50,673,2433,32728,2471,37620,22,1957,106,2084,224,4354,304,4875,70,1930,129,2129,51,1647,135,1831,103,4018,254,4375,142,4382,256,4782,190,4562,271,5022,287,4870,252,5412,383,4096,228,4702,511,1900,166,2574,554,405,113,1077,2531,34110,2213,38853,69,3889,230,4183,628,8655,623,9912,211,4052,278,4546,127,3421,287,3828,219,7942,557,8716,273,8256,582,9113,370,8762,577,9705,557,9385,574,10517,781,8076,501,9363,901,3637,321,4856,812,767,163,1745,4957,66833,4683,76475
20501,34,1636,96,1766,291,3308,254,3849,90,1420,89,1600,54,1325,84,1464,123,3080,190,3391,94,2866,234,3196,121,2979,216,3310,195,3198,203,3596,286,2987,187,3454,298,1536,113,1944,221,267,55,537,1799,24600,1704,28108,27,1619,106,1750,124,3252,245,3615,74,1455,89,1620,49,1337,52,1441,80,3447,243,3768,110,3071,209,3395,160,3267,194,3623,227,3586,191,4005,317,3128,186,3622,378,1512,120,2007,432,309,79,817,1974,25975,1720,29668,58,3254,201,3515,415,6559,498,7471,161,2880,178,3217,108,2660,139,2901,203,6523,431,7161,211,5943,438,6589,281,6251,403,6936,422,6777,395,7599,597,6115,368,7080,676,3049,235,3953,649,575,128,1359,3779,50577,3423,57775
20502,15,1020,90,1129,198,2164,224,2589,72,1059,83,1213,58,812,78,942,83,1855,169,2104,75,1853,196,2126,140,2275,218,2625,262,3194,283,3733,365,3768,295,4427,394,1880,191,2470,227,348,78,644,1880,20220,1903,24009,9,948,84,1044,92,2225,225,2546,41,974,84,1095,33,766,73,874,59,2042,186,2286,90,2095,193,2380,149,2637,212,3001,242,3537,259,4033,348,3656,272,4273,433,1803,176,2406,380,360,133,875,1878,21044,1898,24822,31,1972,173,2177,290,4389,449,5132,115,2031,166,2315,90,1579,148,1819,141,3896,352,4389,169,3946,392,4510,286,4912,425,5626,496,6732,539,7770,715,7424,562,8702,829,3683,366,4878,602,706,212,1518,3761,41270,3802,48830
20503,28,1536,119,1679,240,3642,306,4193,88,1592,105,1786,54,1231,77,1357,103,2645,208,2950,94,3178,273,3548,148,3813,275,4237,282,4830,349,5468,395,5179,362,5941,461,2357,200,3020,356,412,93,858,2257,30417,2366,35040,23,1460,134,1611,109,3440,294,3850,69,1565,110,1747,32,1094,72,1197,85,2963,215,3270,117,3433,296,3846,189,4068,263,4517,319,5382,371,6076,501,5233,357,6092,544,2327,215,3091,611,521,76,1215,2613,31487,2406,36507,48,2995,256,3291,349,7089,603,8044,161,3157,210,3536,89,2320,145,2557,190,5610,424,6226,214,6612,569,7392,338,7877,537,8750,606,10217,726,11542,898,10413,718,12038,1007,4682,414,6106,967,938,167,2074,4865,61906,4770,71548
20504,57,1936,176,2172,398,4084,408,4886,159,1893,179,2235,122,1847,167,2133,175,4194,380,4751,170,3746,345,4267,272,3881,338,4496,397,4346,347,5094,555,3730,295,4573,476,1722,189,2383,310,351,102,754,3087,31730,2923,37742,35,1918,155,2112,211,3894,387,4491,79,1872,144,2107,82,1883,186,2147,172,4490,373,5038,202,4011,364,4574,315,4196,301,4808,460,4716,358,5531,541,3930,272,4744,646,1822,203,2674,643,402,148,1192,3389,33135,2901,39423,92,3856,336,4281,603,7975,794,9375,242,3771,329,4342,198,3734,350,4286,349,8685,753,9789,374,7755,714,8845,589,8073,637,9304,857,9064,709,10630,1093,7657,570,9318,1120,3538,394,5057,954,750,247,1948,6475,64866,5823,77168
20505,31,1112,89,1227,190,2376,201,2765,83,1127,86,1291,71,951,140,1172,85,2119,530,2736,86,2082,472,2641,140,2216,297,2654,206,2824,251,3279,328,2703,243,3268,274,1113,100,1486,169,203,44,417,1656,18820,2448,22933,4,1061,99,1166,93,2305,188,2583,33,1090,102,1219,32,902,76,1006,75,2166,188,2425,91,2255,213,2557,147,2550,196,2901,226,2967,181,3372,271,2655,203,3127,304,1206,102,1616,292,268,57,620,1571,19429,1596,22598,35,2170,188,2392,277,4679,387,5346,111,2218,184,2515,105,1853,216,2175,165,4285,717,5161,175,4337,686,5195,284,4772,501,5555,435,5792,424,6652,601,5354,448,6397,583,2316,196,3101,465,470,106,1036,3230,38247,4045,45525
20601,9,2020,71,2106,176,3495,100,3774,73,1554,45,1672,41,3127,118,3288,125,9883,416,10427,103,7256,271,7632,153,5131,193,5474,208,3585,164,3953,290,2146,104,2547,471,989,81,1542,447,233,45,726,2100,39428,1599,43136,7,1958,60,2017,81,3519,123,3725,36,1601,61,1689,76,3563,130,3770,200,10774,442,11419,136,7558,239,7930,166,5356,166,5689,232,3935,141,4316,436,2489,120,3043,813,1122,75,2011,792,285,52,1130,2981,42161,1597,46737,21,3978,128,4121,254,7016,225,7501,102,3155,102,3362,117,6686,246,7059,326,20664,857,21846,237,14813,508,15561,320,10484,358,11163,444,7521,309,8269,728,4639,221,5590,1285,2113,161,3551,1242,521,93,1854,5077,81597,3200,89874
20602,13,1264,28,1311,104,2553,88,2741,34,1166,25,1227,26,1310,80,1409,44,4614,184,4848,55,4003,146,4206,87,3531,122,3743,115,2439,99,2663,159,1443,55,1658,307,657,46,1009,286,165,13,470,1247,23144,885,25272,10,1238,31,1284,67,2539,81,2693,27,1186,43,1248,37,1424,48,1506,53,5474,187,5722,76,4335,157,4571,100,3852,123,4069,120,2712,102,2936,205,1681,77,1965,513,727,51,1293,487,195,30,720,1701,25368,925,28000,26,2503,59,2586,172,5094,170,5436,63,2347,65,2467,57,2733,122,2918,103,10091,374,10564,134,8337,307,8777,192,7379,243,7816,243,5153,200,5591,361,3126,136,3623,824,1386,95,2306,775,367,48,1182,2945,48516,1811,53270
20603,16,1624,89,1731,127,3353,150,3635,61,1601,66,1730,35,2246,112,2397,85,5565,303,5958,70,4690,234,4988,87,4240,214,4543,150,3524,186,3862,179,2408,106,2699,269,913,64,1248,285,193,30,512,1368,30369,1550,33296,19,1534,84,1633,59,3186,129,3377,33,1588,57,1683,39,2360,113,2509,91,5991,354,6439,73,5006,247,5323,113,4578,204,4889,186,3777,171,4134,271,2528,109,2909,509,988,79,1573,631,274,48,949,2024,31803,1586,35423,38,3155,168,3359,187,6549,280,7010,95,3188,129,3410,78,4612,227,4910,176,11557,656,12396,137,9697,479,10311,203,8817,410,9435,342,7298,357,7991,452,4938,217,5602,779,1903,145,2820,918,470,77,1461,3396,62178,3135,68712
20604,34,2048,157,2238,97,2597,234,2928,36,2564,213,2815,66,10877,852,11789,126,24350,2090,26569,143,11148,1057,12347,128,5299,517,5949,191,3974,395,4558,222,2728,251,3203,266,1142,143,1553,211,183,67,464,1530,66914,5971,74410,10,1929,179,2114,50,2523,242,2815,35,3227,237,3493,87,12360,942,13392,189,24233,1971,26392,118,9865,837,10819,139,5213,444,5794,196,4140,342,4679,304,2812,262,3384,381,1100,103,1590,430,208,91,726,1938,67605,5646,75191,42,3974,330,4355,144,5122,472,5742,67,5790,452,6311,155,23233,1791,25180,318,48588,4058,52964,260,21013,1884,23165,264,10510,962,11739,387,8116,737,9233,533,5539,516,6588,649,2246,249,3141,643,386,156,1188,3468,134519,11615,149601
20605,28,1990,98,2111,119,3479,185,3782,36,1537,80,1659,40,2428,190,2654,82,10122,791,10994,108,8240,596,8947,159,6483,538,7185,250,5120,430,5799,242,3390,302,3932,327,1545,184,2052,259,255,80,597,1656,44591,3466,49717,16,1930,125,2069,53,3409,209,3668,38,1513,80,1631,46,2651,198,2898,102,11214,815,12126,113,8602,623,9343,197,6864,435,7501,216,5237,352,5808,338,3562,220,4123,503,1520,187,2212,445,283,144,876,2070,46787,3387,52243,44,3915,219,4182,172,6887,390,7452,76,3047,164,3288,86,5082,387,5551,188,21336,1594,23122,221,16839,1220,18287,357,13348,976,14680,462,10363,777,11602,579,6956,524,8052,832,3066,373,4268,706,543,225,1468,3721,91382,6856,101956
20606,11,977,54,1036,49,1565,115,1725,26,823,64,915,12,1994,118,2128,34,7917,457,8402,46,4563,292,4902,71,3009,216,3294,87,2584,177,2854,103,2064,126,2292,200,1249,116,1565,225,279,59,562,849,27031,1796,29671,10,986,51,1045,12,1602,101,1723,7,991,74,1071,32,2699,188,2914,69,8545,523,9135,67,4425,270,4766,75,3198,234,3513,101,2761,174,3036,149,2527,168,2840,363,1470,116,1952,415,356,111,875,1295,29557,2006,32861,15,1961,106,2081,55,3172,218,3445,33,1816,139,1982,40,4694,309,5044,96,16462,982,17543,117,8988,564,9668,146,6206,451,6802,184,5349,359,5886,247,4595,292,5128,562,2716,233,3515,636,629,169,1438,2146,56586,3800,62539
20607,22,1718,97,1834,93,2706,194,2991,34,1101,57,1190,28,2736,200,2966,101,12332,694,13122,108,7400,451,7952,117,4756,324,5200,205,3818,297,4323,241,2521,166,2925,301,1062,76,1441,243,206,43,487,1493,40359,2596,44441,4,1743,100,1849,54,2782,168,3007,29,1310,78,1417,41,3458,187,3685,143,13162,663,13972,105,6880,382,7372,141,4772,265,5173,209,3772,220,4195,328,2851,165,3341,516,1187,100,1805,534,222,46,801,2113,42133,2370,46620,26,3463,193,3682,146,5491,361,5998,61,2415,138,2608,65,6196,391,6654,241,25495,1358,27093,217,14280,830,15326,263,9531,583,10373,414,7588,519,8523,570,5366,329,6265,823,2253,175,3247,774,420,89,1288,3601,82496,4962,91060
20701,49,3234,123,3408,302,9755,319,10377,95,5838,162,6100,85,5953,191,6229,131,9873,422,10424,104,9040,328,9469,180,10474,358,11016,228,9379,311,9915,357,6822,243,7420,676,3489,175,4347,800,927,95,1820,3011,74782,2722,80517,15,3117,107,3246,151,9483,275,9907,87,5595,170,5853,95,5789,196,6075,149,10087,377,10620,115,10485,334,10937,186,12235,384,12800,304,10214,317,10831,510,7691,294,8499,1075,4169,243,5479,1828,1126,190,3143,4506,79989,2890,87386,68,6354,231,6653,450,19239,591,20281,182,11429,337,11950,178,11741,384,12306,279,19959,803,21044,218,19525,663,20408,366,22708,739,23812,530,19590,625,20747,864,14510,541,15917,1754,7659,419,9829,2628,2054,281,4961,7516,154778,5609,167900
20702,32,2151,90,2276,257,5360,177,5802,94,2610,91,2794,53,2853,92,3000,80,5417,191,5686,84,5999,211,6292,109,5654,193,5953,183,5299,156,5640,310,4101,140,4552,695,2977,149,3815,755,759,100,1615,2655,43182,1593,47425,18,2145,99,2264,107,5126,142,5374,46,2426,51,2520,48,2485,75,2616,72,5490,201,5758,93,6614,246,6953,133,6211,208,6555,281,6018,179,6478,527,4947,173,5647,1161,3261,173,4606,1313,738,139,2192,3800,45468,1691,50961,49,4302,194,4539,363,10484,318,11172,139,5040,142,5320,105,5339,170,5613,149,10903,389,11449,177,12613,460,13247,247,11862,397,12510,462,11320,336,12114,839,9055,310,10197,1859,6235,322,8421,2068,1500,239,3807,6453,88643,3286,98386
20703,25,2254,72,2361,254,5441,188,5881,105,3019,93,3217,93,4405,287,4782,103,7675,492,8267,106,6532,267,6903,144,6277,236,6661,211,5239,188,5637,312,3651,178,4138,479,2090,127,2690,564,669,92,1325,2391,47254,2221,51864,13,2097,82,2192,121,5469,159,5746,55,3071,100,3230,66,4060,237,4362,103,7488,430,8014,115,6952,239,7312,212,7078,213,7502,252,5746,196,6192,474,4341,175,4994,887,2571,145,3604,1136,869,174,2181,3434,49746,2142,55325,39,4355,152,4553,369,10906,347,11622,157,6092,191,6446,158,8466,528,9154,204,15159,917,16286,226,13490,506,14215,352,13357,454,14161,457,10986,385,11831,783,7995,358,9132,1368,4659,265,6292,1703,1542,265,3502,5827,97005,4362,107187
20801,18,2132,54,2208,173,6303,289,6770,81,3408,108,3596,52,2634,84,2766,77,3564,164,3806,68,5147,229,5443,104,7253,284,7639,155,6363,186,6700,233,4710,181,5125,400,2545,153,3097,466,664,100,1225,1816,44727,1832,48378,17,2157,70,2246,88,6112,260,6461,62,3198,110,3369,41,2341,57,2442,76,3869,162,4101,82,6051,233,6372,108,8228,282,8621,213,6902,225,7337,350,5361,241,5952,692,2950,197,3838,1193,817,182,2201,2918,47994,2019,52930,39,4291,125,4450,259,12421,543,13225,140,6607,217,6965,86,4978,143,5212,153,7428,328,7912,154,11200,465,11814,207,15482,567,16260,364,13261,416,14041,585,10075,420,11081,1095,5492,347,6937,1659,1482,279,3422,4734,92719,3854,101306
20802,36,4007,112,4159,337,9168,314,9820,106,4233,118,4455,96,4741,217,5054,124,11010,540,11679,125,10592,391,11102,189,9763,324,10285,239,7705,236,8184,455,5675,237,6366,693,2454,148,3293,702,700,86,1481,3103,70051,2724,75881,33,3808,126,3969,155,8841,315,9306,78,4057,134,4266,79,4718,183,4988,146,11364,507,12020,159,11317,402,11880,226,10627,344,11197,326,8189,251,8767,620,6264,312,7194,1135,2947,216,4300,1549,936,222,2706,4503,73066,3024,80593,65,7816,240,8126,488,18009,630,19129,181,8287,257,8722,175,9461,409,10041,276,22379,1043,23697,279,21911,791,22987,414,20395,667,21477,569,15894,490,16955,1069,11938,552,13559,1827,5401,363,7592,2255,1633,301,4193,7604,143114,5753,156469
20803,53,3298,115,3474,342,7068,242,7651,120,3203,109,3430,80,2860,111,3047,143,6552,319,7010,148,8109,308,8568,190,8320,288,8794,268,6708,248,7227,376,4727,203,5304,597,2372,164,3138,520,633,84,1235,2834,53847,2187,58875,31,3197,116,3349,189,6838,238,7264,90,3187,93,3369,48,2827,91,2968,121,7115,307,7538,182,8927,297,9408,251,9125,280,9653,382,7208,263,7848,563,5465,251,6274,909,2886,188,3979,1192,857,118,2172,3954,57629,2232,63821,84,6498,236,6821,531,13904,483,14912,213,6392,200,6799,131,5685,197,6011,262,13664,623,14549,329,17038,606,17974,439,17442,567,18452,654,13913,504,15074,939,10188,451,11578,1503,5259,353,7119,1708,1497,207,3404,6787,111477,4425,122693
20804,11,928,38,971,76,2228,70,2374,27,1230,31,1294,14,1497,46,1562,36,2896,162,3089,25,2482,106,2613,46,2617,84,2745,42,2135,74,2245,78,1563,62,1701,185,922,50,1157,209,223,36,467,738,18724,759,20222,0,848,47,898,24,2149,76,2245,29,1276,30,1333,18,1528,39,1586,31,2956,124,3116,31,2644,92,2762,50,2976,60,3086,56,2412,76,2544,113,1953,77,2148,311,1034,60,1400,463,299,74,834,1129,20068,745,21944,9,1772,85,1863,99,4375,147,4617,56,2505,61,2629,34,3023,89,3144,67,5851,285,6204,52,5130,197,5375,89,5592,141,5830,103,4549,147,4796,191,3522,143,3849,495,1959,109,2560,676,524,107,1307,1864,38791,1504,42162
20901,40,3469,117,3625,375,7197,257,7827,147,3343,136,3621,92,3387,153,3625,182,7457,342,7983,176,8336,325,8836,255,7716,257,8224,346,6422,242,7010,461,5234,194,5883,593,2750,138,3487,587,624,73,1279,3248,55929,2229,61405,25,3295,102,3426,198,7113,238,7556,94,3024,94,3207,70,3193,116,3380,158,7803,306,8269,166,8853,311,9329,249,8174,265,8698,381,7268,210,7849,594,5968,246,6811,986,3062,149,4194,1265,737,126,2121,4178,58495,2168,64835,70,6766,216,7052,573,14308,497,15381,244,6365,227,6832,157,6583,266,7008,337,15262,653,16254,335,17189,637,18164,500,15889,523,16921,725,13688,448,14862,1050,11199,442,12694,1579,5807,289,7678,1844,1360,197,3400,7419,114421,4400,126236
20902,36,2570,145,2750,244,4215,223,4677,80,1956,118,2152,83,3068,209,3361,134,8430,487,9052,149,6929,390,7472,251,5672,284,6207,324,4142,234,4699,457,2601,188,3245,634,1430,142,2207,562,406,109,1070,2949,41420,2517,46887,24,2417,117,2553,107,4027,216,4356,59,1932,115,2104,63,2939,152,3153,177,8350,442,8970,183,7124,329,7637,262,5829,282,6375,442,4375,206,5027,554,2978,164,3705,1052,1644,155,2846,1033,462,198,1691,3963,42073,2371,48409,59,4990,258,5305,354,8238,436,9028,133,3884,231,4256,145,6002,362,6512,317,16780,929,18020,336,14056,717,15112,509,11506,567,12577,768,8523,439,9727,1012,5584,351,6946,1687,3071,297,5050,1591,865,312,2765,6908,83497,4893,95299
20903,28,1673,38,1741,201,4238,182,4616,86,2356,80,2521,65,2020,65,2143,84,2838,83,3007,74,3690,149,3912,76,4851,180,5109,134,4587,164,4886,184,3169,138,3491,219,1244,75,1534,148,168,33,352,1297,30834,1182,33311,15,1638,53,1712,118,4106,141,4359,75,2201,61,2333,33,1804,42,1879,63,2852,96,3008,63,4093,141,4287,106,5201,176,5488,143,4740,189,5070,210,3246,122,3585,268,1175,69,1514,321,182,42,549,1416,31238,1139,33791,48,3310,93,3453,314,8339,322,8978,159,4558,139,4859,94,3823,107,4022,150,5691,178,6015,139,7778,285,8200,184,10052,357,10593,278,9327,355,9954,390,6415,260,7072,482,2417,142,3050,469,354,76,906,2709,62073,2321,67105
20904,168,9030,485,9688,1021,16461,920,18395,298,6802,376,7481,229,7553,455,8242,339,18096,1027,19460,399,19125,875,20395,630,13783,702,15115,898,10502,513,11912,1192,7201,383,8774,1230,2927,297,4451,726,485,154,1366,7130,111968,6185,125279,94,8342,466,8898,488,15924,906,17318,180,6455,343,6979,147,6977,340,7458,304,18902,955,20153,454,19032,860,20344,761,14178,586,15522,1158,11395,500,13049,1627,7849,394,9870,1830,2895,349,5074,1308,456,310,2070,8345,112405,5994,126744,262,17374,955,18583,1503,32381,1826,35710,478,13260,718,14463,374,14531,798,15702,637,36998,1979,39618,852,38159,1731,40738,1390,27964,1285,30640,2051,21901,1010,24959,2824,15045,779,18646,3059,5822,650,9527,2037,936,461,3439,15467,224376,12177,252026
21001,34,1590,68,1690,189,3507,128,3818,62,1747,53,1863,40,1650,51,1744,65,3263,173,3504,71,3803,136,4014,91,3970,146,4211,139,3151,115,3395,291,2452,79,2824,517,1574,87,2178,477,364,38,872,1972,27064,1079,30112,7,1443,56,1515,87,3373,135,3597,25,1635,46,1702,25,1456,42,1523,69,3237,127,3437,66,3976,149,4194,99,4164,141,4402,194,3495,101,3796,368,3031,109,3511,858,1692,118,2670,802,368,57,1229,2609,27878,1088,31572,39,3040,125,3204,278,6875,264,7419,82,3376,105,3573,63,3106,98,3264,132,6501,302,6936,140,7786,286,8213,190,8129,290,8613,331,6647,215,7191,660,5489,187,6337,1382,3262,207,4844,1281,733,92,2104,4576,54940,2168,61687
21002,16,925,28,966,163,2243,118,2523,53,1078,56,1181,24,722,36,783,37,1369,70,1474,38,1932,91,2056,42,2209,123,2368,66,2034,123,2229,97,1508,88,1697,120,716,49,885,83,83,11,176,741,14810,796,16345,21,949,31,1000,72,2216,95,2385,32,952,61,1040,16,631,45,684,26,1459,63,1543,42,2186,107,2324,56,2388,127,2575,83,2044,98,2218,107,1595,92,1791,143,625,42,815,146,89,12,241,736,15124,763,16619,36,1871,58,1965,239,4454,218,4908,83,2024,115,2219,41,1355,79,1473,59,2829,132,3020,78,4114,192,4386,95,4597,249,4939,146,4078,225,4451,206,3106,179,3491,266,1346,91,1700,221,167,26,418,1475,29938,1564,32969
21003,40,2636,151,2830,232,4172,300,4700,82,1764,114,1957,63,2651,195,2908,90,7114,504,7707,128,6070,370,6567,183,4204,271,4657,266,3187,168,3612,317,1826,122,2267,468,1024,106,1594,593,370,94,1054,2458,35021,2389,39863,29,2542,174,2742,134,4028,306,4468,39,1632,94,1767,39,2301,128,2472,120,6873,442,7434,117,5943,314,6375,220,4343,226,4785,318,3336,165,3824,443,2093,138,2674,913,1323,151,2380,1103,467,182,1752,3470,34889,2317,40679,70,5175,323,5570,368,8204,598,9171,122,3399,207,3730,102,4955,327,5381,211,13988,941,15141,242,12008,687,12942,405,8545,495,9447,578,6525,332,7441,763,3925,259,4939,1378,2347,258,3977,1692,836,278,2805,5926,69911,4702,80537
21004,32,1387,44,1465,300,2544,142,2986,83,1220,79,1380,58,1282,66,1401,72,3117,178,3361,66,2825,158,3050,83,2636,125,2842,124,2392,113,2624,199,1599,76,1871,171,632,39,843,126,121,15,266,1307,19758,1030,22091,18,1335,67,1416,146,2495,164,2805,69,1147,53,1266,52,1191,50,1290,81,3268,146,3487,71,2969,139,3178,111,2861,143,3114,159,2619,107,2884,229,1791,83,2101,260,689,48,994,270,132,23,425,1465,20489,1018,22966,53,2723,105,2881,452,5041,301,5794,146,2367,129,2643,104,2467,119,2698,147,6387,323,6854,131,5793,295,6225,191,5499,267,5955,283,5005,223,5513,426,3393,158,3979,428,1321,87,1834,399,252,41,689,2764,40253,2047,45064
21005,130,7861,559,8552,890,13902,1038,15831,256,5905,400,6560,196,6708,467,7372,320,15648,1174,17143,443,14671,1012,16128,729,10003,694,11420,1193,8123,533,9849,1214,4518,284,6013,1014,1764,158,2936,402,273,50,732,6787,89379,6371,102527,89,7278,560,7920,411,13500,985,14895,157,5709,355,6215,127,6293,384,6805,245,16115,1027,17387,471,14306,949,15719,972,10255,640,11861,1362,8011,495,9870,1623,4655,301,6581,1391,1627,200,3219,713,269,90,1065,7554,88008,5978,101540,216,15137,1119,16474,1298,27401,2019,30727,412,11613,751,12778,323,12997,853,14174,571,31760,2203,34528,913,28971,1960,31844,1696,20264,1330,23282,2556,16132,1026,19715,2835,9174,584,12596,2399,3393,358,6151,1115,545,143,1797,14345,177385,12347,204071
21101,64,4077,143,4288,544,8899,324,9777,209,4486,149,4845,149,4716,169,5036,234,9387,415,10030,228,10270,386,10880,271,9757,325,10358,384,9187,273,9839,589,6692,240,7524,786,3067,203,4050,596,643,102,1336,4050,71182,2732,77961,41,3962,147,4141,292,8300,321,8913,128,4205,144,4477,114,4359,161,4627,234,9588,376,10194,245,10783,371,11402,330,10585,284,11200,474,9926,288,10693,748,7471,266,8481,1214,3417,226,4857,1302,723,178,2203,5114,73316,2750,81180,107,8032,291,8431,837,17203,645,18688,336,8692,291,9320,260,9072,333,9661,468,18978,786,20226,472,21050,755,22278,600,20343,612,21558,863,19115,563,20534,1332,14165,506,16008,2000,6479,422,8903,1894,1367,277,3539,9170,144496,5486,159148
21102,4,474,15,497,70,1617,44,1739,28,1051,18,1095,25,863,22,914,15,903,30,946,11,1244,39,1292,27,1940,64,2036,47,1795,51,1888,83,1258,54,1396,130,656,26,810,142,144,20,313,583,11951,391,12924,3,481,25,508,43,1586,62,1688,21,936,26,978,11,806,24,835,18,902,31,951,26,1426,41,1491,32,2146,57,2235,62,1810,55,1926,98,1342,42,1481,209,679,40,923,258,153,33,437,771,12264,429,13457,5,956,38,1002,110,3206,103,3420,49,1984,46,2076,33,1670,45,1751,33,1807,56,1898,39,2667,86,2789,57,4086,126,4272,110,3610,106,3820,181,2599,98,2877,337,1333,67,1735,402,295,50,749,1353,24210,820,26386
21103,55,3332,93,3484,503,6542,232,7276,154,3136,100,3399,109,3108,114,3325,179,6816,275,7264,190,7659,278,8125,206,6907,257,7367,301,5941,210,6455,389,4308,159,4857,465,2260,143,2866,457,509,85,1050,2996,50518,1945,55463,37,3211,95,3346,282,6321,216,6822,100,2879,82,3060,95,2912,85,3094,179,7292,258,7735,187,8162,308,8658,302,7433,213,7943,380,6514,217,7107,534,5161,177,5867,792,2676,207,3680,946,676,203,1825,3826,53236,2054,59114,97,6539,192,6828,789,12863,446,14092,247,6020,181,6454,201,6018,199,6419,364,14106,534,14998,376,15823,586,16781,503,14337,468,15307,681,12453,425,13555,922,9476,334,10729,1256,4942,352,6543,1400,1188,286,2874,6824,103755,4005,114579
21104,25,1635,47,1699,176,3577,109,3862,72,1774,51,1900,33,1833,67,1931,66,3523,138,3723,70,4179,139,4390,91,3918,133,4142,136,3077,88,3303,228,2500,100,2828,304,1497,85,1885,307,365,79,755,1510,27891,1031,30431,15,1520,56,1590,80,3593,103,3771,29,1618,36,1686,35,1600,52,1689,65,3535,112,3713,74,4598,156,4831,133,4205,114,4453,197,3380,93,3674,323,2925,104,3356,522,1849,135,2508,596,455,176,1225,2073,29279,1150,32502,41,3156,101,3295,257,7169,217,7638,107,3390,81,3582,67,3436,124,3621,130,7064,252,7442,145,8778,294,9221,227,8125,242,8593,335,6460,185,6971,553,5428,208,6188,828,3344,222,4398,906,826,253,1983,3589,57168,2181,62935
21105,84,4603,162,4842,672,9124,395,10191,251,4432,212,4895,179,4088,195,4464,236,8804,390,9434,182,9275,387,9846,316,9636,454,10409,412,8964,401,9777,534,6895,298,7723,648,3246,213,4103,453,557,66,1081,3969,69617,3174,76764,45,4237,146,4422,354,8759,337,9446,161,4145,185,4489,125,3911,143,4172,215,9059,367,9636,267,9817,383,10465,357,10151,422,10930,478,9533,379,10389,651,7575,321,8547,898,3327,173,4398,880,621,91,1587,4427,71128,2936,78492,126,8836,306,9269,1027,17878,727,19636,413,8573,394,9381,304,7995,342,8637,451,17862,756,19073,444,19097,766,20308,676,19783,879,21344,893,18489,781,20163,1184,14470,616,16273,1545,6570,387,8503,1339,1179,155,2672,8394,140747,6113,155256
21201,95,4343,217,4645,644,7926,518,9091,156,3438,211,3805,104,3293,190,3591,140,8299,486,8924,157,8071,444,8678,176,6534,376,7083,259,5115,258,5632,367,3535,215,4110,418,1669,130,2212,252,293,53,595,2769,52511,3087,58360,57,4165,230,4452,277,7829,491,8607,114,3180,203,3499,67,3262,160,3486,179,9007,504,9687,192,8227,427,8844,265,6789,362,7412,335,5416,296,6049,452,3952,214,4615,549,1731,155,2433,480,321,102,897,2964,53874,3143,59981,150,8504,448,9104,929,15754,1012,17690,273,6616,417,7301,173,6548,349,7073,313,17302,993,18610,345,16299,870,17520,438,13320,736,14493,593,10525,556,11675,816,7487,424,8722,965,3397,281,4646,733,606,149,1493,5730,106377,6230,118342
21202,65,3902,268,4231,466,8580,507,9552,184,4230,254,4661,122,4440,267,4831,190,8450,590,9226,213,8880,507,9600,306,8211,405,8927,437,7343,336,8105,638,4586,237,5455,682,1958,156,2794,450,385,62,899,3753,60961,3582,68289,53,3692,256,3997,232,8322,503,9049,111,3994,201,4307,96,3970,214,4279,180,8370,541,9097,232,9136,456,9829,405,8562,427,9388,609,7455,318,8381,801,4832,266,5896,998,2049,193,3235,922,496,112,1533,4644,60866,3483,68997,116,7594,519,8231,698,16899,1007,18604,296,8220,456,8969,218,8411,483,9110,373,16821,1134,18322,450,18009,968,19428,712,16770,831,18323,1045,14792,656,16492,1437,9420,498,11354,1677,4003,346,6024,1376,884,174,2428,8396,121829,7064,137287
21203,187,9340,552,10072,998,16811,1020,18822,266,6615,338,7215,240,7065,427,7736,315,16612,986,17910,323,18285,885,19497,455,12401,605,13457,635,8727,449,9815,742,4886,250,5879,662,1884,135,2676,277,343,44,668,5098,102965,5686,113748,87,8908,542,9531,432,16429,914,17786,200,6450,330,6976,150,6967,343,7460,280,18150,1025,19453,370,17891,824,19086,610,12309,560,13476,843,8629,426,9900,950,5190,278,6414,915,1936,159,3010,671,363,80,1115,5501,103213,5486,114202,269,18249,1089,19607,1429,33238,1932,36606,466,13059,662,14189,390,14032,771,15196,594,34762,2013,37361,689,36173,1716,38576,1058,24705,1166,26931,1480,17356,876,19713,1700,10075,529,12305,1578,3813,292,5685,946,708,119,1779,10603,206183,11167,227950
21204,85,5353,426,5865,453,9901,645,11003,172,4915,254,5343,130,6713,468,7317,285,16183,1245,17710,332,13032,849,14216,474,10446,596,11518,809,8960,544,10304,1136,6631,370,8132,1378,3286,262,4931,940,690,98,1737,6201,86109,5766,98076,41,5124,380,5545,210,9702,556,10469,92,4667,283,5044,94,5991,328,6410,197,14265,911,15371,312,12557,745,13610,570,10237,543,11349,1020,8966,480,10470,1477,7156,407,9038,2030,3276,284,5590,1747,771,149,2660,7789,82716,5060,95568,124,10475,811,11413,662,19605,1206,21469,268,9577,536,10386,219,12700,801,13723,486,30446,2151,33086,646,25590,1595,27822,1046,20682,1139,22866,1825,17932,1023,20781,2616,13784,777,17176,3409,6563,540,10518,2686,1468,248,4396,13987,168821,10824,193644
21205,55,3942,188,4187,364,9773,398,10537,153,5186,188,5522,106,7867,509,8481,194,14007,961,15163,159,11445,540,12151,241,10262,399,10904,349,8542,309,9198,585,6376,255,7217,1110,3994,280,5384,1114,1113,204,2433,4437,82522,4232,91189,34,3715,169,3914,168,9219,375,9764,75,4910,182,5168,92,6689,345,7124,143,11998,686,12830,183,11994,479,12651,276,11058,395,11735,478,9101,294,9873,869,7347,300,8521,1799,4421,292,6515,1979,1250,334,3560,6094,81692,3860,91650,88,7657,355,8099,527,18994,775,20297,225,10096,372,10691,195,14555,860,15607,340,26005,1649,27994,344,23441,1016,24798,522,21324,795,22637,828,17646,602,19073,1461,13725,554,15737,2903,8415,574,11896,3091,2363,534,5990,10527,164218,8094,182833
21301,95,4916,451,5458,683,9709,861,11248,207,4822,371,5395,177,6137,513,6828,285,13976,1258,15519,332,11454,967,12752,459,10098,730,11291,847,9431,604,10879,1367,6566,428,8362,1369,2601,294,4264,720,428,128,1280,6546,80136,6600,93284,59,4637,409,5105,271,9480,777,10528,136,4787,317,5236,101,5651,378,6133,251,12910,1037,14192,335,11515,832,12678,554,10886,667,12105,1040,9550,541,11135,1654,6810,412,8876,1986,2438,274,4697,1444,401,247,2096,7829,79065,5895,92785,155,9545,859,10560,949,19190,1640,21780,342,9601,683,10631,282,11793,890,12962,526,26882,2296,29712,669,22964,1802,25432,1018,20983,1393,23403,1885,18982,1149,22022,3020,13370,846,17238,3354,5043,567,8959,2168,831,376,3377,14377,159198,12499,186067
21302,45,2683,149,2876,316,4822,267,5401,82,1999,108,2186,52,1983,108,2144,93,5007,334,5431,96,6111,346,6547,151,5570,254,5973,242,4741,207,5192,402,3121,147,3668,492,1416,85,1988,405,328,34,778,2368,37775,2037,42182,29,2441,122,2590,130,4941,252,5320,63,1952,87,2102,44,1848,86,1978,106,5323,326,5757,116,6541,297,6952,195,5985,262,6444,314,4919,179,5414,540,3411,163,4111,804,1544,109,2448,821,402,66,1286,3167,39292,1957,44406,75,5119,273,5466,443,9761,513,10719,140,3952,192,4289,98,3830,194,4122,199,10327,664,11195,210,12648,639,13504,351,11551,520,12418,561,9654,394,10604,943,6536,307,7780,1293,2955,189,4441,1230,729,101,2064,5536,77064,3989,86589
21303,29,2418,101,2550,214,3944,230,4387,68,1559,95,1723,51,2616,183,2853,104,9003,640,9751,94,7197,413,7715,157,4995,290,5444,260,3534,251,4048,335,2049,170,2551,375,740,80,1197,275,193,37,500,1958,38246,2506,42713,28,2259,110,2395,104,3644,188,3930,45,1587,76,1707,42,2522,157,2725,159,8796,548,9507,132,7059,350,7546,162,5089,243,5489,295,3683,202,4179,447,2131,130,2702,614,774,87,1476,531,241,78,846,2568,37769,2170,42498,58,4673,219,4942,319,7588,422,8321,110,3148,171,3426,92,5138,337,5577,268,17795,1195,19257,228,14259,773,15258,326,10080,525,10931,556,7211,458,8225,781,4170,295,5253,993,1509,170,2669,803,428,120,1348,4523,76016,4673,85209
21304,162,7288,491,7939,1108,14214,947,16271,340,5762,380,6478,173,5617,607,6400,293,13027,1552,14871,299,14875,1358,16531,449,11282,850,12580,556,7332,493,8373,908,4874,306,6094,744,1713,166,2624,276,239,64,578,5291,86219,7216,98729,78,7156,434,7668,575,14200,981,15752,205,5719,355,6279,129,5338,342,5812,291,14404,1043,15734,370,15256,932,16560,582,11315,622,12518,768,7682,436,8885,1113,5309,296,6712,941,1685,166,2792,593,331,66,988,5654,88387,5664,99709,234,14441,931,15606,1689,28412,1927,32022,541,11485,732,12758,302,10954,950,12207,579,27425,2594,30609,667,30129,2290,33096,1028,22599,1471,25099,1321,15011,926,17257,2025,10179,603,12804,1684,3396,337,5409,865,576,131,1565,10945,174610,12884,198439
21305,244,12438,950,13625,1415,21903,1605,24929,415,7483,551,8452,248,8897,867,10004,336,22778,2130,25242,367,27685,1887,29935,414,14850,971,16235,605,9694,585,10887,863,5851,360,7075,739,1978,181,2893,331,269,74,677,5964,133833,10159,149962,143,11750,883,12782,626,21414,1498,23535,211,7069,475,7757,154,7759,551,8463,347,24957,1705,27010,459,25924,1508,27894,686,14175,772,15635,871,10223,501,11592,1106,6159,345,7610,1027,2066,191,3280,767,323,134,1223,6396,131828,8564,146783,388,24195,1825,26413,2041,43320,3111,48469,631,14551,1028,16203,398,16652,1415,18465,679,47735,3831,52248,836,53608,3393,57834,1095,29023,1746,31868,1477,19917,1085,22475,1967,12016,707,14687,1758,4044,372,6174,1097,595,209,1904,12366,265659,18726,296748
21401,107,4010,225,4342,701,7699,473,8875,222,3704,204,4132,158,3538,198,3893,242,8525,539,9306,263,8747,538,9551,337,8423,562,9322,426,7312,444,8179,617,5142,302,6062,585,2490,194,3272,464,549,100,1106,4119,60129,3781,68038,55,3986,216,4259,363,7526,469,8363,145,3324,229,3696,120,3536,201,3863,239,8986,548,9767,285,9342,519,10147,430,8785,451,9666,606,7806,336,8752,731,5830,296,6858,892,2827,252,3965,1027,702,186,1913,4893,62649,3692,71240,165,7994,442,8599,1064,15228,946,17235,370,7025,432,7827,280,7071,401,7760,480,17513,1088,19076,548,18086,1059,19695,768,17206,1009,18983,1029,15119,784,16928,1351,10976,589,12919,1472,5318,448,7236,1491,1242,276,3017,9014,122784,7480,139281
21402,81,3858,191,4130,589,8867,586,10039,203,4581,242,5022,131,3734,176,4046,170,6570,425,7167,206,7691,501,8398,315,9741,618,10675,401,9967,591,10959,675,10039,594,11310,1037,5904,440,7383,918,1387,258,2561,4723,72334,4622,81681,39,3568,191,3794,279,8713,564,9552,139,4205,247,4592,74,3312,210,3595,167,6819,396,7390,228,8695,515,9433,373,10961,609,11941,563,11075,605,12245,767,11394,644,12807,1532,6393,528,8453,1642,1466,363,3467,5807,76599,4867,87267,117,7431,377,7922,868,17575,1143,19591,344,8782,483,9616,207,7045,387,7640,343,13395,818,14555,434,16382,1018,17834,688,20700,1231,22616,965,21038,1197,23203,1446,21433,1238,24115,2572,12295,969,15833,2555,2848,618,6029,10533,148934,9487,168948
21501,29,1426,89,1542,243,3057,259,3554,68,1436,134,1645,63,1311,134,1510,105,3011,422,3541,134,2614,381,3134,166,3009,374,3547,300,3977,374,4646,346,3436,356,4137,341,1707,222,2270,301,415,115,836,2094,25400,2873,30363,11,1484,94,1592,101,2889,190,3187,52,1323,104,1485,44,1219,84,1348,89,3068,193,3353,110,2762,194,3066,194,3304,235,3731,303,3901,248,4451,361,3337,244,3942,453,1873,218,2542,595,514,176,1287,2316,25678,1978,29974,41,2908,180,3131,344,5943,450,6739,122,2765,240,3127,104,2530,220,2859,194,6083,620,6896,245,5379,570,6198,365,6308,607,7280,602,7876,617,9097,709,6770,602,8082,794,3575,440,4811,895,929,298,2123,4417,51070,4851,60340
21502,32,1477,138,1638,263,3142,330,3743,101,1447,136,1680,84,1441,128,1650,107,3361,307,3774,92,2841,303,3238,169,2976,301,3438,241,3088,290,3618,353,2424,240,3016,328,1207,135,1677,258,254,55,568,2028,23654,2354,28040,21,1473,133,1617,138,3100,315,3547,50,1416,133,1600,39,1370,113,1526,81,3458,314,3851,85,3093,308,3481,179,3213,244,3636,292,3223,245,3765,341,2564,218,3121,474,1237,123,1834,553,340,67,956,2249,24472,2209,28932,48,2943,267,3260,407,6241,642,7288,145,2862,268,3279,122,2810,244,3176,184,6819,623,7619,176,5932,612,6720,346,6191,541,7076,541,6308,538,7383,695,4985,453,6137,805,2446,259,3505,808,591,122,1526,4277,48126,4566,56972
21503,14,949,73,1034,147,1929,238,2313,52,905,97,1058,31,865,88,985,51,1990,210,2251,49,1838,198,2090,79,1942,188,2209,152,2439,245,2841,241,2136,212,2587,247,1048,100,1396,165,266,63,493,1230,16314,1707,19246,6,944,90,1043,66,1941,218,2222,23,783,77,878,20,790,68,876,48,2021,187,2252,51,1842,194,2084,95,1963,159,2219,158,2386,194,2734,212,1983,160,2356,293,1130,120,1540,362,323,113,797,1339,16098,1574,19013,23,1891,162,2079,210,3872,453,4535,70,1692,169,1935,52,1652,159,1862,103,4012,395,4503,106,3684,391,4175,175,3905,352,4431,310,4824,441,5575,452,4118,368,4945,542,2175,223,2936,527,591,174,1297,2569,32407,3281,38264
21601,17,897,79,991,182,2042,173,2396,61,1058,81,1196,52,845,52,950,66,1687,149,1905,76,1648,124,1848,102,2114,182,2397,167,2493,172,2833,263,2146,188,2597,271,1172,134,1579,196,259,58,507,1436,16359,1395,19192,16,869,72,958,89,2069,151,2302,39,930,65,1034,29,853,51,935,54,1816,140,2012,70,1845,141,2059,114,2293,143,2544,182,2550,165,2900,210,2185,169,2564,314,1182,134,1629,329,300,134,765,1434,16898,1367,19703,32,1762,150,1946,269,4108,327,4699,97,1987,147,2226,80,1699,105,1881,118,3506,287,3910,147,3496,266,3906,215,4407,328,4947,349,5050,336,5730,472,4330,357,5159,582,2352,274,3205,525,557,193,1276,2870,33250,2764,38889
21602,10,670,75,755,112,1577,146,1842,52,747,67,867,29,605,44,677,47,1344,118,1508,51,1320,125,1490,78,1603,128,1812,169,1857,144,2173,222,1911,137,2274,245,1046,108,1393,157,240,37,441,1179,12918,1136,15234,13,676,44,725,57,1523,145,1728,21,702,56,777,17,563,41,625,34,1390,122,1549,51,1374,122,1548,97,1631,120,1852,130,1983,121,2230,225,1939,139,2302,270,978,91,1342,300,254,53,614,1212,13015,1065,15286,23,1340,116,1478,174,3105,293,3570,70,1450,122,1644,46,1173,88,1307,81,2737,244,3055,103,2692,245,3039,178,3233,253,3661,300,3845,262,4402,452,3849,276,4581,513,2017,199,2735,459,498,94,1050,2390,25932,2199,30522
21603,36,1962,152,2151,344,3989,389,4724,116,1890,179,2180,79,1688,184,1957,107,3803,430,4341,130,3449,376,3954,210,3699,362,4276,320,3499,325,4146,344,2918,244,3505,404,1459,176,2036,268,317,64,645,2359,28679,2879,33914,32,1746,152,1920,151,3873,360,4383,60,1734,134,1931,65,1667,143,1876,107,4073,349,4536,140,3722,338,4197,249,3717,263,4228,315,3721,292,4328,389,3073,224,3683,519,1523,176,2213,547,359,96,1001,2563,29196,2530,34293,69,3706,304,4078,499,7858,743,9111,171,3624,315,4109,147,3359,329,3830,215,7877,780,8876,263,7168,714,8147,456,7416,622,8499,634,7216,619,8472,728,5987,469,7190,922,2985,347,4253,816,673,162,1648,4925,57873,5412,68206
21701,11,829,63,909,146,1817,161,2124,53,957,66,1083,39,776,53,863,54,1596,119,1765,61,1588,132,1785,111,2023,144,2275,156,2503,162,2821,229,2345,169,2748,220,1073,103,1389,177,223,41,429,1258,15723,1223,18201,7,808,64,877,68,1798,145,2008,38,879,53,976,23,680,49,753,58,1600,97,1766,65,1761,146,1966,109,2169,129,2405,201,2563,153,2916,210,2309,146,2664,304,1100,97,1498,365,308,75,751,1450,15984,1158,18592,19,1633,129,1785,209,3616,305,4135,91,1837,128,2057,55,1456,101,1622,118,3198,215,3532,127,3348,276,3756,216,4190,274,4688,354,5064,321,5738,444,4661,315,5411,522,2175,200,2898,543,529,115,1184,2707,31708,2381,36792
21703,9,891,75,976,140,2035,181,2354,54,1009,86,1150,29,873,55,960,74,1877,170,2120,67,1789,146,2003,112,2107,179,2397,171,2493,197,2866,203,2251,173,2629,243,1085,89,1416,167,239,45,450,1262,16655,1401,19320,4,828,54,891,70,1939,167,2179,32,903,68,993,15,742,46,807,56,1833,134,2023,78,1840,145,2053,111,2210,155,2472,165,2564,156,2890,197,2247,158,2599,269,1180,98,1550,363,289,66,721,1366,16564,1246,19176,16,1719,133,1866,211,3967,349,4532,82,1911,152,2142,46,1616,103,1766,124,3714,296,4143,146,3628,290,4060,224,4312,333,4872,338,5060,358,5753,402,4494,329,5227,513,2267,190,2972,530,532,111,1171,2631,33222,2645,38497
21704,22,1307,96,1421,203,3068,216,3487,74,1405,113,1589,55,1138,85,1280,96,2790,180,3060,84,2631,224,2937,109,2907,205,3226,161,3030,177,3366,221,2755,175,3147,243,1237,96,1575,208,271,43,530,1480,22535,1603,25622,16,1273,78,1360,111,2913,188,3213,60,1414,95,1569,43,1171,68,1278,81,2926,171,3171,80,2910,179,3170,121,3188,180,3491,179,3462,186,3829,266,2870,160,3295,310,1411,129,1857,461,338,110,915,1724,23878,1554,27155,32,2576,173,2788,318,5977,408,6702,129,2821,204,3156,99,2308,150,2560,172,5712,349,6237,164,5540,399,6106,230,6096,388,6714,339,6494,364,7198,483,5625,338,6448,559,2645,228,3430,676,612,161,1445,3203,46414,3154,52777
29797,0,0,0,0,0,0,0,0,0,0,0,0,0,0,0,0,0,0,0,6,0,4,9,16,0,0,3,3,0,3,7,10,0,0,0,4,0,0,0,0,0,0,0,0,0,11,24,36,0,0,0,0,0,0,0,0,0,0,0,0,0,0,0,0,0,0,0,0,0,0,0,0,0,0,0,0,0,0,3,6,0,0,0,0,0,0,0,0,0,0,0,0,0,0,3,6,0,0,0,0,0,0,0,0,0,0,0,0,0,0,0,0,0,0,0,6,0,4,9,16,0,0,3,3,0,6,9,14,0,0,0,4,0,0,0,0,0,0,0,0,0,13,27,38
29999,6,129,88,222,37,179,152,370,15,129,87,234,20,214,120,345,24,527,382,939,42,449,519,1008,63,397,458,912,46,315,283,644,21,232,134,392,12,61,25,90,4,3,8,15,287,2640,2243,5170,3,117,66,189,21,192,146,361,9,139,83,229,9,223,96,321,33,548,301,878,48,342,337,730,58,238,185,479,33,285,112,429,15,142,61,224,14,45,5,58,7,9,8,19,252,2271,1398,3915,11,247,154,414,59,373,301,730,27,267,173,459,27,431,208,671,59,1075,684,1819,90,791,858,1736,116,638,637,1393,78,599,397,1074,38,380,194,613,25,102,27,152,9,10,11,29,536,4909,3641,9089
