SA4_CODE_2021,M15_19_Managers,M15_19_Professionals,M15_19_TechnicTrades_Wrs,M15_19_CommunPersnlSvc_W,M15_19_ClericalAdminis_W,M15_19_Sales_W,M15_19_Mach_oper_drivers,M15_19_Labourers,M15_19_Occu_ID_NS,M15_19_Tot,M20_24_Managers,M20_24_Professionals,M20_24_TechnicTrades_W,M20_24_CommunPersnlSvc_W,M20_24_ClericalAdminis_W,M20_24_Sales_W,M20_24_Mach_oper_drivers,M20_24_Labourers,M20_24_Occu_ID_NS,M20_24_Tot,M25_34_Managers,M25_34_Professionals,M25_34_TechnicTrades_W,M25_34_CommunPersnlSvc_W,M25_34_ClericalAdminis_W,M25_34_Sales_W,M25_34_Mach_oper_drivers,M25_34_Labourers,M25_34_Occu_ID_NS,M25_34_Tot,M35_44_Managers,M35_44_Professionals,M35_44_TechnicTrades_W,M35_44_CommunPersnlSvc_W,M35_44_ClericalAdminis_W,M35_44_Sales_W,M35_44_Mach_oper_drivers,M35_44_Labourers,M35_44_Occu_ID_NS,M35_44_Tot,M45_54_Managers,M45_54_Professionals,M45_54_TechnicTrades_W,M45_54_CommunPersnlSvc_W,M45_54_ClericalAdminis_W,M45_54_Sales_W,M45_54_Mach_oper_drivers,M45_54_Labourers,M45_54_Occu_ID_NS,M45_54_Tot,M55_64_Managers,M55_64_Professionals,M55_64_TechnicTrades_W,M55_64_CommunPersnlSvc_W,M55_64_ClericalAdminis_W,M55_64_Sales_W,M55_64_Mach_oper_drivers,M55_64_Labourers,M55_64_Occu_ID_NS,M55_64_Tot,M65_74_Managers,M65_74_Professionals,M65_74_TechnicTrades_W,M65_74_CommunPersnlSvc_W,M65_74_ClericalAdminis_W,M65_74_Sales_W,M65_74_Mach_oper_drivers,M65_74_Labourers,M65_74_Occu_ID_NS,M65_74_Tot,M75_84_Managers,M75_84_Professionals,M75_84_TechnicTrades_W,M75_84_CommunPersnlSvc_W,M75_84_ClericalAdminis_W,M75_84_Sales_W,M75_84_Mach_oper_drivers,M75_84_Labourers,M75_84_Occu_ID_NS,M75_84_Tot,M85_ov_Managers,M85_ov_Professionals,M85_ov_TechnicTrades_W,M85_ov_CommunPersnlSvc_W,M85_ov_ClericalAdminis_W,M85_ov_Sales_W,M85_ov_Mach_oper_drivers,M85_ov_Labourers,M85_ov_Occu_ID_NS,M85_ov_Tot,M_Tot_Managers,M_Tot_Professionals,M_Tot_TechnicTrades_W,M_Tot_CommunPersnlSvc_W,M_Tot_ClericalAdminis_W,M_Tot_Sales_W,M_Tot_Mach_oper_drivers,M_Tot_Labourers,M_Tot_Occu_ID_NS,M_Tot_Tot,F15_19_Managers,F15_19_Professionals,F15_19_TechnicTrades_Wrs,F15_19_CommunPersnlSvc_W,F15_19_ClericalAdminis_W,F15_19_Sales_W,F15_19_Mach_oper_drivers,F15_19_Labourers,F15_19_Occu_ID_NS,F15_19_Tot,F20_24_Managers,F20_24_Professionals,F20_24_TechnicTrades_W,F20_24_CommunPersnlSvc_W,F20_24_ClericalAdminis_W,F20_24_Sales_W,F20_24_Mach_oper_drivers,F20_24_Labourers,F20_24_Occu_ID_NS,F20_24_Tot,F25_34_Managers,F25_34_Professionals,F25_34_TechnicTrades_W,F25_34_CommunPersnlSvc_W,F25_34_ClericalAdminis_W,F25_34_Sales_W,F25_34_Mach_oper_drivers,F25_34_Labourers,F25_34_Occu_ID_NS,F25_34_Tot,F35_44_Managers,F35_44_Professionals,F35_44_TechnicTrades_W,F35_44_CommunPersnlSvc_W,F35_44_ClericalAdminis_W,F35_44_Sales_W,F35_44_Mach_oper_drivers,F35_44_Labourers,F35_44_Occu_ID_NS,F35_44_Tot,F45_54_Managers,F45_54_Professionals,F45_54_TechnicTrades_W,F45_54_CommunPersnlSvc_W,F45_54_ClericalAdminis_W,F45_54_Sales_W,F45_54_Mach_oper_drivers,F45_54_Labourers,F45_54_Occu_ID_NS,F45_54_Tot,F55_64_Managers,F55_64_Professionals,F55_64_TechnicTrades_W,F55_64_CommunPersnlSvc_W,F55_64_ClericalAdminis_W,F55_64_Sales_W,F55_64_Mach_oper_drivers,F55_64_Labourers,F55_64_Occu_ID_NS,F55_64_Tot,F65_74_Managers,F65_74_Professionals,F65_74_TechnicTrades_W,F65_74_CommunPersnlSvc_W,F65_74_ClericalAdminis_W,F65_74_Sales_W,F65_74_Mach_oper_drivers,F65_74_Labourers,F65_74_Occu_ID_NS,F65_74_Tot,F75_84_Managers,F75_84_Professionals,F75_84_TechnicTrades_W,F75_84_CommunPersnlSvc_W,F75_84_ClericalAdminis_W,F75_84_Sales_W,F75_84_Mach_oper_drivers,F75_84_Labourers,F75_84_Occu_ID_NS,F75_84_Tot,F85ov_Managers,F85ov_Professionals,F85ov_TechnicTrades_W,F85ov_CommunPersnlSvc_W,F85ov_ClericalAdminis_W,F85ov_Sales_W,F85ov_Mach_oper_drivers,F85ov_Labourers,F85ov_Occu_ID_NS,F85ov_Tot,F_Tot_Managers,F_Tot_Professionals,F_Tot_TechnicTrades_W,F_Tot_CommunPersnlSvc_W,F_Tot_ClericalAdminis_W,F_Tot_Sales_W,F_Tot_Mach_oper_drivers,F_Tot_Labourers,F_Tot_Occu_ID_NS,F_Tot_Tot
201,76,41,609,217,39,512,89,762,40,2392,203,227,1220,361,125,408,233,660,66,3506,860,1374,2387,658,430,463,754,989,152,8079,1433,1645,1868,481,434,331,758,816,122,7883,1726,1457,1701,592,475,413,966,854,175,8355,1331,1135,1416,443,400,353,1012,897,142,7119,553,438,306,109,128,136,290,256,49,2270,199,54,25,7,15,17,11,26,16,372,22,0,0,0,0,0,0,0,3,38,6398,6373,9519,2876,2055,2637,4117,5266,779,40026,36,36,74,576,115,1182,23,376,41,2463,152,438,207,1085,490,670,42,298,44,3424,599,2458,491,1588,1260,674,78,452,83,7677,866,2659,421,1325,1570,521,41,465,94,7967,1032,2279,391,1478,1855,589,108,661,104,8501,780,1664,254,1254,1561,577,95,664,81,6927,269,404,57,231,348,116,31,181,39,1676,54,30,7,11,20,11,5,14,19,166,4,0,0,0,4,0,0,0,4,17,3798,9958,1894,7544,7222,4339,425,3108,523,38819
202,44,22,503,173,37,486,118,819,48,2242,150,244,1026,331,144,313,264,692,68,3236,750,1374,2153,577,333,389,692,1097,133,7509,1439,1620,1750,498,389,331,682,880,130,7720,1646,1551,1574,584,479,355,882,802,149,8029,1375,1114,1320,492,409,315,987,817,134,6957,597,493,308,132,134,133,282,270,49,2397,167,60,32,8,18,21,24,34,25,389,26,4,0,0,0,4,0,0,7,41,6201,6489,8669,2798,1950,2345,3924,5408,743,38526,34,14,94,535,116,1166,21,387,37,2405,132,465,226,936,417,583,46,318,42,3165,542,2571,443,1431,1069,578,79,572,94,7375,938,2778,365,1230,1389,486,81,493,98,7864,1100,2433,350,1333,1701,588,108,587,107,8316,749,1722,242,1269,1548,561,114,693,91,6983,301,466,50,235,414,119,17,143,33,1788,73,22,4,6,29,11,0,20,14,186,3,0,0,0,0,0,0,0,3,17,3877,10479,1782,6976,6686,4096,465,3227,515,38101
203,51,41,932,448,71,1006,175,1485,63,4275,325,624,2269,800,343,892,619,1282,149,7309,1756,3561,5225,1456,876,946,1641,2029,314,17804,3231,3820,4122,1171,898,753,1382,1503,325,17197,3300,3083,3444,1101,862,667,1710,1457,329,15959,2290,2303,2442,810,729,609,1755,1284,257,12476,809,969,589,189,264,238,487,422,99,4075,196,120,56,19,25,35,33,56,35,578,20,11,4,0,5,0,0,6,4,47,11977,14538,19087,5999,4072,5140,7802,9524,1581,79722,67,47,156,1233,180,2271,81,613,57,4689,321,993,471,2343,836,1440,198,552,91,7238,1499,6329,1070,3228,2457,1242,238,764,223,17065,2107,6045,886,2549,3092,1061,216,809,259,17023,2052,4525,727,2781,3430,1238,240,1044,237,16262,1277,2990,460,2257,2872,1071,226,1054,133,12339,344,732,89,405,753,234,35,306,55,2955,64,47,4,16,49,10,3,38,21,251,6,0,0,0,3,0,0,0,11,27,7723,21704,3870,14817,13671,8559,1231,5172,1089,77847
204,61,24,736,271,46,535,115,937,64,2786,180,121,1359,366,79,241,323,661,75,3397,933,945,2562,652,235,346,864,1182,155,7877,1528,1171,2096,540,312,319,939,959,163,8025,1947,1145,1914,588,393,395,1242,1054,196,8873,1918,1002,1656,515,443,385,1407,1127,176,8620,1194,473,464,164,154,151,463,404,71,3539,442,64,40,16,23,21,33,59,33,729,43,4,0,0,0,6,4,4,8,84,8253,4939,10824,3109,1686,2392,5388,6389,939,43930,45,22,91,727,141,1103,25,448,68,2673,143,342,255,970,371,469,82,326,53,3023,626,2165,498,1596,1134,615,114,561,105,7415,1033,2387,454,1460,1392,559,105,583,122,8104,1261,2163,472,1548,1995,783,151,830,119,9326,1101,1752,353,1400,1824,750,152,984,97,8411,609,472,88,321,459,192,24,254,60,2496,166,31,3,14,49,12,0,32,29,345,12,4,0,0,7,0,0,0,11,34,4999,9354,2221,8044,7366,4485,659,4022,671,41823
205,82,33,1040,310,46,907,132,1173,89,3811,344,308,1906,424,199,453,356,972,93,5060,1352,1615,3954,800,458,651,1230,1949,287,12301,2150,1708,3310,711,462,509,1393,1637,263,12141,2561,1566,3093,725,546,598,1794,1693,275,12855,2580,1556,2754,709,588,582,2038,1653,296,12754,1453,694,711,188,233,262,596,543,119,4799,442,115,58,27,39,40,54,75,67,911,75,0,3,0,0,0,3,12,20,106,11030,7601,16832,3893,2584,3997,7596,9718,1497,64738,72,48,194,982,197,1745,37,570,101,3944,234,631,354,1430,714,832,61,474,75,4803,989,3473,759,2476,2003,1033,138,809,183,11870,1335,3289,648,2230,2392,922,117,927,199,12057,1760,2935,574,2677,2865,1206,168,1261,178,13620,1491,2575,544,2184,2813,1126,172,1354,186,12446,746,665,92,486,735,246,42,363,91,3466,196,38,4,27,63,15,4,36,42,431,17,3,0,0,4,0,0,3,17,43,6837,13658,3157,12485,11799,7139,734,5799,1077,62688
206,61,202,310,778,204,868,167,1123,50,3770,822,3809,2390,2844,1721,2231,838,2049,342,17052,8368,28643,8516,4768,5351,3683,2163,3628,1186,66309,10404,18132,4271,1829,3091,1793,1091,1497,759,42879,7850,10392,2752,1234,2036,1268,971,1105,517,28120,4792,6789,1869,872,1399,827,885,985,321,18732,1398,2834,500,189,425,319,225,326,142,6368,284,524,68,15,55,67,26,58,66,1170,30,32,0,0,4,0,0,3,12,84,34015,71368,20680,12533,14290,11067,6367,10770,3393,184483,62,234,86,1555,375,2028,28,579,63,5020,1009,5226,882,5337,3254,3556,216,1022,324,20814,8451,33739,3172,7668,8899,4024,437,2095,1008,69497,8426,18695,1404,2764,5485,1619,189,702,652,39943,6261,11200,872,2125,4863,1346,157,584,417,27824,3168,7003,508,1527,3621,1002,114,521,243,17704,751,2076,119,381,1105,289,34,170,104,5032,85,214,10,25,105,39,3,30,34,543,3,13,0,0,4,5,0,0,9,31,28213,78399,7061,21390,27714,13896,1184,5717,2842,186423
207,57,192,305,755,225,1000,168,1037,33,3768,512,1914,1426,1297,987,1561,497,1195,195,9587,2480,7659,2900,1210,1680,1378,790,1151,487,19730,4858,7830,2113,625,1288,1014,587,637,415,19379,6118,6879,2078,628,1246,1055,639,757,355,19753,4140,5342,1798,543,955,818,667,769,237,15272,1234,2162,503,193,395,288,226,327,111,5437,244,431,79,32,66,74,35,59,33,1047,21,30,4,5,8,4,0,7,11,82,19656,32441,11200,5288,6846,7201,3614,5942,1873,94056,49,219,85,1243,346,2017,23,464,48,4486,422,2343,317,2132,1562,2179,76,411,132,9575,2099,9201,788,1999,2842,1357,118,496,337,19247,3589,8553,648,1486,2964,1064,85,336,367,19090,3949,7404,680,1829,4034,1279,124,493,311,20103,1980,5096,466,1538,3218,916,114,557,182,14068,455,1475,108,376,1095,254,30,173,62,4035,69,176,11,41,138,40,5,41,30,552,8,8,0,0,13,5,0,3,15,50,12618,34480,3106,10642,16225,9108,571,2974,1485,91205
208,60,160,516,962,220,1177,209,1264,61,4641,409,1543,1778,1332,851,1464,495,1014,163,9055,2987,7455,4026,1473,1656,1392,893,1297,411,21591,6834,8759,3213,896,1577,1344,669,809,499,24584,8257,7897,3055,953,1632,1359,873,960,453,25438,5224,5451,2466,727,1186,1016,946,916,291,18224,1470,2323,766,218,479,450,359,407,120,6585,247,415,106,30,83,84,37,81,46,1141,29,32,11,3,12,6,5,13,7,118,25524,34030,15945,6585,7691,8294,4483,6762,2055,111364,57,171,103,1638,375,2433,40,601,61,5478,443,1970,378,2313,1600,2039,90,383,116,9333,2704,10214,920,2440,3321,1479,173,515,370,22138,4918,10567,793,2046,3933,1216,121,362,434,24399,5238,9373,795,2542,5407,1598,168,498,398,26030,2429,5618,529,2001,4441,1175,141,526,205,17070,552,1605,172,520,1456,371,41,208,73,5006,52,143,13,46,161,62,7,30,27,545,4,13,0,0,13,0,0,0,14,49,16396,39677,3703,13553,20709,10380,777,3126,1712,110029
209,82,98,1233,572,150,1290,244,1748,97,5521,490,1196,3622,1248,800,1624,1052,1907,305,12248,3220,7466,8195,2308,2331,1800,2938,3171,745,32166,6294,8986,6876,1883,2491,1441,3157,2398,772,34310,5968,5797,5634,1489,1966,1299,3073,2382,514,28125,3673,3614,3884,1057,1430,928,2662,2032,383,19652,932,1227,957,260,418,295,730,635,100,5547,149,151,82,16,41,45,53,96,31,658,17,15,5,4,0,0,3,8,6,58,20817,28545,30482,8834,9625,8731,13917,14373,2963,138284,88,160,174,1323,363,3255,44,636,99,6133,500,1953,617,2956,1856,2644,201,742,201,11675,2841,11375,1549,4976,5095,2133,379,1222,541,30120,4056,11240,1413,4501,6004,1706,352,1125,531,30935,3457,7404,1111,4035,6583,1937,422,1454,386,26794,1658,4119,647,2807,5055,1479,363,1346,215,17693,336,923,117,540,1200,347,64,357,51,3943,47,53,13,34,93,20,4,37,28,327,0,6,0,0,5,0,0,0,4,17,12987,37229,5638,21165,26260,13519,1841,6923,2069,127634
210,69,54,988,381,124,936,216,1411,98,4283,388,806,2921,795,664,1027,1045,1733,268,9642,2563,4958,6772,1789,1981,1288,3179,2868,713,26115,4337,5495,5277,1414,1854,1065,3262,2078,624,25409,3577,3097,4182,1041,1405,852,2782,1956,469,19359,2326,1978,2841,738,1137,660,2486,1511,275,13954,502,625,596,197,292,181,555,396,73,3423,112,88,55,13,21,29,33,57,17,418,6,5,3,0,0,3,0,0,9,25,13877,17109,23639,6379,7473,6046,13555,12019,2535,102630,63,107,107,790,263,2407,65,468,76,4344,369,1324,450,1998,1410,1949,230,635,204,8577,1981,7652,1083,3834,4085,1648,430,1104,477,22288,2645,6688,973,3425,4457,1299,306,904,408,21106,2089,4158,734,3061,4462,1381,390,1184,289,17742,1032,2216,466,1957,3501,1095,260,982,183,11698,203,458,73,327,752,222,47,238,52,2369,23,20,5,16,57,19,5,27,16,184,0,0,0,0,4,0,0,0,3,9,8401,22620,3883,15403,18993,10028,1737,5549,1712,88314
211,96,137,1614,723,156,1552,291,2129,116,6813,474,1297,3929,1029,724,1540,867,1797,241,11893,2915,6435,7859,1617,1788,1480,1668,2339,576,26679,6363,8178,6700,1300,1953,1398,1764,2011,566,30228,6604,6261,6499,1329,1888,1360,2411,2197,557,29105,4788,4252,5082,1103,1661,1137,2477,2083,400,22971,1348,1597,1237,310,500,391,756,717,141,6985,213,260,115,35,60,68,55,94,28,935,15,13,6,0,3,6,3,8,16,65,22810,28429,33031,7450,8729,8929,10279,13374,2632,135672,105,132,239,1778,350,3411,66,1026,81,7188,572,1785,751,2824,1713,2533,197,770,179,11322,2388,9724,1441,3981,4483,1828,302,974,414,25536,3866,10366,1321,3723,5716,1701,360,1072,460,28582,3880,7624,1301,4406,7138,2127,453,1506,431,28873,2087,4800,865,3444,6065,1709,422,1475,257,21129,441,1109,182,726,1558,428,96,439,80,5070,64,91,8,40,119,31,4,57,20,435,4,8,0,0,8,3,0,0,11,23,13401,35646,6114,20916,27147,13771,1902,7327,1941,128162
212,132,212,1636,782,280,2053,517,2883,189,8687,831,2293,5611,1684,1558,2714,2353,3812,582,21439,5023,10860,13553,2906,3961,3147,7059,6814,1552,54876,8600,11539,11550,2390,3679,2535,6878,5006,1299,53473,7302,7137,9151,1878,2740,1950,6014,4559,979,41706,4700,4166,6194,1252,2116,1276,5362,3687,621,29378,1230,1391,1406,343,633,400,1250,1004,189,7844,232,182,126,28,78,68,49,140,51,957,32,6,12,0,3,5,3,7,20,91,28075,37787,49233,11258,15046,14146,29495,27912,5490,218445,125,289,256,1838,596,4740,148,1318,145,9453,825,3274,959,4447,2941,4149,532,1751,409,19282,3737,14508,2600,7947,7930,3729,1120,3405,1016,45987,5039,13044,2198,7735,8698,2974,1054,3154,891,44794,4097,8053,1748,6606,8544,2765,1274,3698,654,37452,2146,4239,1018,4049,6214,1887,969,3012,399,23939,422,1003,191,734,1495,378,140,649,96,5104,64,78,9,39,122,26,7,57,48,446,5,10,0,0,3,0,0,0,16,35,16464,44501,8981,33393,36545,20647,5239,17053,3671,186496
213,104,142,1396,621,257,1958,507,2578,181,7744,707,1597,4845,1653,1344,2185,2703,3160,576,18762,4878,11211,11472,3437,4540,2991,8893,5862,1629,54920,9841,15205,10019,3000,4921,2495,8386,4616,1478,59964,6947,6978,7340,2073,3141,1628,6897,4198,953,40158,3554,3467,4822,1376,2027,1056,5440,3248,580,25574,831,880,950,316,479,295,1149,868,140,5914,89,97,51,20,31,28,46,80,20,460,7,4,0,0,0,0,0,8,4,27,26963,39585,40904,12501,16732,12629,34028,24624,5567,213524,103,245,165,1515,500,4658,212,981,145,8537,779,2616,794,3690,2775,3734,761,1326,391,16866,4176,15888,2476,8113,8665,3856,1501,2697,1172,48541,6086,15003,2225,7971,10046,3138,1278,2747,1000,49492,4302,8031,1550,5994,8324,2597,1455,2950,686,35882,1823,3783,778,3457,5467,1798,845,2408,329,20692,279,685,123,578,1032,283,110,507,99,3695,25,33,3,13,57,18,0,42,25,219,0,0,0,0,0,0,0,0,12,17,17575,46288,8122,31332,36869,20081,6160,13658,3855,183943
214,59,44,1078,508,67,955,156,1324,85,4274,254,372,2371,637,218,689,431,967,132,6060,1441,1995,5170,938,568,782,932,1546,259,13626,3191,2490,4312,783,735,755,1097,1340,303,14991,3638,2576,3926,845,823,928,1535,1532,333,16140,2754,2090,2973,665,835,733,1575,1376,235,13233,961,1041,788,175,311,297,435,438,121,4561,203,210,87,19,60,58,42,77,31,787,11,13,0,0,5,4,0,7,12,64,12514,10828,20696,4569,3611,5194,6204,8598,1525,73736,51,58,126,1121,165,1911,34,551,68,4082,266,665,394,1751,703,1287,91,423,78,5642,1316,4233,878,2459,2176,1129,168,616,220,13187,1984,4627,762,2337,2945,1096,155,733,227,14867,2187,4141,797,2734,3694,1384,259,982,247,16424,1297,2838,526,2140,3251,1219,195,963,172,12606,370,768,105,444,1039,335,42,248,71,3429,55,38,5,25,101,29,6,34,39,322,5,5,0,0,0,0,0,0,0,9,7524,17374,3594,13014,14074,8389,947,4554,1116,70580
215,112,19,544,89,23,407,98,676,43,1998,265,141,1001,184,67,276,257,685,66,2935,1148,814,1799,479,211,370,758,1531,208,7318,1615,727,1317,335,199,274,751,1025,163,6408,1895,714,1134,400,245,304,915,1005,166,6768,2100,594,1128,390,289,320,1167,1055,147,7189,1067,250,299,95,118,115,364,340,60,2706,351,34,34,10,4,19,30,41,54,580,56,3,0,0,0,3,0,7,14,83,8599,3288,7254,1970,1160,2082,4354,6364,914,35988,33,22,53,394,99,902,32,350,37,1925,117,372,181,717,367,437,52,326,56,2637,483,2009,357,1284,952,514,73,844,118,6634,788,1591,306,1048,1134,482,56,625,104,6126,999,1463,291,1332,1371,577,79,726,119,6957,994,1198,214,1262,1305,554,93,824,93,6527,461,300,63,254,341,128,14,196,48,1806,109,22,7,17,39,6,0,35,38,272,8,0,0,0,5,0,0,4,8,24,3991,6967,1474,6315,5619,3602,404,3923,624,32912
216,65,24,544,121,27,451,60,627,50,1979,196,137,1003,153,72,197,205,554,56,2563,805,771,1780,347,187,283,572,1073,135,5952,1218,707,1305,268,210,251,625,897,128,5613,1505,654,1218,308,224,315,968,1050,134,6375,1505,571,1022,231,261,278,1039,926,140,5974,726,257,259,91,92,112,332,283,63,2199,196,34,29,3,8,16,30,50,26,397,36,0,0,0,0,4,0,0,8,53,6250,3155,7155,1526,1087,1904,3821,5463,741,31113,34,32,59,406,103,903,12,290,31,1873,105,362,150,689,307,420,32,282,41,2389,444,1711,336,1124,812,448,70,654,88,5690,684,1513,263,995,962,414,56,615,81,5590,863,1295,273,1168,1339,570,90,682,80,6366,700,1042,224,1024,1231,493,82,734,74,5616,283,287,47,210,351,111,21,191,32,1530,69,12,4,3,35,7,0,10,18,164,10,0,0,0,0,0,0,0,11,18,3194,6258,1355,5629,5141,3372,374,3471,456,29240
217,96,11,489,128,19,438,92,701,61,2038,235,120,781,146,53,197,224,612,48,2416,817,692,1578,346,152,291,581,1159,129,5737,1241,683,1297,304,177,232,638,825,109,5499,1592,712,1212,326,226,257,893,855,158,6241,1605,675,980,288,256,276,1083,911,119,6196,1050,282,268,75,117,111,295,325,68,2587,346,37,25,3,20,24,29,39,30,561,42,3,8,0,0,3,4,3,16,70,7025,3224,6635,1618,1017,1827,3838,5440,730,31349,38,19,67,426,97,897,17,390,36,1987,102,238,149,625,254,372,41,326,33,2133,469,1517,362,1046,654,435,54,633,68,5249,727,1605,310,914,895,390,57,522,64,5491,981,1413,285,1188,1234,529,77,654,71,6427,937,1185,228,1096,1132,478,93,703,67,5923,539,300,46,235,303,122,9,180,53,1797,140,17,0,9,23,9,0,33,24,263,18,0,0,0,5,0,0,0,12,31,3949,6299,1453,5540,4606,3228,352,3449,417,29284
297,0,0,0,0,0,0,0,0,0,0,0,0,0,0,0,0,0,0,0,0,0,0,0,0,0,0,0,0,0,0,0,0,0,0,0,0,0,3,0,4,0,0,0,0,0,0,0,0,0,0,0,0,0,0,0,0,0,3,0,3,0,0,0,0,0,0,0,0,0,0,0,0,0,0,0,0,0,0,0,0,0,0,0,0,0,0,0,0,0,0,0,4,0,0,0,0,0,4,0,7,0,0,0,0,0,0,0,0,0,0,0,0,0,0,0,0,0,0,0,0,0,0,0,0,0,0,0,0,0,0,0,0,0,0,0,0,0,0,0,0,0,0,0,0,0,0,0,0,0,0,0,0,0,0,0,0,0,0,0,0,0,0,0,0,0,0,0,0,0,0,0,0,0,0,0,0,0,0,0,0,0,0,0,0,0,0,0,0,0,0,0,0,0,0,0,0,0,0,0,0
299,4,0,10,4,0,4,8,7,0,43,5,4,25,13,10,10,15,22,3,104,21,70,68,25,12,19,33,66,8,316,34,44,44,9,9,9,21,38,9,210,22,19,32,11,0,9,34,53,6,182,23,15,26,9,4,5,29,21,0,131,4,3,10,0,3,0,5,8,4,36,0,0,0,0,0,0,0,0,0,7,0,0,0,0,0,0,0,0,0,0,108,159,207,68,36,56,147,207,33,1022,0,0,5,9,0,16,4,0,0,37,4,16,4,37,11,16,5,13,0,109,19,74,15,52,38,20,15,51,8,287,18,47,8,20,18,5,3,9,5,131,13,24,3,25,14,11,3,9,0,99,8,25,4,19,22,9,6,10,3,96,0,0,0,0,5,4,0,0,0,9,0,0,0,0,0,0,0,0,0,6,0,0,0,0,0,0,0,0,0,0,63,176,44,155,109,74,32,104,16,771
