POW_SA2_CODE_2021,Tot_HC_SA_Bf_91,Tot_HC_SA_91_95,Tot_HC_SA_96_00,Tot_HC_SA_01_05,Tot_HC_SA_06_10,Tot_HC_SA_11_15,Tot_HC_SA_16_20,Tot_HC_SA_2021,Tot_HC_SA_NS,Tot_HC_SA_Tot,Tot_ArtsR_Bf_91,Tot_ArtsR_91_95,Tot_ArtsR_96_00,Tot_ArtsR_01_05,Tot_ArtsR_06_10,Tot_ArtsR_11_15,Tot_ArtsR_16_20,Tot_ArtsR_2021,Tot_ArtsR_NS,Tot_ArtsR_Tot,Tot_OthSvs_Bf_91,Tot_OthSvs_91_95,Tot_OthSvs_96_00,Tot_OthSvs_01_05,Tot_OthSvs_06_10,Tot_OthSvs_11_15,Tot_OthSvs_16_20,Tot_OthSvs_2021,Tot_OthSvs_NS,Tot_OthSvs_Tot,Tot_IDNS_Bf_91,Tot_IDNS_91_95,Tot_IDNS_96_00,Tot_IDNS_01_05,Tot_IDNS_06_10,Tot_IDNS_11_15,Tot_IDNS_16_20,Tot_IDNS_2021,Tot_IDNS_NS,Tot_IDNS_Tot,Tot_Tot_Bf_91,Tot_Tot_91_95,Tot_Tot_96_00,Tot_Tot_01_05,Tot_Tot_06_10,Tot_Tot_11_15,Tot_Tot_16_20,Tot_Tot_2021,Tot_Tot_NS,Tot_Tot_Tot
201011001,25,3,8,18,32,21,16,0,0,130,4,0,0,0,0,0,4,0,0,10,6,0,0,0,3,4,0,0,0,20,0,0,7,0,3,5,5,0,0,15,89,9,39,51,97,89,115,0,7,498
201011002,258,46,68,141,288,239,178,3,9,1229,3,0,0,0,7,0,0,0,0,16,13,0,0,4,15,11,17,0,0,57,15,0,7,12,15,16,15,0,6,82,654,105,166,282,563,505,483,9,33,2798
201011005,23,0,6,8,7,7,4,0,0,60,0,0,0,0,0,0,0,0,0,0,0,0,0,0,0,0,0,0,0,4,4,0,0,0,0,0,4,0,3,13,147,25,35,54,81,65,52,0,8,472
201011006,15,3,0,17,19,42,48,0,0,137,0,0,0,0,0,0,0,0,0,0,6,0,0,0,8,3,5,0,0,25,5,0,5,4,6,3,12,0,0,37,120,15,20,43,87,88,149,4,3,526
201011007,0,0,0,0,0,0,0,0,0,5,4,0,0,0,0,0,0,0,0,4,0,0,0,0,0,0,0,0,0,0,0,0,0,0,0,0,0,0,0,0,14,3,4,4,9,0,7,0,0,43
201011008,30,3,5,17,18,40,23,0,0,134,4,0,0,4,0,12,17,0,0,43,7,4,3,4,8,19,20,0,0,69,22,6,4,3,7,17,7,0,0,63,319,41,72,124,195,232,242,0,13,1246
201011481,34,0,0,10,29,25,44,0,4,143,8,0,3,0,3,3,0,0,0,17,6,0,0,0,9,0,4,0,0,21,0,0,0,0,3,0,4,0,0,11,99,10,11,22,72,56,87,0,7,370
201011482,14,7,3,0,3,4,5,0,0,41,0,0,0,0,0,0,0,0,0,5,0,0,0,0,0,6,0,0,0,6,0,0,0,0,0,0,0,0,0,7,64,9,21,14,45,46,55,0,4,256
201011483,18,0,0,5,13,15,45,0,0,105,8,0,3,6,5,4,0,0,0,29,8,0,0,7,8,0,0,0,0,19,0,0,3,0,0,3,0,0,0,9,86,17,22,40,72,63,110,3,6,419
201011484,11,3,8,9,19,25,15,0,4,87,0,0,0,0,0,0,0,0,0,0,7,0,0,6,0,0,0,0,0,9,3,0,0,0,0,0,3,0,3,15,70,8,24,29,57,55,69,0,6,313
201021009,16,0,0,0,10,6,3,0,0,38,0,0,0,0,0,0,0,0,0,4,4,0,0,0,0,10,0,0,0,15,8,0,4,0,3,0,3,0,3,19,126,14,17,21,86,56,61,0,7,388
201021010,19,0,8,3,9,0,15,0,0,56,3,0,0,0,4,0,0,0,0,8,9,0,5,0,8,0,3,0,0,25,3,0,0,0,0,0,0,0,0,5,96,4,24,20,53,36,45,0,9,296
201021011,35,4,3,14,8,8,16,0,3,93,4,0,3,6,0,0,0,0,0,17,3,0,0,0,0,4,0,0,0,13,19,0,0,3,0,8,0,0,3,37,237,30,50,65,71,93,108,0,19,686
201021012,6,0,0,0,0,0,3,0,0,7,0,0,0,0,0,0,0,0,0,3,0,0,0,0,0,0,0,0,0,3,5,0,0,0,0,3,0,0,0,12,50,6,13,10,13,12,14,0,3,120
201031013,0,0,0,0,0,0,0,0,0,6,0,0,0,0,0,0,0,0,0,0,0,0,0,0,0,0,0,0,0,0,0,0,0,0,0,0,0,0,0,0,36,4,11,6,7,6,12,0,0,80
201031014,9,0,0,0,7,6,0,0,0,24,0,0,0,0,0,3,0,0,0,5,3,0,0,0,0,0,4,0,0,9,3,0,0,0,0,0,0,0,0,3,61,3,8,12,19,17,21,0,6,140
201031015,0,0,0,0,0,0,0,0,0,6,0,0,0,0,0,0,0,0,0,0,0,0,0,0,0,0,0,0,0,0,3,0,0,0,0,0,0,0,0,5,31,4,0,3,4,12,3,4,0,59
201031016,34,0,0,5,27,17,34,0,9,118,0,0,0,0,0,0,0,0,0,0,3,0,0,0,0,0,0,0,0,4,5,0,0,0,8,0,0,0,0,12,124,7,18,20,58,45,55,0,13,334
201031017,8,0,0,4,0,0,0,0,0,14,0,0,0,0,0,0,0,0,0,0,4,0,0,0,0,0,0,0,0,4,3,0,0,0,0,0,0,0,0,10,36,0,0,8,13,16,21,0,5,88
202011018,222,34,55,98,262,214,271,9,12,1182,7,0,0,3,3,5,6,0,0,31,27,0,4,4,19,14,17,0,3,82,16,0,3,8,15,16,19,0,3,79,600,95,146,249,568,492,610,6,35,2810
202011019,6,0,3,4,10,14,13,0,0,50,0,0,0,0,0,0,0,0,0,0,0,0,0,0,3,0,0,0,0,10,5,0,0,4,0,5,6,0,3,13,38,7,10,16,38,29,42,0,3,190
202011020,29,9,10,13,44,32,44,0,0,175,0,0,0,0,0,6,0,0,0,3,0,0,0,5,6,0,4,0,0,19,8,0,0,3,18,19,16,0,0,49,154,29,38,65,133,141,179,0,12,743
202011021,12,0,0,5,10,11,10,0,0,52,3,0,0,0,0,0,0,0,0,3,5,0,0,0,0,0,0,0,0,5,0,0,0,0,0,0,0,0,0,4,63,14,21,26,34,39,34,0,0,229
202011022,26,9,9,9,52,39,49,0,0,193,0,0,0,0,4,0,3,0,0,11,3,0,0,0,4,3,0,0,0,22,8,0,0,3,9,10,5,0,3,40,165,23,49,59,138,125,125,3,8,695
202011023,5,0,0,4,3,0,0,0,0,7,0,0,0,0,0,0,0,0,0,0,0,0,0,0,0,0,0,0,0,0,4,0,0,0,0,0,0,0,0,4,26,0,4,3,12,9,0,0,0,59
202011024,4,0,7,3,7,3,4,0,0,33,0,0,0,0,0,0,0,0,0,0,0,0,0,0,0,0,0,0,0,0,3,0,0,0,4,0,0,0,0,8,27,0,7,12,26,14,19,0,7,123
202011025,4,5,3,4,10,13,8,0,0,42,6,0,0,0,0,0,0,0,0,8,0,0,3,0,3,3,0,0,0,15,0,0,0,0,5,3,4,0,0,20,69,5,25,35,92,76,63,0,6,373
202021026,3,0,0,0,11,4,0,0,0,10,0,0,0,0,0,0,0,0,0,0,0,0,0,0,6,0,0,0,0,8,3,0,0,0,10,3,5,0,0,23,49,13,11,28,192,129,135,0,11,572
202021027,44,7,11,13,23,10,10,0,7,121,9,0,0,0,0,0,4,0,0,23,9,3,3,0,0,0,0,0,0,18,16,4,5,8,11,7,5,0,0,51,267,50,71,82,132,85,103,0,17,812
202021028,8,0,0,4,3,0,0,0,0,22,4,0,0,0,0,0,0,0,0,11,4,0,0,0,0,0,0,0,0,3,3,0,0,4,0,0,0,0,0,12,106,15,17,27,19,25,8,0,8,222
202021029,7,0,0,0,0,3,0,0,0,22,0,0,0,0,0,0,0,0,0,0,5,0,0,0,0,0,0,0,0,4,0,0,0,0,0,0,0,0,0,0,57,9,14,10,20,22,14,0,8,156
202021030,44,3,3,5,24,30,19,0,3,137,7,0,3,0,3,4,0,0,0,24,9,0,0,0,5,6,0,0,0,14,10,0,0,5,4,0,7,0,0,31,255,17,59,69,137,113,179,0,13,848
202021031,27,3,8,10,19,32,17,0,0,116,3,0,0,6,0,0,0,0,0,5,11,0,0,0,3,3,5,0,0,25,5,0,0,5,0,0,3,0,0,13,146,23,33,50,71,58,41,0,8,437
202031032,4,0,0,0,0,0,0,0,0,0,3,0,0,0,0,0,0,0,0,3,4,0,0,0,0,0,5,0,0,10,0,0,0,0,5,0,0,0,0,7,33,7,10,20,20,26,18,0,0,136
202031033,6,0,0,3,7,12,7,0,0,28,0,0,0,0,0,0,0,0,0,0,3,0,0,0,0,0,0,0,0,3,0,0,0,0,7,3,3,0,0,11,64,6,8,16,34,46,46,4,3,233
203011034,8,4,8,0,15,13,10,0,0,55,0,0,0,0,0,0,0,0,0,0,5,0,0,0,0,0,0,0,0,6,0,0,0,5,0,0,5,0,0,9,64,8,17,20,39,49,50,0,3,258
203011035,5,0,0,0,0,0,0,0,0,10,0,0,0,0,0,0,0,0,0,0,3,0,0,0,0,0,0,0,3,11,0,0,0,0,3,3,0,0,0,7,74,11,15,12,31,37,31,0,4,215
203011036,12,0,0,7,5,3,3,0,0,30,0,0,0,0,0,0,0,0,0,3,0,0,0,0,0,0,0,0,0,5,0,0,0,0,0,0,0,0,0,3,77,7,11,14,32,24,14,5,4,180
203021037,74,11,21,26,91,60,60,0,8,353,3,0,0,0,4,0,0,0,0,13,3,0,0,0,16,5,14,0,0,47,4,0,0,0,3,0,9,0,5,21,210,34,45,79,227,147,205,0,17,963
203021039,516,94,131,172,363,292,247,7,23,1851,24,0,3,3,7,10,8,0,0,61,39,3,15,16,48,38,45,0,0,192,51,5,12,24,52,70,62,0,24,298,1785,298,457,624,1250,1235,1280,20,108,7061
203021040,69,14,10,11,41,50,38,0,3,226,0,0,0,4,4,0,0,0,0,6,12,0,0,8,8,16,9,0,0,48,5,0,0,0,7,8,13,0,0,30,241,33,43,80,160,195,240,0,11,1010
203021042,92,10,36,39,108,84,82,3,0,453,0,0,0,0,0,0,0,0,0,3,9,0,5,0,4,0,3,0,0,18,0,0,3,0,7,19,9,0,5,45,337,60,117,165,327,356,421,9,14,1811
203021043,26,6,3,20,39,20,29,0,0,143,3,0,0,0,0,0,4,0,0,14,7,5,0,4,6,9,5,0,0,36,13,0,8,0,19,24,27,0,9,101,372,75,93,165,372,370,340,7,29,1826
203021044,28,0,9,7,13,17,37,0,0,110,0,0,0,0,0,0,0,0,0,0,4,0,5,0,0,0,4,0,0,16,0,0,0,0,0,4,3,0,0,15,102,4,26,26,62,60,66,0,0,357
203021045,52,13,4,15,41,57,53,0,4,247,6,0,0,0,0,0,0,0,0,9,8,4,4,0,3,19,11,0,0,46,5,0,6,0,6,3,8,0,0,33,244,52,52,57,145,162,174,0,18,901
203021046,17,4,5,13,13,14,8,0,3,69,10,0,0,0,4,0,0,0,0,15,9,0,0,0,6,10,8,0,5,44,8,3,0,3,9,3,10,0,0,35,211,26,35,62,117,89,103,0,15,660
203021047,138,17,40,58,100,78,69,0,0,497,3,0,0,3,0,0,0,0,0,8,24,9,3,4,15,21,36,0,0,112,43,0,4,7,21,30,24,0,7,133,668,100,143,219,463,460,459,7,26,2530
203021485,19,6,3,10,29,30,36,0,0,135,0,0,0,0,0,0,0,0,0,4,3,0,0,0,0,3,0,0,0,6,4,0,0,0,0,3,0,0,0,11,50,9,13,22,61,62,92,0,3,313
203021486,25,11,5,15,28,18,20,0,0,123,6,0,0,0,0,0,0,0,0,9,12,6,3,0,9,10,7,0,0,53,22,8,7,0,11,12,22,0,4,82,360,72,64,109,220,219,282,4,9,1334
203021487,58,3,6,27,76,89,107,0,3,373,0,0,0,4,0,6,3,0,0,19,7,0,0,5,11,0,10,0,4,36,11,4,5,0,5,7,24,0,3,58,243,35,54,94,261,266,332,0,19,1313
203021488,32,4,10,17,29,36,31,0,0,158,0,0,0,0,3,0,0,0,0,6,9,0,0,0,0,14,4,0,0,34,18,0,0,3,6,7,8,0,0,40,185,21,42,57,154,177,140,0,11,787
203031048,17,0,4,5,17,12,18,0,0,71,0,3,0,0,0,4,0,0,0,6,7,0,4,0,3,4,0,0,0,18,12,0,0,0,5,4,0,0,0,19,171,13,18,39,76,71,65,0,12,464
203031049,19,0,5,5,11,8,4,0,0,52,3,0,4,4,0,0,0,0,0,13,3,0,0,0,0,0,0,0,0,5,3,0,0,0,0,0,6,0,0,10,96,13,19,26,55,84,102,0,8,414
203031051,19,0,0,0,3,6,9,0,0,44,0,0,0,0,0,0,0,0,0,4,8,0,0,0,0,0,0,0,0,8,8,0,0,0,0,0,0,0,0,14,102,12,10,14,43,32,49,0,15,268
203031052,16,5,4,4,24,13,17,0,0,74,8,0,0,3,0,0,0,0,0,13,4,0,0,0,0,4,0,0,0,6,3,0,0,0,6,0,3,0,0,10,117,13,16,31,53,42,62,0,6,336
203031053,43,8,13,15,37,61,59,0,0,231,9,0,3,0,0,9,4,0,0,28,22,5,6,8,15,14,16,0,0,87,12,0,4,3,9,6,13,0,0,50,291,45,77,116,233,275,269,0,11,1322
203031489,0,0,4,0,15,9,14,0,0,45,0,0,0,0,4,0,3,0,0,24,0,0,0,0,8,5,4,0,0,12,3,0,0,3,0,6,3,0,0,22,86,16,30,36,74,84,90,4,6,410
203031490,38,3,9,19,37,36,36,0,0,184,8,0,0,0,0,0,0,0,0,14,11,6,0,0,9,8,8,0,0,41,13,0,4,0,3,12,5,0,9,44,220,30,39,62,148,132,155,0,17,799
204011054,29,0,4,5,6,11,9,0,4,71,4,0,0,0,0,0,0,0,0,7,3,0,0,0,0,3,0,0,0,8,6,0,0,0,6,0,4,0,0,14,143,16,26,25,24,43,72,0,13,355
204011055,16,0,9,3,18,11,17,0,0,74,5,0,0,4,4,11,15,0,0,31,4,0,0,0,0,0,0,0,0,6,4,0,0,0,0,7,3,0,0,9,87,10,12,19,46,48,55,0,10,278
204011056,42,8,9,18,50,39,23,0,0,184,3,0,0,3,6,4,0,0,0,15,6,0,0,0,0,8,0,0,5,19,10,0,4,3,6,3,0,0,5,31,192,31,51,77,155,125,109,3,22,764
204011057,33,0,8,5,4,5,4,0,3,60,9,0,0,0,0,0,0,0,0,7,6,0,0,0,0,0,4,0,0,21,13,0,0,0,0,3,3,0,0,31,219,27,31,53,57,60,109,6,19,568
204011058,10,0,3,9,6,9,5,0,0,33,0,0,0,0,0,0,0,0,0,5,0,0,0,0,0,0,0,0,0,0,3,0,0,0,0,5,7,0,0,15,67,5,7,25,38,62,64,0,9,273
204011059,22,0,0,6,18,24,13,0,7,99,0,0,0,0,0,4,0,0,0,5,5,0,0,0,0,7,4,0,0,17,0,0,3,0,3,6,5,0,4,19,98,17,12,32,70,80,74,0,22,402
204011060,0,0,0,0,0,0,0,0,0,3,0,0,0,0,0,0,0,0,0,0,0,0,0,0,0,0,0,0,0,0,9,0,0,0,4,0,0,0,0,14,94,18,15,19,54,31,20,5,3,258
204011061,0,0,0,0,0,0,0,0,0,0,0,0,0,0,0,0,0,0,0,0,0,0,0,0,0,0,0,0,0,0,0,0,0,0,0,0,0,0,0,0,0,0,0,0,0,0,0,0,0,10
204011062,9,0,0,0,0,0,0,0,0,12,0,0,0,0,0,0,0,0,0,0,0,0,0,0,0,0,0,0,0,5,3,0,0,5,0,3,0,0,0,7,70,5,5,11,17,15,9,0,8,138
204021063,51,4,5,4,20,11,32,0,3,126,0,0,0,0,0,0,0,0,0,3,9,0,0,3,0,0,0,0,0,14,11,0,0,4,0,0,6,0,0,24,182,26,29,48,89,88,158,0,9,629
204021064,0,0,0,3,0,0,0,0,0,6,0,0,0,0,0,0,0,0,0,3,0,0,0,0,0,0,0,0,0,0,0,0,0,0,0,0,0,0,0,3,30,0,3,5,3,9,5,0,0,74
204021065,4,3,0,0,7,0,0,0,0,13,0,0,0,0,0,0,0,0,0,0,0,0,0,0,0,0,0,0,0,0,0,0,0,0,0,0,0,0,0,7,48,8,13,8,28,15,12,0,0,134
204021066,107,20,26,35,46,54,114,3,4,417,3,0,0,0,0,0,5,0,0,13,11,0,5,0,4,6,3,0,0,37,13,0,0,0,6,3,6,0,0,37,356,48,68,89,152,147,224,4,16,1109
204021067,8,0,4,0,0,0,0,0,0,9,0,0,0,0,0,0,0,0,0,3,4,0,0,0,0,0,0,0,0,4,5,0,0,0,0,0,0,0,0,4,89,11,14,12,20,33,50,0,3,235
204031068,18,10,6,0,9,3,3,0,0,50,0,0,0,0,0,0,0,0,0,9,0,0,0,0,0,3,0,0,0,9,4,0,0,0,0,0,0,0,0,7,92,15,16,17,39,24,30,0,10,241
204031069,18,4,4,8,3,4,7,0,4,53,10,0,0,0,6,7,3,0,0,25,3,0,4,0,0,0,0,0,0,9,11,0,0,0,7,11,4,0,0,26,210,28,66,65,98,72,144,0,16,696
204031070,4,0,0,0,0,0,0,0,0,3,0,0,0,0,0,0,0,0,0,4,0,0,0,0,0,0,0,0,0,0,0,0,0,0,0,0,0,0,0,3,29,4,0,5,13,3,6,0,0,60
204031071,26,0,0,0,11,15,14,0,0,67,0,0,0,0,0,0,0,0,0,0,0,0,0,0,0,0,0,0,0,4,0,0,0,0,0,0,0,0,0,9,96,4,14,19,23,28,42,0,3,230
204031072,14,0,4,4,6,11,17,0,0,53,0,0,0,0,0,0,0,0,0,0,0,0,0,0,0,0,0,0,0,4,0,0,0,0,0,0,0,0,0,8,84,8,9,10,22,26,42,10,3,218
204031073,34,8,7,0,29,32,31,0,0,134,0,0,3,0,0,0,0,0,0,6,4,0,0,0,0,0,4,0,0,14,4,0,0,0,4,7,7,0,5,27,186,18,35,36,124,105,136,0,11,656
204031075,8,0,0,0,3,0,4,0,0,20,0,0,0,0,0,0,0,0,0,0,0,0,0,0,0,0,0,0,0,0,3,0,0,0,0,0,0,0,0,9,52,4,0,10,12,7,16,0,3,115
204031491,3,0,4,3,10,18,22,0,0,53,0,0,0,0,0,0,0,0,0,3,0,0,0,0,0,4,0,0,0,12,8,0,0,5,0,6,3,0,0,23,132,11,26,44,78,74,61,0,9,432
204031492,96,24,18,42,79,62,44,4,4,369,0,0,0,0,0,0,0,0,0,8,21,0,5,0,8,14,8,0,0,70,8,6,4,10,13,9,12,0,7,64,378,58,73,126,260,251,272,4,26,1455
205011076,35,0,15,14,40,23,29,0,0,160,3,0,0,6,4,0,0,0,0,10,10,0,0,0,6,5,0,0,0,20,11,4,0,0,8,8,3,0,0,28,213,21,32,61,120,106,75,0,18,650
205011077,4,0,0,0,3,5,5,0,0,16,0,0,0,0,0,0,3,0,0,9,0,0,0,0,0,0,0,0,0,4,6,0,0,0,7,0,6,0,0,14,88,12,9,14,32,35,83,5,5,292
205011078,7,0,4,4,9,3,0,0,0,30,0,0,0,0,0,0,0,0,0,11,4,0,0,0,0,4,0,0,0,8,0,0,0,3,0,0,0,0,7,9,93,9,28,32,55,46,52,0,15,327
205011079,105,23,37,46,99,67,57,0,4,432,5,0,0,0,0,0,0,0,0,7,24,6,10,9,16,20,9,0,0,85,17,3,0,6,6,9,11,0,0,49,483,67,112,141,274,212,310,3,23,1621
205021080,0,0,0,0,0,0,0,0,0,0,0,0,0,0,0,0,0,0,0,0,0,0,0,0,0,0,0,0,0,0,0,0,0,0,0,0,0,0,0,0,0,0,0,0,0,0,0,0,0,0
205021081,83,10,31,26,49,54,46,4,8,314,0,0,0,0,0,0,0,0,0,5,19,0,0,4,3,8,7,0,0,36,10,0,0,0,5,6,14,0,10,48,371,45,75,91,162,169,157,5,37,1112
205021082,5,0,3,0,0,0,0,0,0,19,0,0,0,0,4,0,0,0,0,7,0,0,0,0,0,0,0,0,0,4,3,0,0,3,0,3,10,0,0,18,81,7,13,13,18,49,103,3,10,301
205021083,0,0,0,0,0,0,0,0,0,0,0,0,0,0,0,0,0,0,0,0,0,0,0,0,0,0,0,0,0,0,0,0,0,0,0,0,0,0,0,0,0,0,0,0,0,0,0,0,0,0
205021084,25,0,9,6,13,18,9,0,0,86,0,0,0,0,0,0,0,0,0,4,6,0,0,3,0,3,0,0,0,13,6,0,0,0,0,0,0,0,0,16,127,12,20,35,55,63,48,0,12,369
205021085,20,4,0,6,0,3,5,0,0,40,7,0,0,0,0,0,0,0,0,5,4,0,0,0,0,0,0,0,0,4,3,0,0,0,4,0,0,0,0,7,117,19,14,16,25,11,29,0,3,227
205021086,11,0,4,5,8,11,10,0,0,46,4,0,0,0,0,0,3,0,0,0,0,0,0,0,0,0,0,0,0,0,3,0,0,0,0,0,0,0,0,4,45,0,10,8,20,20,22,0,3,139
205031087,29,3,0,4,9,4,3,0,0,51,0,0,0,0,0,0,0,0,0,7,3,0,0,0,0,0,0,0,0,4,8,0,0,0,0,4,0,0,0,17,176,14,27,41,54,36,37,5,13,398
205031088,0,0,0,0,0,0,0,0,0,0,0,0,0,0,0,0,0,0,0,0,0,0,0,0,0,0,0,0,0,0,0,0,0,0,0,0,0,0,0,0,5,0,0,0,0,0,4,0,0,15
205031089,16,4,4,7,20,13,6,0,0,66,0,0,0,0,0,0,0,0,0,0,6,0,0,0,0,0,0,0,0,10,3,0,0,5,5,3,0,0,0,22,137,14,21,41,66,58,68,4,15,430
205031090,48,6,11,11,21,22,22,3,8,139,4,0,0,0,0,0,0,0,0,6,10,0,0,3,9,3,3,0,0,29,11,0,3,0,0,0,0,0,0,16,257,16,40,45,89,70,64,3,11,590
205031091,48,9,3,6,9,23,25,0,0,120,18,4,3,3,8,3,3,0,0,45,8,0,0,0,4,0,6,0,0,19,11,0,0,0,0,9,0,0,0,18,270,32,54,57,96,92,122,0,18,732
205031092,0,0,0,0,0,0,0,0,0,0,0,0,0,0,0,0,0,0,0,0,0,0,0,0,0,0,0,0,0,0,0,0,0,0,0,0,0,0,0,0,0,0,0,0,0,0,0,0,0,7
205031093,107,15,16,33,63,77,37,0,4,351,6,3,0,0,0,0,0,0,0,18,12,0,3,13,10,8,3,0,0,58,19,4,3,8,7,8,7,0,0,51,449,56,63,117,193,212,119,3,33,1238
205041094,8,4,0,0,3,4,0,0,0,20,0,0,0,0,0,0,0,0,0,5,3,0,0,0,0,0,0,0,0,7,7,0,0,5,0,0,4,0,0,17,188,18,16,31,48,36,49,3,3,393
205041095,59,5,5,23,27,29,55,4,0,196,0,0,0,0,0,0,0,0,0,3,12,0,0,0,6,4,0,0,0,25,8,0,0,0,0,0,17,0,0,28,217,12,43,51,92,79,112,6,9,616
205041096,96,7,14,22,65,50,45,0,0,308,4,0,0,0,0,0,0,0,0,14,14,3,0,5,12,10,6,0,0,45,25,5,7,9,11,7,6,0,5,64,476,51,63,97,213,172,158,4,21,1247
205041098,0,0,0,0,0,0,0,0,0,4,0,0,0,0,0,0,0,0,0,0,0,0,0,0,0,0,0,0,0,0,4,0,0,0,0,0,0,0,0,4,12,0,0,0,6,0,0,0,5,30
205041493,36,5,13,33,41,41,64,0,0,227,5,0,0,0,0,0,0,0,0,4,9,0,10,3,9,11,15,0,6,50,8,0,4,5,3,0,4,0,0,29,239,37,66,101,176,148,167,6,23,944
205041494,112,21,33,62,101,87,95,3,5,511,0,0,0,0,0,0,0,0,0,6,0,0,0,0,9,3,4,0,0,10,6,0,3,3,0,7,5,0,3,25,224,35,57,96,157,127,133,4,14,849
205051099,0,0,0,0,0,0,0,0,0,0,0,0,0,0,0,0,0,0,0,0,0,0,0,0,0,0,0,0,0,0,0,0,0,0,0,0,0,0,0,0,0,0,0,0,0,0,0,0,0,0
205051100,0,0,0,0,3,0,0,0,0,8,0,0,0,0,0,0,0,0,0,0,0,0,0,0,0,4,0,0,0,4,7,0,0,4,0,0,6,0,0,14,98,15,23,49,64,38,39,0,7,333
205051101,18,3,3,0,4,9,6,0,0,50,3,0,0,0,0,0,0,0,0,5,0,0,0,0,0,0,0,0,0,8,5,0,0,0,4,3,4,0,5,19,126,13,25,25,40,67,102,0,6,406
205051102,11,0,0,0,0,3,3,0,0,16,0,0,0,0,0,0,0,0,0,0,0,0,0,0,0,0,0,0,0,0,3,0,0,0,0,0,0,0,0,5,69,12,14,6,24,29,40,0,6,205
205051103,80,15,15,26,66,48,54,0,3,319,4,0,0,0,0,0,0,0,0,8,5,0,0,3,4,8,4,0,0,33,13,0,0,0,4,6,3,0,6,32,284,43,58,81,164,145,135,4,13,928
205051104,8,0,4,5,3,3,3,0,0,33,0,0,0,0,0,0,0,0,0,0,4,0,0,0,0,0,0,0,0,3,4,0,0,0,0,0,0,0,0,8,69,5,11,13,22,20,21,0,10,166
206011106,19,10,9,5,14,17,18,0,0,94,9,3,4,0,9,4,4,0,0,22,17,4,8,6,11,3,7,0,0,52,19,0,6,8,9,10,10,0,6,72,239,52,65,89,155,185,287,0,11,1091
206011107,39,8,9,10,32,27,37,0,0,164,4,0,8,0,0,0,5,0,0,22,11,0,0,6,9,8,6,0,0,34,3,0,0,3,3,6,5,0,7,33,165,28,42,56,107,109,152,3,8,666
206011109,25,6,7,6,24,27,56,0,3,157,5,0,0,0,0,0,0,0,0,3,4,0,0,0,0,0,0,0,0,12,3,0,0,0,6,4,3,0,0,18,141,23,39,26,74,67,101,0,3,479
206011495,67,23,9,28,64,65,60,0,4,315,0,4,5,4,4,0,0,0,0,17,24,7,9,3,6,10,9,0,0,63,18,8,8,12,12,17,22,0,3,101,455,94,109,159,231,261,352,4,16,1688
206011496,90,16,27,35,91,83,77,4,0,427,15,0,7,3,8,12,13,0,3,65,37,12,5,11,26,19,24,0,0,142,48,9,9,23,33,39,47,8,8,216,663,143,180,236,462,496,697,30,35,2952
206011497,107,42,36,41,74,80,91,0,3,477,3,0,0,0,0,3,0,0,0,18,30,7,9,9,26,11,17,0,0,109,24,5,7,9,18,11,24,0,3,99,594,148,185,213,357,312,422,9,20,2261
206011498,83,21,19,37,85,70,58,3,3,376,3,0,0,0,3,0,3,0,0,10,9,4,0,0,0,0,3,0,0,14,8,0,4,5,3,7,12,0,0,37,198,41,43,64,147,128,129,6,7,762
206021110,52,6,20,18,31,20,35,0,0,187,10,0,0,3,0,0,0,0,0,19,17,0,4,6,4,12,4,0,0,38,34,6,11,21,25,18,31,0,4,145,387,78,107,188,240,242,282,0,21,1541
206021112,95,11,13,28,93,104,79,0,3,425,10,5,0,4,0,12,3,0,0,32,32,0,7,10,19,22,26,0,0,113,31,8,8,9,12,12,20,0,5,109,521,110,112,150,295,315,361,0,15,1883
206021499,38,9,16,25,38,35,38,0,3,210,9,3,3,0,6,3,0,0,0,22,11,3,0,0,10,15,7,0,0,51,12,0,4,5,8,11,6,0,4,51,274,62,69,105,178,217,199,0,16,1119
206021500,38,11,12,12,31,26,31,0,0,173,15,5,3,4,6,4,6,0,0,45,25,6,5,4,12,13,11,0,0,85,4,5,3,0,8,8,14,0,6,55,237,61,82,95,142,176,252,4,23,1076
206031113,21,8,8,9,20,24,25,0,3,122,8,0,0,5,3,7,3,0,0,17,11,3,8,7,11,14,9,0,0,57,7,0,0,3,8,6,5,0,0,42,206,49,44,77,134,144,199,5,12,859
206031115,50,18,22,30,59,52,32,0,4,258,4,0,5,0,0,9,14,0,0,40,6,7,0,4,0,5,5,4,0,27,16,3,3,13,13,11,12,0,9,65,278,77,93,112,210,212,253,3,15,1249
206031116,111,22,44,51,104,112,115,0,8,565,5,0,0,4,3,5,0,0,0,18,37,4,6,10,19,19,14,0,3,112,24,3,0,15,19,25,21,0,8,120,716,153,179,262,464,376,488,5,39,2672
206031501,41,12,20,27,55,42,50,0,0,239,9,0,4,0,0,0,3,0,0,13,5,0,4,8,3,8,10,0,0,43,16,0,0,0,9,17,10,0,6,52,294,46,76,105,177,164,226,6,16,1112
206031502,43,6,27,18,39,39,47,0,4,221,6,0,0,3,5,0,3,0,0,15,21,3,9,14,9,10,9,0,0,71,6,4,0,8,9,8,12,0,0,42,292,42,71,89,174,176,254,0,16,1123
206041117,246,78,97,114,194,200,228,6,9,1171,45,12,16,11,15,18,26,0,3,157,106,17,25,29,65,81,59,0,5,388,38,16,13,16,39,41,81,0,8,261,1354,417,519,730,1147,1376,1956,41,70,7608
206041118,46,10,22,42,72,70,76,0,0,346,84,24,25,44,69,63,74,0,5,391,23,6,7,9,35,32,47,0,4,163,116,35,60,113,190,183,266,4,57,1019,6402,2158,3085,5009,7174,7504,8165,155,262,39906
206041119,514,125,141,213,297,264,264,3,13,1834,69,15,25,32,56,82,55,5,3,344,75,21,17,50,67,54,46,4,0,334,37,8,19,15,37,40,64,0,14,228,1727,431,531,810,1123,1164,1198,25,56,7052
206041120,5,0,0,4,5,13,12,0,0,44,36,4,9,9,18,34,19,0,3,135,0,0,0,3,0,0,0,0,0,5,4,0,0,0,3,0,5,0,0,16,73,10,21,32,63,75,67,0,9,355
206041121,51,21,9,22,33,30,23,0,0,175,0,0,0,5,0,4,0,0,0,14,12,8,4,3,10,7,8,0,0,58,29,10,8,16,20,20,25,0,6,133,412,129,131,233,308,329,404,7,17,1979
206041124,1415,416,570,808,1250,1064,955,69,42,6583,21,5,7,7,19,17,14,0,4,102,25,6,11,9,27,7,24,0,4,119,36,15,26,21,57,68,82,0,21,327,2640,779,1044,1533,2368,2331,2345,106,99,13249
206041125,575,177,229,334,587,612,627,7,19,3169,10,6,5,0,8,4,0,0,0,30,23,5,6,6,19,13,17,0,0,100,47,13,20,22,47,42,78,0,13,275,1447,425,617,898,1506,1651,1997,32,65,8640
206041127,0,0,0,0,3,0,0,0,0,8,0,0,0,0,0,0,0,0,0,4,3,0,0,0,0,8,4,0,0,22,20,4,4,15,17,17,25,0,4,102,363,78,91,155,340,225,246,6,23,1532
206041503,323,77,109,173,237,253,259,0,9,1435,39,9,21,25,39,33,69,0,4,236,113,34,54,68,126,142,202,0,4,732,176,63,67,143,255,256,436,7,79,1485,7941,2404,3528,5651,7901,8434,9956,202,372,46391
206041504,40,9,20,40,42,40,69,0,4,268,9,3,9,12,9,8,29,0,0,75,44,16,18,41,57,60,84,0,5,324,42,19,26,31,77,94,175,0,28,492,1847,601,861,1391,2101,2346,3225,49,106,12525
206041505,219,59,110,134,210,251,248,7,13,1247,50,29,39,41,82,129,118,0,3,491,121,45,34,107,142,145,140,0,0,747,232,74,140,179,314,347,591,12,85,1978,7946,2489,3725,5655,8602,9601,11179,208,418,49826
206041506,115,34,35,64,81,89,85,5,3,508,18,0,9,3,8,5,8,0,0,62,97,26,38,35,59,88,68,6,4,412,46,14,13,25,30,64,67,0,12,269,903,202,328,450,684,828,1045,17,47,4502
206041507,0,0,0,0,0,0,0,0,0,5,18,0,0,4,12,3,0,0,0,46,0,0,0,0,0,0,0,0,0,0,0,0,0,0,0,0,0,0,0,0,33,3,7,7,18,14,13,0,0,100
206041508,30,5,9,25,34,45,56,3,7,213,427,171,266,421,598,322,214,0,17,2437,58,11,17,37,54,58,59,0,0,296,60,13,20,39,64,90,103,3,14,413,2009,685,1065,1627,2568,2537,2981,54,108,13630
206041509,45,9,21,35,49,49,59,0,0,264,74,21,44,31,46,64,67,0,0,352,10,6,6,3,17,5,8,0,0,49,28,9,3,27,29,48,59,0,9,205,800,202,333,506,778,857,1226,27,51,4782
206041510,54,20,25,38,50,40,63,0,0,291,9,0,6,6,0,11,9,0,0,46,23,6,7,14,13,18,39,0,0,128,12,8,5,22,16,21,32,0,0,123,380,102,149,250,354,397,552,13,16,2217
206051128,94,21,37,50,87,73,87,0,6,458,24,5,6,9,25,16,20,0,0,102,36,0,11,9,31,18,18,0,0,125,48,11,28,42,63,66,75,3,15,352,1043,295,489,770,1178,1200,1605,43,50,6668
206051129,18,7,3,16,30,25,23,0,0,124,6,0,3,0,4,7,0,0,0,14,9,3,0,4,9,7,26,0,5,62,12,0,0,0,3,9,10,0,0,37,216,47,58,102,158,179,216,0,11,980
206051130,37,9,6,16,24,34,50,0,0,174,4,0,0,0,0,3,8,0,0,12,16,5,6,10,14,16,20,0,0,92,19,0,8,12,20,13,32,0,4,109,327,78,101,142,258,309,431,4,16,1670
206051134,38,10,10,18,30,30,37,0,0,177,9,0,0,4,5,6,3,0,4,27,21,9,4,6,16,18,14,0,0,92,10,0,9,7,11,15,19,0,6,70,287,79,89,127,227,225,432,7,21,1500
206051511,73,22,38,49,97,76,104,0,7,464,18,3,10,9,10,12,14,4,0,70,78,15,20,23,77,88,84,0,6,399,131,32,61,80,132,147,168,11,29,794,2291,659,818,1275,2190,2130,2771,41,114,12298
206051512,113,35,49,54,117,144,171,4,5,697,18,4,9,4,7,9,14,0,0,71,61,20,14,23,47,42,49,0,0,256,58,25,34,45,80,94,119,3,22,465,1432,452,590,866,1471,1668,2217,40,69,8800
206051513,63,18,25,30,35,48,102,0,3,323,11,0,5,3,3,8,5,0,0,44,25,8,5,6,12,21,17,0,0,95,19,4,7,11,19,22,33,0,0,120,485,107,151,199,326,357,564,12,10,2202
206051514,125,55,38,61,119,148,170,0,6,717,19,4,4,14,14,14,20,0,0,98,40,9,9,15,36,43,32,0,0,186,25,9,7,23,35,37,38,0,10,178,622,175,236,416,673,827,1211,21,36,4214
206061135,86,30,31,45,103,98,100,4,4,499,12,0,0,0,0,4,3,0,0,24,23,10,7,13,25,30,29,5,0,136,10,0,3,13,15,22,17,0,3,74,559,134,187,253,398,403,546,13,28,2517
206061136,162,43,42,84,134,164,164,10,8,802,13,4,4,10,9,16,11,0,0,64,57,14,6,19,49,33,63,0,0,240,28,12,22,21,43,46,67,0,9,240,707,191,275,446,647,783,1185,24,49,4299
206061138,59,12,11,17,34,33,42,0,0,203,6,0,0,3,0,0,0,0,0,14,19,0,3,15,10,12,17,0,3,74,21,4,13,8,16,10,14,0,0,87,450,77,109,173,249,234,325,6,20,1652
206061515,38,3,18,21,50,50,60,0,0,237,3,0,0,6,4,8,4,0,0,35,14,5,7,12,16,26,27,0,4,111,18,9,13,17,21,27,46,4,9,163,423,136,186,259,513,547,783,23,22,2878
206061516,47,10,14,25,45,47,66,0,0,250,5,0,4,5,0,3,4,0,0,24,17,7,9,6,21,38,37,0,0,141,20,6,6,15,16,25,46,0,9,137,421,120,177,224,414,523,845,15,28,2770
206071139,79,26,22,31,70,71,52,0,5,357,17,3,0,9,11,14,15,0,0,69,37,9,9,7,15,13,25,0,0,112,37,15,15,24,38,47,79,3,12,280,820,230,305,469,685,729,849,15,33,4142
206071140,30,4,16,3,11,17,13,4,0,100,8,3,0,0,0,3,4,0,0,24,10,0,0,3,6,9,8,0,0,41,6,0,5,0,0,0,13,0,3,34,184,37,54,45,98,100,127,7,9,666
206071141,137,44,41,66,91,99,80,0,5,563,26,7,6,4,10,22,12,0,0,84,33,10,9,16,22,37,36,0,0,165,41,15,13,28,51,63,75,0,11,293,882,267,332,494,837,1021,1197,27,52,5130
206071142,582,156,206,268,428,399,317,18,18,2395,12,9,0,5,10,10,16,0,0,65,27,4,5,14,14,45,35,0,4,152,33,16,15,31,36,52,64,0,17,255,1130,305,423,627,909,1004,1225,34,70,5730
206071143,62,16,14,32,42,50,80,0,3,306,11,0,0,5,0,8,7,0,0,26,19,0,4,0,12,15,5,0,0,63,12,4,0,0,16,7,13,0,0,59,309,68,95,125,249,267,347,8,22,1486
206071145,107,21,31,37,90,82,105,5,4,482,14,0,0,0,9,3,5,0,0,27,18,3,0,8,5,10,8,0,0,45,15,4,7,9,15,10,14,0,0,81,329,60,99,120,244,249,292,3,18,1420
206071517,143,25,42,63,84,114,110,4,3,589,23,6,9,22,28,27,35,0,4,146,46,3,18,27,40,58,66,0,4,276,106,26,41,73,92,122,178,3,25,670,1629,461,720,1168,1821,2278,2613,65,111,10865
206071518,455,121,161,297,412,359,369,3,15,2197,7,3,3,7,9,11,11,0,0,53,47,10,17,14,34,45,41,6,3,217,42,9,14,30,43,51,90,0,9,293,1202,343,429,693,1088,1006,1281,23,55,6114
207011146,64,14,16,21,38,48,61,0,3,261,3,0,0,5,4,0,0,0,0,10,5,0,4,5,5,3,9,0,0,34,3,0,0,4,8,4,8,0,4,28,189,39,60,104,131,133,155,0,9,822
207011147,89,21,38,44,50,61,83,0,3,388,3,0,0,0,8,0,0,0,0,6,17,7,3,8,16,18,11,0,0,81,6,7,8,4,11,22,27,0,5,94,461,123,148,242,370,314,388,3,36,2081
207011148,80,21,20,33,42,36,39,0,0,273,4,0,7,5,0,0,0,0,0,19,31,6,0,10,6,10,6,0,0,63,23,4,3,8,12,23,29,0,7,109,450,89,120,211,217,222,256,5,16,1595
207011149,185,53,77,94,204,223,265,0,7,1100,3,3,0,6,3,0,0,0,0,15,33,10,13,14,22,25,22,0,6,146,30,5,18,15,36,22,41,0,3,174,791,198,289,403,662,678,763,6,35,3812
207011150,119,31,26,49,76,66,59,0,0,421,0,0,0,0,0,0,0,0,0,8,15,0,3,0,6,16,10,0,6,53,25,4,0,15,16,21,30,0,5,123,668,172,249,356,499,604,612,14,34,3209
207011152,135,42,45,60,93,90,61,0,3,531,8,4,0,0,0,0,7,0,0,23,15,6,0,11,16,19,17,0,0,88,31,12,13,25,38,33,52,0,10,216,914,240,330,528,759,790,821,14,40,4438
207011154,58,13,19,21,25,46,38,0,4,216,0,0,0,0,4,3,0,0,0,13,10,0,0,4,0,0,5,0,0,26,9,3,0,5,6,13,11,0,5,48,241,39,56,99,143,148,157,0,8,889
207011155,124,29,46,50,129,69,109,0,0,551,0,0,0,0,6,0,0,0,0,12,28,5,7,7,8,12,11,0,4,85,20,6,8,6,27,18,14,0,3,99,554,105,187,262,415,343,431,7,19,2323
207011519,52,22,23,29,29,46,46,0,3,252,5,0,0,5,3,0,6,0,0,20,18,4,5,4,8,12,13,0,0,65,8,7,8,11,19,23,42,0,5,114,502,135,231,324,497,541,691,12,21,2964
207011520,128,35,45,50,84,101,124,0,7,573,6,0,0,3,4,0,3,0,0,18,27,10,10,9,15,9,31,0,0,104,22,8,4,19,27,35,52,3,8,172,707,166,257,351,596,602,774,22,38,3517
207011521,107,22,27,51,86,75,63,0,5,433,4,0,3,0,3,3,0,0,0,12,12,0,3,4,9,8,8,0,0,51,15,3,17,8,34,19,16,0,7,107,646,155,219,308,418,379,370,8,34,2530
207011522,138,28,33,55,104,92,81,0,5,545,0,0,6,0,0,0,0,0,0,9,7,6,7,7,9,0,6,0,0,37,9,4,5,11,13,13,17,0,8,70,424,97,121,212,279,260,317,0,21,1734
207021156,39,23,12,14,29,20,10,0,4,153,4,0,0,0,0,0,5,0,0,14,17,4,3,0,11,10,14,0,0,61,11,3,5,0,11,14,14,0,0,57,285,74,85,93,181,169,173,0,16,1074
207021157,90,24,48,54,62,66,70,0,3,424,9,0,0,3,4,5,8,0,0,33,32,9,11,23,48,38,48,0,0,198,22,9,10,17,24,28,39,0,11,159,747,182,302,445,732,733,700,11,49,3904
207021159,63,24,20,29,86,99,130,0,3,456,7,0,0,3,4,4,3,0,0,22,6,4,3,8,11,3,0,0,0,42,9,0,6,10,10,16,10,0,3,62,304,95,79,146,227,222,245,4,13,1340
207021160,158,43,35,67,104,86,85,0,7,589,5,0,0,6,0,3,0,0,0,16,6,4,0,0,0,4,0,0,0,27,8,4,3,9,9,3,4,0,7,42,342,87,93,157,219,189,196,6,16,1305
207021424,41,14,25,29,51,46,55,0,0,264,0,3,0,0,0,0,0,0,0,10,16,7,6,6,11,10,3,0,0,48,8,3,3,15,10,9,10,0,5,65,260,94,93,156,229,201,261,10,11,1301
207021425,93,25,29,52,84,50,42,0,0,371,0,0,4,0,0,0,0,0,0,6,26,6,5,7,12,14,12,0,0,72,9,5,10,12,21,18,29,0,3,101,475,116,155,245,433,290,346,5,20,2082
207031161,138,39,51,69,120,87,132,0,0,641,9,0,3,0,0,0,3,0,0,17,69,22,26,45,69,45,52,3,4,337,31,13,7,18,37,40,37,0,9,196,681,185,230,405,599,503,526,6,26,3164
207031162,65,16,22,25,58,51,52,3,3,295,0,0,0,0,0,0,0,0,0,4,9,4,7,5,4,8,0,0,0,38,8,0,0,0,5,8,14,0,0,29,159,36,57,75,139,140,138,0,13,762
207031163,631,233,283,505,669,568,374,8,25,3291,29,0,13,20,25,21,17,0,0,128,38,18,13,29,54,48,54,0,8,263,51,9,21,45,55,71,127,4,27,407,1738,576,815,1333,1868,1824,1744,23,94,10021
207031164,57,16,24,22,30,31,26,0,0,205,0,0,0,4,0,0,0,0,0,5,28,6,12,3,12,15,19,0,4,101,19,0,9,11,8,18,21,0,6,86,264,67,118,135,197,185,206,3,14,1189
207031165,48,16,31,39,65,65,55,0,0,328,0,0,0,5,0,0,4,0,0,5,25,4,6,8,14,11,18,0,0,95,21,0,13,12,23,32,44,0,6,157,569,170,289,437,578,553,729,11,20,3365
207031166,63,15,13,29,37,44,41,0,4,244,0,0,0,0,0,0,0,0,0,8,59,13,25,46,48,55,44,0,0,297,3,4,5,4,20,18,20,0,7,91,481,124,195,318,413,404,435,0,24,2393
207031167,51,9,29,44,76,76,108,0,0,384,3,0,0,0,4,0,0,0,0,9,9,3,0,5,3,4,3,0,0,23,5,0,0,6,7,9,20,0,0,49,266,43,101,162,216,198,244,3,12,1238
208011168,37,9,11,11,24,21,23,0,0,137,0,0,0,0,0,0,0,0,0,5,8,4,4,4,11,5,0,0,0,41,12,3,0,3,0,4,6,0,3,34,236,45,62,113,128,110,106,0,22,829
208011169,189,54,54,97,156,156,162,0,3,870,8,0,0,4,3,3,5,0,0,28,30,12,9,16,21,17,32,0,0,133,32,8,6,17,26,30,35,6,7,173,851,219,266,392,520,573,723,11,40,3593
208011170,67,21,20,50,96,86,117,0,3,455,4,0,5,0,6,7,0,0,0,18,11,7,3,0,3,5,9,0,0,42,10,7,6,7,11,10,16,0,0,63,339,75,112,165,252,227,287,0,15,1469
208011171,56,24,22,31,51,62,67,0,6,327,7,0,0,3,3,8,0,0,0,27,18,0,0,7,4,12,10,0,0,59,52,13,17,16,27,18,28,0,0,172,535,152,196,250,364,314,393,11,17,2225
208011172,80,26,14,28,63,40,39,0,4,298,3,0,4,0,5,5,0,0,0,12,13,3,10,10,14,16,8,0,0,75,24,4,3,8,8,8,14,0,3,77,368,100,102,179,246,214,287,0,22,1514
208011173,119,32,52,57,139,106,102,0,8,610,19,10,0,10,7,3,4,0,0,55,15,4,0,4,10,0,7,0,0,45,29,6,9,11,10,6,11,0,3,81,488,125,178,231,349,282,293,4,27,1980
208021174,132,43,28,56,90,93,75,0,4,529,9,0,0,5,5,3,0,0,0,16,26,6,11,17,23,27,30,0,7,145,14,7,3,9,23,14,25,0,3,108,596,210,208,315,444,414,444,5,31,2664
208021176,69,38,31,40,77,63,105,0,5,418,0,0,0,0,5,4,4,0,0,9,19,4,6,6,16,21,21,0,0,98,12,4,0,12,12,23,31,0,4,104,277,104,120,176,326,325,473,3,22,1824
208021177,138,38,47,52,118,121,160,0,9,677,11,3,5,3,5,5,13,0,0,59,36,8,14,10,17,12,14,0,0,108,33,3,9,10,21,17,38,3,5,136,810,196,287,309,510,489,715,13,29,3355
208021178,215,81,88,114,180,181,255,3,10,1126,13,0,0,3,0,0,3,0,0,24,44,9,15,13,15,9,8,0,0,113,31,7,0,13,17,13,25,0,7,108,773,197,230,293,412,369,492,14,35,2816
208021179,66,24,26,32,50,59,88,0,0,355,5,3,0,4,0,0,0,0,0,11,32,10,7,9,26,31,25,0,0,138,26,7,7,12,14,22,18,0,6,100,427,114,139,173,322,309,470,12,26,1984
208021180,32,5,17,8,28,25,29,0,0,146,0,0,0,0,0,0,0,0,0,0,9,0,3,0,4,3,5,0,0,22,9,0,3,8,8,5,7,0,0,36,137,16,47,54,87,92,104,0,8,561
208021181,16,7,11,10,25,13,32,0,0,122,0,0,0,0,0,0,0,0,0,0,3,0,0,0,3,4,3,0,0,22,4,0,0,7,9,4,9,0,0,30,121,29,43,48,100,98,146,0,9,595
208021182,62,17,17,23,26,29,34,0,0,210,4,0,0,0,0,0,0,0,0,4,5,4,3,4,15,15,14,0,0,63,6,0,4,0,10,8,10,0,0,44,252,73,72,116,168,160,245,5,13,1096
208021426,148,49,45,64,119,77,53,0,0,555,3,0,4,7,0,7,4,0,0,22,32,7,9,3,20,9,15,0,0,104,17,7,6,13,18,25,25,0,8,122,516,146,206,277,411,382,365,0,25,2333
208021427,23,14,11,23,33,16,30,0,0,154,5,0,0,0,4,0,0,0,0,13,6,5,0,4,4,3,3,0,0,32,8,0,6,3,13,4,7,0,0,39,204,69,76,103,135,136,140,0,5,874
208031183,13,6,7,9,17,20,0,0,4,78,4,0,0,0,0,0,0,0,0,6,11,3,0,4,5,0,4,0,0,21,21,4,5,7,7,3,12,0,0,62,167,47,45,70,106,87,91,0,13,623
208031184,17,8,18,9,10,16,18,0,0,90,3,0,0,8,3,3,5,0,0,28,58,15,16,14,37,13,16,0,0,169,194,63,62,83,132,110,112,0,20,777,1593,425,474,616,997,776,804,9,63,5758
208031185,19,8,8,12,29,32,9,0,0,117,0,0,0,0,0,0,0,0,0,4,13,3,4,0,6,0,4,0,0,31,4,0,6,10,0,8,10,0,0,41,171,29,59,79,105,97,65,0,3,606
208031186,67,18,23,39,97,46,38,0,0,337,0,0,0,0,0,0,0,0,0,0,7,7,0,3,4,4,0,0,0,36,7,3,0,6,7,10,3,0,0,36,209,54,51,96,192,135,111,0,3,863
208031187,26,7,6,7,18,10,15,0,0,86,3,0,0,0,0,0,0,0,0,5,4,0,0,0,7,0,4,0,0,18,8,3,4,4,10,9,3,0,0,43,152,39,50,51,113,81,102,3,4,599
208031188,139,45,48,65,135,149,167,0,7,758,5,0,0,12,7,5,7,0,0,33,52,8,17,28,39,41,65,0,5,259,71,17,28,44,70,51,67,0,16,372,1183,306,374,653,926,816,945,15,60,5281
208031189,21,14,8,10,16,27,16,0,3,96,6,0,0,0,0,0,3,0,0,7,3,5,0,3,5,0,4,0,0,17,5,6,3,3,0,3,4,0,0,22,157,49,56,59,80,82,73,0,9,567
208031190,61,16,25,24,66,49,59,0,0,308,3,0,0,5,0,3,0,0,0,15,16,3,5,4,11,12,19,0,0,73,25,4,7,8,10,6,13,0,7,83,466,89,138,181,316,233,306,7,22,1752
208031191,290,95,71,153,244,200,226,4,10,1283,7,4,4,13,14,9,8,0,0,65,91,23,29,37,71,38,72,0,8,363,120,44,47,55,104,106,108,0,31,622,1802,482,518,826,1356,1119,1244,12,106,7464
208031192,3,0,0,0,3,0,4,0,0,11,0,0,0,0,0,0,0,0,0,3,0,5,0,5,0,0,4,0,0,18,17,3,7,9,21,13,19,0,0,96,271,78,117,168,261,200,194,0,7,1296
208031193,86,24,40,46,80,79,68,0,0,422,8,0,6,3,7,4,0,0,0,27,34,4,9,10,12,11,19,0,0,104,60,23,17,22,45,43,35,0,12,257,633,178,218,312,477,464,540,0,41,2854
208041194,447,114,162,264,388,333,352,5,16,2079,12,3,4,5,8,5,9,0,0,46,37,12,12,6,25,22,26,0,0,153,34,3,17,20,24,40,39,0,7,191,993,238,323,498,759,703,862,18,42,4435
208041195,116,26,48,78,160,198,282,0,8,922,7,0,0,4,5,9,7,0,0,43,24,8,6,15,25,26,36,0,4,152,34,13,17,26,39,46,59,0,18,249,842,233,374,590,1010,1047,1355,13,61,5521
209011196,30,4,17,21,46,30,23,0,4,171,0,0,0,0,0,0,4,0,0,12,21,5,4,6,9,8,10,0,0,55,7,3,3,0,14,10,8,0,5,41,168,35,55,79,136,81,117,0,11,690
209011197,84,19,25,44,65,77,81,3,0,395,6,0,0,3,0,3,0,0,0,17,22,6,12,14,15,30,30,0,3,120,11,0,8,7,17,14,17,0,9,74,450,106,121,186,311,291,331,3,26,1827
209011198,942,243,311,453,703,616,490,12,28,3795,3,0,0,0,0,0,0,0,0,6,18,7,11,8,12,7,11,0,0,69,25,9,9,12,20,21,29,0,17,149,1264,327,402,608,949,835,775,18,57,5234
209011199,177,47,48,76,133,102,85,0,7,669,3,0,3,0,0,3,0,0,0,17,26,4,8,10,14,19,10,0,0,93,57,8,22,11,28,59,43,0,10,239,772,203,230,257,499,450,452,9,34,2904
209011200,83,29,19,19,104,66,66,0,3,388,0,4,0,0,0,0,0,0,0,10,10,0,3,0,5,12,7,0,0,42,7,0,0,3,10,4,10,0,0,40,355,94,87,115,241,202,225,4,16,1332
209011201,28,5,6,13,11,13,13,0,3,94,0,0,0,4,0,0,0,0,0,3,0,4,5,3,0,4,4,0,0,19,0,0,0,0,0,0,5,0,0,8,125,23,28,22,51,49,47,0,3,347
209011202,58,7,24,21,44,31,34,0,0,214,4,0,0,0,0,0,0,0,0,13,4,0,4,0,0,0,3,0,0,15,7,0,0,8,0,0,3,0,0,27,219,37,61,98,130,85,105,0,0,750
209011203,44,5,10,19,76,49,38,0,4,245,3,0,0,4,4,0,0,0,0,13,3,0,0,0,4,9,5,0,0,13,4,4,0,3,6,0,10,0,0,28,246,51,81,118,221,138,117,0,7,979
209011204,17,4,4,6,17,4,14,0,4,71,0,0,0,0,0,0,0,0,0,0,11,0,0,5,8,0,5,0,0,30,3,0,0,4,3,0,3,0,0,15,116,21,28,39,72,45,52,0,10,380
209021205,95,25,35,63,106,46,44,0,0,417,3,0,0,0,6,5,3,0,0,24,3,0,3,0,6,11,5,0,0,31,11,0,5,12,14,17,22,0,9,89,516,134,199,324,463,390,390,3,22,2444
209021428,212,70,77,119,211,191,160,4,16,1063,6,6,5,3,11,5,6,0,0,45,79,26,30,38,56,55,77,0,10,364,71,25,37,24,55,60,94,0,20,393,1623,425,536,690,1054,1107,1243,9,98,6785
209021429,31,13,16,21,39,37,38,0,4,196,0,0,0,0,3,0,3,0,0,10,6,0,3,3,6,5,5,0,0,25,7,0,0,5,0,5,9,0,0,29,233,53,62,96,168,145,187,0,13,964
209021523,40,12,12,20,70,60,50,0,0,261,0,0,0,0,0,0,0,0,0,3,5,4,0,0,4,7,3,0,0,20,7,0,0,0,7,0,6,0,3,25,128,30,39,54,147,149,141,0,16,692
209021524,24,10,10,14,50,18,23,0,0,146,0,0,0,0,0,0,0,0,0,5,9,0,0,0,0,3,5,0,0,13,0,5,0,0,0,7,0,0,0,26,108,24,27,37,107,64,78,0,3,452
209021525,69,15,5,19,49,46,57,0,0,258,0,0,0,0,4,0,0,0,3,9,9,5,0,4,3,10,8,0,0,34,4,0,0,0,5,3,14,0,3,37,182,47,36,55,131,133,197,0,13,792
209021526,49,8,10,24,34,37,35,0,0,203,0,0,0,0,3,0,3,0,0,13,23,5,9,3,15,10,23,0,3,86,62,14,3,18,25,11,31,0,6,172,538,126,135,177,294,266,336,4,27,1904
209031209,66,15,20,26,61,33,27,0,0,257,11,0,0,5,11,0,0,0,0,31,17,0,6,11,8,5,5,0,0,58,17,5,5,6,10,4,7,0,4,62,431,67,116,160,256,166,191,0,26,1406
209031210,6,4,4,0,6,3,0,0,0,21,0,0,0,0,0,0,0,0,0,4,0,0,0,0,0,0,0,0,0,0,0,0,0,0,4,0,4,0,0,3,40,10,14,13,17,14,11,0,0,119
209031211,4,0,0,0,0,0,0,0,0,3,0,0,0,0,0,0,0,0,0,0,0,0,0,0,0,0,0,0,0,0,3,0,0,3,0,0,0,0,0,9,43,6,6,9,23,19,24,0,7,142
209031212,6,0,0,0,0,0,0,0,0,9,0,0,0,0,0,0,0,0,0,4,4,0,0,0,0,0,0,0,0,8,3,0,0,3,3,3,0,0,0,14,92,12,15,11,36,30,14,0,6,215
209031213,25,11,7,21,60,43,46,0,0,212,0,0,0,0,3,0,0,0,0,3,8,0,0,0,0,0,0,0,0,14,4,0,0,0,5,0,5,0,0,22,151,33,24,53,99,89,85,0,7,540
209031214,8,0,3,0,9,0,4,0,0,18,3,0,0,0,3,0,0,0,0,12,10,3,0,0,0,0,0,0,0,17,10,0,3,8,0,0,0,0,0,24,124,11,25,37,44,34,23,0,4,291
209031215,23,3,12,14,24,38,21,0,3,137,0,0,0,0,5,0,0,0,0,6,0,0,6,0,9,4,0,0,0,19,3,0,0,4,4,3,0,0,0,24,148,33,30,65,98,101,78,0,4,563
209041216,65,27,42,37,114,70,77,0,9,445,0,0,0,0,0,0,0,0,0,0,8,4,10,7,6,3,4,0,0,44,12,5,4,15,12,13,21,0,4,90,410,135,156,213,465,295,293,0,23,1990
209041217,64,16,28,24,54,44,30,0,0,261,0,0,0,0,0,0,0,0,0,0,0,3,0,0,3,5,0,0,0,20,3,0,5,6,0,3,11,0,0,23,143,40,60,73,116,98,119,0,3,653
209041220,71,27,32,49,125,76,70,0,0,448,9,0,0,4,7,7,3,0,0,24,15,6,0,7,8,14,13,0,0,73,19,7,6,0,14,18,15,0,5,94,408,101,126,195,395,311,331,4,31,1891
209041221,11,6,8,8,12,14,10,0,0,65,0,0,0,0,0,0,0,0,0,0,3,0,0,3,3,0,0,0,0,7,11,0,0,0,0,8,5,0,0,25,88,16,22,33,51,63,48,0,3,327
209041223,58,21,19,34,78,65,53,0,0,329,13,0,0,3,8,4,5,0,0,25,78,11,22,17,50,29,44,0,5,259,184,50,38,60,118,119,126,0,45,748,1777,480,482,578,1248,1031,1155,16,122,6886
209041224,10,0,0,12,35,21,13,0,0,100,3,0,0,3,5,3,0,0,0,16,6,0,3,4,11,8,7,0,0,41,5,0,0,3,9,15,5,0,3,43,133,25,44,73,217,174,157,0,13,828
209041225,21,3,14,11,29,24,34,0,0,138,3,0,0,0,0,0,0,0,0,6,3,0,0,0,0,8,3,0,0,16,4,0,0,3,7,8,3,0,0,23,135,25,36,58,117,94,109,0,13,590
209041431,39,7,18,20,96,69,51,0,0,301,0,0,0,0,0,0,0,0,0,0,0,4,0,0,3,0,0,0,0,9,0,0,5,0,4,3,14,0,0,27,115,36,64,71,164,127,130,0,15,724
209041432,369,141,149,246,576,430,320,12,23,2262,8,0,3,10,3,0,7,0,0,34,37,9,9,9,36,34,36,0,0,173,81,21,25,48,89,66,79,0,21,436,1171,348,392,640,1436,1094,1085,24,75,6267
209041433,16,9,4,24,56,43,27,0,0,173,3,0,0,0,9,3,0,0,0,24,3,0,5,0,9,8,7,0,0,36,18,9,10,4,26,22,27,0,6,113,206,60,97,152,359,274,314,5,8,1478
209041435,4,0,4,13,17,24,12,0,0,70,0,0,0,0,0,0,0,0,0,3,7,0,5,0,0,0,6,0,0,15,7,0,0,0,0,0,4,0,0,11,59,13,23,53,78,61,46,0,0,336
209041436,47,26,33,43,117,84,71,0,3,419,0,0,0,0,0,0,0,0,0,6,18,0,0,3,9,5,5,0,0,35,7,3,4,7,6,12,17,0,0,52,224,72,76,126,268,213,174,0,5,1165
209041437,3,0,0,8,30,38,19,0,0,99,0,0,0,0,0,0,0,0,0,4,3,0,0,0,6,3,5,0,0,13,7,0,0,8,9,3,22,0,0,48,92,16,36,95,355,240,269,3,9,1110
209041527,3,0,4,10,29,23,8,0,0,91,0,0,0,0,0,0,0,0,0,3,4,0,0,5,0,3,3,0,0,13,8,0,0,6,7,9,5,0,0,35,123,33,49,81,200,148,204,0,18,852
209041528,5,0,0,3,16,20,7,0,0,59,0,0,0,0,0,0,0,0,0,7,4,0,0,0,0,0,0,0,0,8,0,0,0,0,0,5,4,0,0,12,37,5,21,39,82,83,60,0,0,326
209041529,39,8,8,8,18,13,30,0,4,123,5,0,0,0,0,0,4,0,0,9,9,3,0,3,3,7,4,0,0,31,11,0,4,5,0,3,3,0,0,27,167,43,61,65,99,89,119,0,4,651
209041530,24,12,6,15,36,18,34,0,0,139,0,0,0,0,0,0,0,0,0,5,5,0,3,0,7,7,0,0,0,20,28,7,6,8,28,14,33,0,3,128,317,78,84,114,237,180,260,4,21,1294
209041531,8,0,7,9,27,15,5,0,0,74,0,0,0,0,0,7,0,0,0,4,6,0,0,0,11,5,3,0,0,17,0,0,0,0,5,6,0,0,0,11,31,11,19,41,130,85,76,0,5,407
209041532,0,3,3,5,19,24,8,0,0,61,0,3,0,0,9,6,0,0,0,19,0,0,0,0,0,5,0,0,0,11,0,0,0,6,0,3,6,0,0,14,55,20,20,39,162,96,87,0,0,489
210011226,30,4,9,10,27,10,14,0,0,99,4,0,0,0,0,0,0,0,0,8,33,5,11,10,13,18,15,0,0,107,25,5,0,3,16,16,21,0,5,100,421,86,104,121,219,202,229,3,18,1400
210011227,25,3,4,4,10,7,7,0,0,65,0,0,4,0,0,0,0,0,0,9,9,9,0,11,17,6,9,0,3,63,15,10,4,9,20,20,21,0,10,107,419,110,155,235,399,313,251,3,29,1920
210011228,25,14,13,18,24,31,35,0,0,160,6,0,0,0,4,0,0,0,0,19,37,8,10,16,34,23,30,0,3,166,136,29,48,55,106,82,84,3,30,580,1766,390,425,599,1177,917,1004,7,99,6387
210011230,29,0,6,7,27,18,30,0,0,119,0,0,0,0,0,0,0,0,0,6,7,0,5,4,3,5,10,0,0,50,10,0,0,0,5,8,11,0,0,40,196,39,41,53,83,94,137,0,3,655
210011231,8,3,0,3,3,0,5,0,0,23,0,0,0,0,0,0,0,0,0,3,3,0,0,0,0,5,0,0,0,13,9,0,3,0,4,0,4,0,0,21,106,22,32,35,41,55,43,0,0,346
210011533,48,17,17,32,75,52,65,0,5,292,0,0,0,0,0,0,0,0,0,0,12,6,0,0,0,0,6,0,0,27,10,0,3,0,8,6,7,0,7,47,190,31,45,62,135,121,123,0,9,716
210011534,84,38,29,31,67,45,33,0,4,330,0,0,0,0,4,0,0,0,0,0,13,4,0,3,3,4,0,0,0,31,11,0,0,5,9,4,12,0,0,39,277,77,53,80,166,109,122,0,11,903
210021232,48,6,16,20,27,23,19,0,0,151,3,3,0,0,8,0,0,0,0,12,11,4,0,0,0,9,0,0,0,22,6,0,5,3,4,9,0,0,3,27,272,24,59,82,138,94,91,0,16,774
210021233,0,0,0,0,0,0,0,0,0,3,0,0,0,0,0,0,0,0,0,5,3,0,0,0,0,0,0,0,0,7,0,0,0,0,0,0,0,0,0,3,48,8,14,19,11,15,10,0,4,137
210021234,5,0,5,0,0,0,0,0,0,13,0,0,0,0,0,0,0,0,0,0,4,0,0,0,0,0,0,0,0,9,0,0,0,0,0,0,0,0,0,3,42,9,9,6,14,16,12,0,3,116
210021235,10,0,0,0,3,11,6,0,0,32,5,0,0,0,5,0,0,0,0,5,11,0,0,6,0,6,0,0,0,19,7,0,0,3,0,0,5,0,0,15,113,13,21,24,35,35,52,0,8,297
210031236,23,10,14,16,53,33,38,0,0,200,8,0,4,0,0,0,0,0,0,13,55,16,15,14,29,28,27,0,4,179,47,11,13,14,33,23,36,0,6,183,568,105,147,190,378,277,348,4,32,2044
210031237,42,19,24,21,54,40,25,0,0,222,6,0,3,3,0,0,0,0,0,11,24,0,0,4,15,0,5,0,0,62,6,4,3,6,9,8,14,0,3,58,272,84,121,138,214,155,230,3,9,1224
210031439,0,0,0,0,0,0,0,0,0,0,0,0,0,0,0,0,0,0,0,0,3,0,0,0,0,0,0,0,0,3,0,0,0,0,0,0,0,0,0,4,18,4,3,4,9,4,5,0,0,45
210031440,10,0,8,10,6,9,7,0,0,56,0,0,0,0,0,0,0,0,0,0,11,0,7,4,3,7,8,0,0,40,6,0,5,5,4,3,11,0,0,27,110,20,44,40,79,74,89,0,4,456
210031535,57,5,22,31,63,59,53,0,5,296,0,0,0,0,0,0,0,0,0,0,13,4,0,0,7,15,12,0,0,47,3,0,3,3,12,6,14,0,4,55,196,46,96,100,186,170,203,0,12,1013
210031536,41,8,17,26,84,57,56,0,0,282,0,0,0,0,0,0,5,0,0,7,12,3,0,0,7,4,3,0,0,24,5,3,5,4,7,10,9,0,3,35,158,30,54,60,149,128,164,3,9,753
210031537,13,3,3,6,21,22,16,0,0,87,0,0,0,0,0,0,0,0,0,6,6,0,0,0,0,3,3,0,0,12,0,0,0,3,0,3,0,0,0,12,60,13,19,30,57,58,74,0,0,308
210031538,43,14,13,15,68,61,31,0,4,245,0,0,0,4,0,0,0,0,0,10,10,4,0,0,4,8,0,0,0,21,5,4,0,3,6,3,6,0,0,36,207,59,45,64,170,151,129,0,9,842
210041240,29,5,8,10,23,27,5,0,0,109,4,0,0,0,0,0,0,0,0,3,3,0,0,0,5,0,0,0,0,6,0,0,0,5,7,5,5,0,0,20,161,21,31,35,77,66,40,0,5,431
210041539,0,0,0,4,0,4,0,0,0,18,0,0,0,0,0,3,0,0,0,7,0,0,0,0,0,4,0,0,0,4,0,0,0,3,0,0,0,0,0,4,26,8,7,14,41,27,19,0,0,155
210041540,60,12,15,27,47,41,24,0,6,228,11,0,0,0,0,0,0,0,0,14,18,3,4,4,9,13,14,0,0,72,11,3,3,7,9,10,17,0,4,73,355,57,94,148,262,234,203,4,15,1374
210041541,5,0,0,6,4,4,0,0,0,22,0,0,0,0,4,0,0,0,0,3,3,0,0,0,0,0,0,0,0,4,0,0,0,0,0,0,4,0,4,12,59,14,5,20,38,29,26,0,3,203
210051242,203,68,76,106,173,144,99,0,0,873,7,0,0,0,4,0,0,0,0,16,49,26,19,17,52,59,50,0,9,269,60,25,40,10,73,60,80,3,23,370,1265,368,442,545,1199,973,964,11,81,5849
210051243,59,22,27,48,65,71,40,0,6,328,6,0,0,6,3,0,0,0,0,23,94,29,25,40,95,68,105,0,3,467,262,84,82,108,222,230,352,0,64,1397,2753,826,864,1084,2102,1860,2519,30,175,12218
210051245,39,16,15,22,62,54,45,0,0,251,3,0,0,0,3,3,0,0,0,10,12,3,3,8,12,15,15,0,0,70,14,5,11,9,12,16,7,0,0,75,386,125,97,145,291,233,258,0,17,1549
210051246,19,11,15,10,39,36,28,3,0,160,0,0,0,0,0,0,0,0,0,6,6,0,0,5,8,6,8,0,0,29,14,3,7,7,11,5,3,0,0,44,291,80,78,104,195,129,129,3,6,1010
210051247,23,5,14,17,30,28,19,0,0,139,0,0,0,0,0,0,0,0,0,0,4,0,3,0,0,0,0,0,0,14,8,5,0,3,3,5,8,0,4,36,132,30,46,63,80,85,78,0,9,524
210051248,13,5,0,5,4,4,21,0,0,48,3,0,0,0,3,0,0,0,0,14,3,0,0,0,7,5,0,0,0,19,38,15,14,24,48,55,56,4,12,267,1503,413,451,669,1210,841,738,16,78,5910
210051250,22,4,4,12,13,3,10,0,0,64,5,0,0,0,0,0,0,0,0,8,30,3,9,8,23,18,29,0,0,126,39,6,4,16,21,17,32,0,4,144,408,88,103,171,316,257,308,7,26,1677
210051441,24,6,3,24,28,20,22,0,0,118,0,0,0,0,0,0,0,0,0,0,0,0,0,0,0,5,4,0,0,9,4,0,0,0,5,4,7,0,0,31,95,23,32,69,128,112,113,0,5,588
210051442,9,3,5,13,37,13,9,0,0,89,0,0,0,0,0,0,0,0,0,5,0,0,0,0,7,3,0,0,0,18,6,0,0,3,8,5,9,0,0,36,114,33,53,82,207,120,138,0,0,753
210051443,24,10,20,38,58,47,19,0,0,217,0,0,0,0,0,0,0,0,0,0,16,4,10,6,12,8,20,0,0,80,21,3,11,13,32,26,44,0,11,157,356,122,152,235,523,360,420,0,26,2213
210051445,6,4,3,5,52,41,21,0,0,127,0,0,0,0,0,0,0,0,0,0,5,0,0,0,11,11,3,0,0,31,0,0,4,11,21,13,26,0,9,74,112,46,42,125,460,325,313,5,18,1434
210051542,0,4,4,0,22,11,5,0,0,40,0,0,0,0,0,0,0,0,0,0,0,0,6,0,4,5,4,0,0,13,0,3,0,4,9,0,9,0,0,24,14,10,17,35,107,75,87,0,0,347
210051543,23,9,18,28,75,63,45,0,0,261,0,0,0,3,10,3,6,0,0,29,6,0,3,4,12,20,12,0,0,59,7,0,3,7,16,12,15,4,3,68,126,46,84,169,375,287,291,4,11,1400
210051544,33,8,16,19,33,24,19,0,3,165,0,0,0,0,4,4,0,0,0,9,22,8,4,8,20,24,23,0,0,102,50,23,26,30,65,68,84,0,10,354,711,237,278,342,763,660,830,12,49,3884
210051545,12,12,14,16,43,30,38,0,0,169,0,0,0,0,0,0,0,0,0,0,0,0,4,3,0,0,0,0,0,16,12,0,4,4,10,6,0,0,3,38,63,47,73,91,129,85,101,0,7,590
211011251,75,26,13,38,58,45,37,0,0,293,9,4,4,8,3,10,6,0,0,43,42,5,11,9,37,32,22,0,0,167,123,25,25,56,87,109,104,0,15,541,1275,298,346,537,919,800,704,16,54,4943
211011254,67,15,17,45,76,38,48,0,0,308,24,5,10,11,10,4,6,0,0,78,59,9,11,14,31,29,12,0,0,166,179,39,51,84,138,122,141,0,24,770,1783,419,562,816,1288,1032,988,20,69,6985
211011255,10,0,4,3,10,4,4,0,0,40,0,0,0,0,0,0,0,0,0,0,0,0,0,0,0,0,0,0,0,5,0,0,0,0,0,0,0,0,0,6,72,14,25,22,44,19,30,0,4,225
211011256,74,23,13,35,54,58,34,0,4,307,0,0,0,0,0,0,0,0,0,5,9,4,10,14,22,21,13,0,0,92,37,10,11,7,26,21,23,0,3,136,517,131,123,230,387,313,302,5,19,2031
211011257,17,0,5,0,8,6,0,0,0,43,0,0,0,0,0,0,0,0,0,7,15,3,4,8,7,4,7,0,0,55,31,6,15,5,6,17,14,0,7,106,336,64,101,145,183,156,155,0,11,1147
211011258,13,5,4,6,13,18,7,0,0,68,3,0,0,0,0,0,0,0,0,4,3,6,0,6,3,0,0,0,0,16,17,4,3,4,6,11,11,0,0,61,288,62,75,116,180,149,160,3,12,1048
211011259,233,48,66,91,180,145,117,3,6,899,5,0,0,0,0,0,0,0,0,16,18,5,10,0,3,4,7,0,0,44,16,4,0,11,8,12,14,0,0,62,452,101,138,200,321,256,276,3,16,1763
211011260,100,35,41,75,164,108,91,3,4,621,3,0,3,6,0,0,9,0,0,28,41,17,13,15,30,26,9,0,3,154,26,3,11,10,24,22,25,0,6,125,640,157,241,370,617,494,398,5,31,2944
211011446,136,31,37,55,115,83,88,0,0,549,9,0,0,0,10,3,3,0,0,23,20,6,0,7,13,7,9,0,3,61,33,9,13,14,33,28,23,0,6,160,615,142,165,238,427,331,404,9,21,2348
211011447,80,12,24,27,50,38,27,0,0,254,0,0,0,0,0,6,0,0,0,9,5,0,3,0,12,3,4,0,0,33,12,0,0,3,6,11,9,0,0,47,240,37,70,94,165,125,108,0,0,848
211011448,122,29,38,71,104,68,23,0,8,472,9,0,0,4,0,0,0,0,0,18,18,0,0,5,20,17,7,0,0,72,20,0,4,5,7,13,12,0,9,79,429,71,108,215,330,231,183,0,22,1596
211011449,0,0,0,0,5,0,5,0,0,12,0,0,0,0,0,0,0,0,0,0,4,0,0,0,3,0,0,0,0,9,0,0,0,0,0,0,0,0,0,6,36,4,3,8,21,16,8,0,0,98
211021261,56,13,18,28,62,72,67,0,5,322,3,0,0,0,0,0,0,0,0,10,12,0,3,0,4,3,6,0,0,30,14,0,4,6,9,4,16,0,0,49,293,53,90,89,143,148,155,0,8,986
211021262,52,20,22,22,45,27,3,0,0,185,4,0,0,0,0,0,0,0,0,3,11,0,0,4,6,0,6,0,0,28,3,0,0,3,3,3,0,0,0,21,216,52,66,58,106,73,64,0,0,630
211031263,47,7,6,18,35,46,40,0,0,206,0,0,0,0,0,0,3,0,0,9,29,6,0,3,24,16,15,0,0,95,66,16,17,30,57,59,54,0,10,294,782,187,184,287,536,457,461,6,31,2917
211031265,22,0,9,6,8,11,15,0,0,77,0,0,0,0,0,0,0,0,0,8,6,0,3,4,0,0,0,0,0,14,8,0,0,0,0,6,3,0,4,29,156,16,40,43,79,64,49,0,4,458
211031266,167,54,56,78,143,156,122,0,4,771,11,0,0,3,7,3,3,0,0,29,66,23,14,30,45,54,47,0,0,276,56,8,14,32,47,48,53,0,9,270,1124,280,309,559,892,779,795,6,51,4797
211031267,249,58,64,125,229,156,120,5,3,1012,0,0,0,4,0,0,3,0,0,7,22,0,0,5,14,5,12,0,0,57,9,5,7,10,19,10,17,0,6,78,530,126,143,252,410,302,286,5,14,2058
211031268,17,4,8,17,32,26,20,0,0,121,4,0,0,0,0,0,0,0,0,5,8,3,0,4,3,4,7,0,0,29,5,3,6,0,3,0,3,0,0,25,96,24,32,60,77,66,50,0,7,413
211031450,56,22,15,20,48,41,22,0,5,223,3,0,0,3,4,0,0,0,0,10,27,6,7,9,15,11,14,0,0,83,13,0,3,8,16,7,9,0,9,67,300,64,76,87,193,181,133,4,22,1058
211031451,54,18,16,25,55,51,45,0,0,258,0,0,0,0,0,0,0,0,0,0,9,0,0,0,4,7,3,0,0,24,9,0,0,0,9,5,0,0,0,29,221,38,53,88,177,148,135,0,7,872
211031452,11,4,3,5,9,7,0,0,0,49,3,4,0,0,0,0,0,0,0,3,10,0,0,0,6,6,0,0,0,22,23,10,7,10,10,24,22,0,0,100,224,61,70,84,151,116,162,3,5,868
211041269,203,33,47,97,154,98,57,0,7,696,3,0,3,6,4,5,0,0,0,16,21,9,7,9,14,17,18,0,0,94,12,3,5,9,17,16,22,0,8,93,489,110,187,285,463,350,331,3,24,2237
211041270,131,26,43,75,71,60,54,0,0,454,5,0,4,4,4,3,0,0,0,20,33,10,20,26,30,22,23,0,0,159,44,14,10,18,18,32,40,0,10,186,635,151,238,327,479,408,413,0,23,2683
211041271,62,16,26,40,54,35,46,0,3,282,0,0,4,0,3,6,0,0,0,13,34,12,10,12,33,17,15,0,0,130,36,13,17,24,38,41,35,0,5,215,654,158,241,318,513,423,400,8,24,2736
211041272,38,11,18,32,45,31,32,0,0,200,0,0,0,0,0,0,0,0,0,0,16,5,0,7,12,6,14,0,0,57,11,0,3,10,25,12,16,0,0,73,234,50,84,141,202,160,167,0,7,1036
211041273,77,18,14,51,72,58,41,0,4,329,0,0,0,0,4,3,0,0,0,8,8,3,0,3,3,6,6,0,0,37,10,0,3,6,5,12,5,0,0,38,228,54,60,160,205,176,144,0,10,1036
211051274,17,4,3,10,13,9,3,0,0,55,3,0,0,0,0,0,0,0,0,9,4,0,0,0,0,4,4,0,0,12,6,0,0,5,5,3,3,0,0,26,178,18,36,51,83,67,57,0,4,490
211051275,38,6,12,16,21,17,16,0,3,124,5,0,0,6,4,0,0,0,0,18,10,4,0,4,5,7,5,0,0,37,11,0,3,6,3,9,12,0,3,44,261,57,56,108,164,144,142,0,10,937
211051276,51,8,11,10,24,24,21,0,0,154,18,0,7,0,6,3,6,0,0,38,21,0,3,3,11,0,0,0,0,40,8,0,0,3,9,4,4,0,0,27,295,52,76,75,124,94,101,5,19,833
211051277,28,4,8,13,13,13,18,0,0,93,3,0,0,0,0,0,0,0,0,11,4,3,4,0,8,3,3,0,4,30,18,7,3,13,18,22,24,0,0,106,345,72,86,150,240,198,207,0,18,1317
211051278,113,21,34,37,50,50,51,0,4,363,3,3,0,0,3,3,3,0,0,20,46,6,0,6,10,13,16,0,0,101,26,4,7,10,19,22,10,0,8,100,707,113,150,209,306,320,290,0,36,2140
211051279,16,0,0,5,0,5,7,0,0,33,0,0,0,0,0,0,0,0,0,0,0,0,0,5,5,0,0,0,0,11,10,0,0,0,4,0,5,0,0,27,178,17,37,45,62,48,79,0,5,464
211051280,19,6,3,8,34,19,16,0,3,111,0,0,0,0,0,0,0,0,0,0,10,0,0,0,3,0,0,0,0,13,8,0,0,0,0,0,4,0,0,19,107,15,14,22,53,38,34,0,5,293
211051281,57,3,14,24,45,40,27,0,0,209,7,0,0,0,0,0,0,0,0,9,9,0,0,4,4,5,4,0,0,28,9,4,3,6,6,9,14,0,3,60,289,26,68,108,182,140,129,0,15,958
211051282,24,0,0,3,0,5,0,0,0,35,7,0,0,0,3,0,0,0,0,11,4,5,4,0,0,0,0,0,0,12,10,0,0,0,6,0,3,0,0,18,184,27,34,47,63,35,39,0,0,436
211051283,22,4,3,3,7,5,5,0,0,54,6,0,0,0,0,0,0,0,0,9,4,4,3,0,0,0,0,0,0,10,0,0,0,0,0,0,5,0,0,17,136,21,30,36,42,42,39,0,3,355
211051284,34,3,13,11,17,11,6,0,0,103,3,0,0,0,0,0,3,0,0,6,7,0,0,3,0,0,3,0,0,17,3,0,0,0,4,0,3,0,0,16,142,19,38,49,64,52,31,0,4,389
211051285,4,0,0,3,0,0,0,0,0,21,0,0,0,0,0,0,0,0,0,0,4,0,0,0,0,0,0,0,0,3,7,0,0,0,3,0,7,0,0,15,122,14,12,34,57,41,55,0,12,352
211051286,33,0,11,9,9,19,10,0,5,95,5,0,0,0,0,0,0,0,0,9,10,0,0,0,0,0,0,0,0,9,15,0,0,7,4,3,0,0,3,33,229,33,44,40,51,62,58,0,20,544
212011289,35,9,12,16,26,20,17,0,0,133,9,0,0,5,0,0,0,0,0,17,3,0,6,0,6,0,4,0,4,17,11,4,0,7,7,5,7,0,5,41,229,31,46,72,108,81,67,3,9,658
212011546,30,6,3,20,69,42,27,0,0,199,3,0,6,0,0,0,0,0,0,8,3,0,5,0,13,10,7,0,0,47,12,11,3,14,14,12,11,0,5,78,309,78,108,176,372,300,188,3,15,1549
212011547,13,0,3,0,5,10,6,0,3,40,5,0,0,0,10,13,0,0,0,30,8,0,0,0,3,0,0,0,0,14,9,3,0,4,3,6,9,0,0,43,149,20,40,44,83,70,79,0,16,496
212011548,18,4,4,9,14,19,7,0,4,76,0,0,0,0,0,0,0,0,0,4,6,0,0,0,3,0,0,0,0,13,9,5,0,4,10,10,6,0,0,48,169,22,38,54,116,100,111,0,22,623
212011549,22,10,15,16,65,35,26,0,4,189,0,0,0,0,0,0,0,0,0,3,3,0,0,3,3,6,6,0,0,21,4,0,0,3,6,5,7,0,6,29,105,23,38,51,158,134,111,0,8,624
212011550,7,0,3,8,14,10,6,0,0,51,0,0,0,0,0,0,0,0,0,4,8,0,0,3,10,3,0,0,0,19,13,4,0,9,10,9,10,0,3,57,154,38,55,81,189,127,104,0,16,767
212011551,39,13,20,27,37,38,38,0,0,208,0,0,0,0,3,4,0,0,0,14,6,4,6,3,18,8,28,0,0,64,14,0,3,11,20,21,20,0,3,101,317,58,80,152,322,287,436,3,18,1682
212011552,54,19,20,44,94,50,41,0,3,322,7,0,0,4,8,5,5,0,0,32,9,0,0,8,18,15,10,0,0,73,30,4,6,16,40,11,29,0,5,141,361,81,115,210,514,349,313,0,25,1963
212021293,326,97,124,272,552,389,206,0,10,1984,9,0,3,4,0,0,3,0,0,23,44,9,8,9,24,14,16,0,0,120,25,4,3,18,32,24,15,0,8,129,797,185,242,518,969,651,429,4,35,3839
212021295,56,30,15,34,63,51,17,0,0,267,0,0,0,0,0,0,0,0,0,3,12,0,3,10,4,7,9,0,0,51,3,0,0,8,12,12,21,0,5,60,216,69,77,132,222,221,160,0,9,1114
212021297,62,43,33,43,60,57,47,0,3,348,5,0,0,0,6,0,0,0,0,18,66,7,12,28,49,24,29,0,0,229,118,47,43,71,100,59,99,0,12,550,1241,363,431,580,975,740,763,10,60,5163
212021299,35,11,15,33,61,24,16,0,4,201,0,0,0,0,0,0,0,0,0,0,7,0,4,3,0,0,4,0,0,19,4,0,0,4,4,3,0,0,6,35,177,59,44,70,110,75,50,0,9,593
212021453,35,11,15,28,31,26,11,0,0,161,0,0,0,0,0,0,0,0,0,4,11,4,4,3,3,0,0,0,0,22,7,9,4,0,0,8,8,0,0,38,167,67,73,73,113,91,45,0,8,634
212021454,42,11,8,15,28,24,9,0,0,137,3,0,0,0,0,0,0,0,0,7,8,4,6,0,13,3,0,0,0,40,6,4,4,5,8,9,11,0,4,53,239,61,91,108,159,131,93,0,12,891
212021455,22,14,10,13,14,9,3,0,0,74,0,0,0,0,0,0,0,0,0,0,9,0,0,0,0,0,0,0,0,12,3,4,4,0,0,6,5,0,0,23,102,38,41,53,73,47,38,0,4,403
212021456,101,36,56,72,105,91,101,0,8,569,6,0,0,9,8,0,4,0,0,40,40,18,14,15,46,26,40,0,0,196,23,8,20,15,35,43,41,0,4,194,780,231,315,555,936,636,577,3,31,4055
212021553,26,14,10,21,44,37,16,0,0,172,0,0,0,0,0,0,0,0,0,4,4,4,0,11,17,7,5,0,0,42,0,8,5,3,19,9,3,0,5,52,169,45,79,112,255,153,98,0,10,920
212021554,16,4,9,17,41,16,6,0,0,105,0,0,0,0,0,0,0,0,0,6,0,3,0,0,0,3,0,0,0,16,4,4,0,3,10,5,7,0,0,31,91,24,30,72,177,117,81,0,11,603
212031300,114,40,50,60,164,128,73,0,0,636,15,0,5,4,9,5,3,0,0,42,21,6,9,10,46,23,17,0,7,144,19,0,4,10,27,25,23,0,8,132,512,117,199,357,769,531,411,0,33,2915
212031303,29,11,16,15,52,24,25,0,0,183,5,0,3,0,4,3,0,0,0,28,16,0,4,0,4,7,5,0,0,28,19,0,5,12,14,10,17,0,4,76,247,49,83,117,273,249,197,0,23,1236
212031304,22,14,17,24,95,74,52,0,0,308,4,0,0,5,8,3,0,0,0,10,9,0,0,13,25,19,11,0,0,76,6,3,6,10,20,19,24,0,0,93,206,59,98,178,486,332,297,3,17,1668
212031306,33,25,27,43,102,64,34,0,5,326,0,3,0,4,3,0,0,0,0,8,10,3,9,6,7,7,12,0,0,61,21,8,6,4,25,19,25,0,6,114,227,92,150,217,431,284,265,3,16,1697
212031308,8,0,0,0,3,8,0,0,0,25,3,0,0,0,0,0,0,0,0,5,9,0,0,0,3,0,0,0,0,18,16,0,0,5,4,18,7,0,3,47,143,21,37,50,73,114,103,0,13,558
212031457,12,10,12,14,23,21,10,0,0,102,0,0,0,0,0,0,0,0,0,3,12,5,0,3,10,5,4,0,0,35,0,3,3,7,12,7,9,0,0,44,131,37,47,132,152,126,91,0,4,718
212031458,20,9,20,26,46,45,22,0,0,188,0,0,0,0,0,0,0,0,0,4,8,0,6,0,5,4,5,0,0,23,3,0,5,3,4,8,5,0,5,32,134,42,69,116,166,132,76,0,9,751
212031555,7,6,11,6,28,21,15,0,0,90,0,0,0,0,0,0,0,0,0,4,4,0,0,0,9,0,0,0,0,16,0,0,0,4,9,3,4,0,0,20,59,22,34,82,196,129,93,0,4,616
212031556,8,0,5,20,32,26,34,0,0,119,0,0,0,0,11,3,0,0,0,22,0,0,0,0,7,12,11,0,0,32,0,0,0,5,13,16,9,0,3,54,60,21,36,109,297,241,214,0,9,989
212031557,15,0,15,17,68,46,25,0,0,188,0,0,0,0,10,7,0,0,0,18,6,0,5,3,13,7,3,0,0,32,3,0,6,4,17,14,6,0,0,59,115,26,84,148,483,269,262,0,10,1415
212031558,27,0,5,19,24,21,15,0,0,107,5,0,5,6,8,7,3,0,4,38,0,0,0,0,4,5,0,0,0,14,3,0,6,0,7,0,7,0,0,22,80,18,28,60,171,123,65,3,10,560
212031559,6,3,5,14,42,36,20,0,0,125,0,0,0,4,11,0,0,0,0,21,0,0,0,0,0,0,0,0,0,5,6,3,0,5,9,6,5,0,0,37,80,32,48,89,271,166,127,0,7,826
212031560,17,12,11,3,31,25,14,0,0,116,6,0,0,0,0,0,0,0,0,6,0,0,0,0,9,0,0,0,0,13,0,0,0,0,10,4,7,0,4,31,79,27,39,43,118,88,62,0,10,458
212031561,8,10,6,9,19,14,5,0,3,69,0,0,0,0,0,0,0,0,0,0,7,0,5,0,3,4,0,0,0,21,0,0,3,0,5,3,0,0,0,18,68,26,50,60,111,70,41,0,6,428
212031562,19,9,14,27,29,21,11,0,3,144,0,0,0,0,0,0,0,0,0,0,9,0,0,8,11,5,8,0,0,45,5,0,3,6,13,12,7,0,0,46,162,54,84,122,193,137,124,0,12,880
212041309,38,10,14,25,51,45,61,0,8,253,3,0,0,0,5,0,0,0,0,9,18,8,5,6,22,12,12,0,0,85,27,5,15,19,24,23,45,0,9,173,398,110,138,196,327,299,426,6,25,1928
212041310,28,13,10,17,42,32,47,0,0,194,8,5,4,9,9,6,11,0,0,48,37,23,10,11,32,45,34,0,0,194,72,21,21,41,57,60,88,0,14,371,819,267,257,370,672,548,762,6,46,3744
212041312,55,30,39,47,95,60,41,0,0,367,0,0,3,0,4,0,0,0,0,9,7,0,4,3,12,4,0,0,0,30,8,0,3,12,18,11,10,0,3,68,230,78,119,153,258,184,157,3,11,1186
212041313,20,6,5,3,10,13,13,0,0,73,0,0,0,0,0,0,0,0,0,0,11,5,0,0,4,7,7,0,0,31,11,0,5,7,4,8,12,0,4,39,189,44,40,63,89,96,94,3,20,634
212041316,27,11,11,10,19,12,18,0,0,103,0,0,0,0,0,0,0,0,0,8,47,9,14,17,29,15,7,0,0,137,32,19,12,21,33,37,35,0,6,188,524,157,149,227,349,276,268,3,17,1965
212041317,210,67,61,71,121,102,98,0,5,735,6,0,8,7,0,4,7,0,0,28,88,34,32,29,76,56,56,0,7,382,85,37,20,49,70,74,109,0,33,478,1482,504,498,582,1119,901,1067,3,99,6262
212041318,31,16,22,21,37,42,30,0,0,206,0,0,0,0,0,0,0,0,0,4,9,7,9,0,5,0,0,0,0,32,5,6,0,0,6,8,15,0,3,44,180,82,71,67,135,110,107,0,16,767
212041459,85,32,46,52,98,74,59,0,0,455,0,0,5,0,0,0,5,0,0,11,9,4,0,5,7,0,4,0,0,31,11,0,0,4,9,12,6,0,5,44,180,70,85,90,213,149,202,0,16,1011
212041460,46,27,41,50,117,56,74,0,9,421,0,0,0,0,0,0,0,0,0,0,19,7,4,3,4,3,10,0,0,55,7,3,5,11,12,13,18,0,9,73,263,111,108,148,252,198,257,0,16,1351
212041563,644,235,295,431,750,491,334,4,32,3217,5,0,0,3,13,8,3,0,4,39,53,25,23,32,50,56,66,0,3,303,54,23,24,47,77,78,86,0,27,424,1907,599,784,1132,1770,1468,1167,14,107,8943
212041564,48,10,17,41,49,36,33,0,3,243,10,0,3,0,6,12,3,0,0,38,189,51,58,85,174,163,164,0,9,887,643,170,216,297,553,541,585,17,106,3116,6362,1832,2126,2808,5215,4133,4504,87,329,27398
212041565,70,20,7,31,56,48,39,0,4,283,0,0,0,0,0,0,0,0,0,14,43,12,8,13,33,23,27,0,0,166,55,23,22,37,47,45,61,0,9,309,839,273,265,393,601,522,575,11,36,3512
212041566,19,18,13,27,43,33,31,0,3,183,3,0,3,5,0,0,0,0,0,10,14,0,4,0,8,14,8,0,0,59,55,20,29,44,66,46,59,0,14,321,688,211,275,335,561,451,430,3,26,2983
212051319,84,26,29,42,76,55,65,0,5,385,0,0,0,4,7,0,3,0,0,28,11,0,6,3,22,13,13,0,3,73,16,3,6,12,18,14,24,0,8,99,370,112,148,219,358,263,319,0,27,1808
212051321,115,33,46,64,98,66,70,0,4,495,8,0,3,5,4,0,0,0,4,14,20,3,9,11,12,4,9,0,0,62,26,13,6,19,23,37,25,0,8,153,542,168,193,289,416,345,331,8,29,2328
212051322,159,49,53,80,191,108,168,0,8,818,8,6,0,3,18,9,9,0,0,55,38,10,15,19,51,29,40,0,0,194,37,11,12,35,33,43,52,0,20,239,913,254,338,588,987,830,1045,3,72,5032
212051323,36,9,12,19,37,18,24,0,0,159,0,0,0,0,3,0,4,0,0,6,9,0,4,8,11,6,8,0,0,49,3,0,10,11,9,13,20,0,0,66,298,69,96,157,247,182,238,3,14,1312
212051324,200,71,57,99,164,138,137,0,7,867,7,0,7,5,7,4,3,0,0,33,30,14,3,12,20,17,16,0,3,127,83,11,35,43,85,66,104,0,9,439,1338,392,515,739,1246,1008,1056,13,54,6353
212051325,194,75,94,134,193,213,147,4,9,1064,0,0,4,3,0,10,4,0,0,27,79,29,31,47,73,62,55,0,4,381,139,30,64,91,134,117,127,3,27,738,2327,696,897,1245,1839,1594,1616,32,120,10365
212051326,140,29,44,59,118,109,125,0,3,623,11,0,3,6,12,8,12,0,0,64,76,13,13,26,55,40,47,0,0,266,70,19,26,24,66,65,84,0,19,373,1263,273,384,492,984,809,1069,6,57,5349
212051327,116,26,23,46,132,103,221,3,0,662,3,0,0,4,6,3,0,0,0,15,28,7,3,11,19,12,8,0,0,88,23,9,6,15,15,21,15,5,9,113,507,124,144,252,396,345,416,3,13,2204
212051567,84,29,31,53,103,73,91,0,0,460,0,0,4,3,3,9,7,0,0,22,24,15,10,21,50,41,50,0,3,214,112,20,21,67,98,100,145,0,24,594,1880,555,733,1184,1856,1797,2250,40,89,10391
212051568,888,313,352,521,889,687,492,11,31,4183,3,0,0,4,3,0,5,0,0,19,16,5,12,16,26,14,20,0,0,116,61,19,23,36,65,61,89,0,20,378,1595,476,636,898,1488,1211,1312,19,88,7734
213011328,21,8,0,3,27,26,15,0,0,104,0,0,0,5,4,0,0,0,0,9,5,0,6,3,7,5,0,0,0,31,9,9,9,0,10,15,7,0,4,65,243,67,57,75,159,148,128,0,15,889
213011329,33,18,12,19,43,37,16,0,0,175,0,0,0,0,0,0,0,0,0,5,3,0,0,0,3,0,3,0,0,14,13,0,4,5,10,4,6,0,5,39,142,60,60,48,97,92,64,0,6,585
213011331,12,4,7,14,33,16,20,0,0,114,0,0,0,0,0,0,0,0,0,0,3,0,0,3,0,0,0,0,0,12,7,0,0,0,3,9,0,0,0,21,95,25,38,30,76,58,44,0,3,360
213011332,39,9,9,21,41,24,22,0,0,173,3,0,0,0,0,0,0,0,0,9,11,0,4,10,6,4,7,0,0,40,17,4,0,5,6,11,8,0,3,50,284,46,61,94,153,102,99,0,14,857
213011333,11,3,0,13,21,5,5,0,0,56,0,0,0,0,0,0,0,0,0,0,5,0,6,0,3,5,0,0,0,20,5,0,0,0,9,11,10,0,0,32,115,30,30,53,81,68,60,0,9,444
213011334,95,30,22,37,51,49,37,0,7,339,4,0,0,0,0,0,0,0,0,4,29,14,11,5,15,6,13,0,0,91,18,0,6,10,15,18,20,0,9,97,456,141,111,141,238,225,235,3,26,1583
213011335,455,155,164,292,489,398,296,9,14,2274,3,0,0,0,0,0,0,0,0,0,18,0,4,0,8,11,6,0,0,44,18,14,10,9,28,19,39,0,20,149,723,240,236,374,675,563,487,9,37,3340
213011336,186,64,59,85,176,145,117,0,10,843,4,0,0,4,3,0,0,0,0,10,38,13,5,6,35,16,24,0,0,136,32,15,10,15,32,31,50,3,14,215,880,268,244,339,648,553,530,14,53,3531
213011337,35,18,16,19,55,43,46,0,6,227,0,0,0,0,5,0,0,0,0,11,74,17,19,19,22,28,52,0,4,238,55,15,19,11,39,33,31,0,9,212,706,200,174,153,365,375,409,0,42,2433
213011338,29,13,20,20,54,34,27,0,0,207,5,0,0,0,0,4,0,0,0,11,56,16,7,12,42,41,44,0,4,218,108,23,35,51,107,100,101,4,23,549,1322,377,393,567,1282,999,1073,10,74,6099
213011339,65,30,35,44,115,80,74,0,3,442,0,0,0,0,0,0,0,0,0,0,9,0,0,0,4,4,0,0,0,17,8,3,4,0,7,9,3,0,0,43,181,50,63,87,213,151,145,0,7,905
213011340,45,9,10,6,16,20,16,0,0,122,7,0,0,4,3,5,0,0,0,21,19,17,9,5,22,11,18,0,0,86,13,0,6,5,20,17,15,0,8,89,480,89,91,158,274,199,265,5,21,1575
213011569,53,17,22,29,59,59,40,0,0,281,5,0,0,0,0,0,0,0,0,10,14,0,3,9,9,13,21,0,3,72,11,0,9,8,21,15,15,0,10,79,329,90,108,171,269,234,284,0,27,1507
213011570,27,7,12,17,27,27,33,0,0,152,0,3,4,6,15,0,6,0,0,44,25,8,9,7,29,35,28,0,3,155,95,29,34,66,141,138,135,0,24,668,1135,391,427,594,1305,1078,1077,17,76,6104
213021341,47,15,14,30,37,34,36,0,0,209,3,0,0,4,0,0,0,0,0,12,24,7,3,8,19,12,18,0,0,87,49,15,12,19,56,47,60,0,11,278,802,170,226,272,616,466,536,11,43,3142
213021342,54,15,28,38,87,71,32,0,0,325,0,0,0,0,3,0,0,0,0,8,8,5,0,3,4,5,4,0,0,34,3,0,0,0,8,11,9,0,3,33,173,49,72,96,219,178,135,0,12,925
213021343,56,13,19,45,72,65,48,0,0,326,12,0,0,4,4,3,4,0,0,35,70,16,21,19,41,35,46,0,0,250,77,26,25,32,99,83,106,0,22,476,1146,275,367,531,1068,861,1033,11,62,5364
213021344,43,14,14,21,56,55,61,0,5,286,20,3,4,0,4,9,5,0,0,40,13,0,5,9,9,18,14,0,0,69,27,3,5,5,20,20,9,0,3,101,471,110,123,179,305,280,313,4,20,1809
213021345,0,0,0,6,0,5,0,0,0,18,0,0,0,0,0,0,0,0,0,0,0,0,0,5,0,0,0,0,0,5,0,0,0,0,6,0,0,0,0,11,30,9,9,27,35,28,34,0,6,171
213021346,113,20,28,37,53,54,46,0,0,366,7,0,0,3,0,0,0,0,0,18,46,5,11,11,20,22,24,0,0,141,29,9,8,5,22,22,35,0,5,143,586,92,163,236,338,362,393,4,24,2190
213031347,138,53,71,81,172,108,106,0,5,741,4,0,4,4,11,7,4,0,0,35,49,22,12,26,40,44,54,0,0,251,61,18,21,26,44,36,52,0,10,271,750,244,258,333,612,507,755,5,30,3495
213031348,602,187,206,272,471,390,289,0,21,2455,18,11,10,10,16,8,4,0,0,70,81,23,20,33,50,48,39,0,0,306,59,21,16,34,51,51,88,5,27,347,1808,493,577,747,1243,1139,1146,14,91,7254
213031349,44,18,18,27,28,32,34,4,0,198,9,0,0,8,5,0,4,0,0,28,15,11,11,13,21,39,34,0,0,139,26,7,4,18,17,18,37,0,11,147,476,137,165,261,372,396,516,3,30,2358
213031350,38,12,16,21,30,25,19,0,0,157,4,0,0,0,0,0,0,0,0,6,12,3,0,4,4,6,3,0,0,35,8,0,4,0,0,3,6,0,5,23,115,25,43,67,96,89,96,6,12,540
213031351,23,9,11,12,37,16,27,0,0,126,6,0,0,3,3,0,4,0,0,14,28,9,7,7,21,14,15,0,0,95,57,21,22,24,54,54,48,0,13,284,753,201,231,258,605,485,535,9,50,3112
213031352,38,9,17,19,33,24,20,0,0,163,5,3,0,4,4,5,0,0,0,20,29,7,10,16,18,32,16,0,0,117,25,7,4,13,24,24,29,0,7,131,452,112,135,218,346,332,396,3,17,2017
213041353,63,9,17,33,111,76,46,0,3,358,0,0,0,4,0,0,0,0,0,7,25,6,5,4,11,8,3,0,7,64,12,4,0,7,16,30,18,0,9,91,336,48,75,128,376,294,260,0,31,1544
213041358,41,6,14,26,47,49,28,0,0,210,0,0,0,0,0,5,0,0,0,5,0,9,0,3,8,4,14,0,0,45,10,4,0,12,14,13,9,0,0,64,218,56,78,146,300,250,193,0,14,1265
213041359,25,10,16,32,84,62,46,3,5,291,0,0,0,3,3,8,3,0,0,21,29,9,8,10,41,51,75,0,5,232,39,7,22,27,80,77,104,0,11,375,795,236,316,537,1326,1059,1217,14,57,5559
213041360,9,7,16,18,27,22,14,0,0,111,0,0,0,3,7,3,0,0,0,15,12,0,3,3,4,5,0,0,0,28,6,6,3,8,7,7,7,0,0,46,181,55,79,124,186,126,96,0,14,869
213041461,29,10,13,17,29,22,15,0,0,132,0,0,0,0,0,0,0,0,0,0,3,0,0,0,0,0,0,0,0,8,4,0,0,0,0,0,4,0,4,22,56,28,33,43,69,62,59,0,4,352
213041462,0,0,0,0,3,5,0,0,0,17,0,0,0,4,15,0,0,0,0,20,0,0,0,0,0,0,0,0,0,3,0,0,0,4,0,0,0,0,0,12,37,16,13,40,66,32,20,0,0,230
213041463,28,19,12,20,32,35,22,0,0,164,0,3,0,0,0,0,0,0,0,8,13,6,10,4,5,13,24,0,0,68,11,4,8,7,16,14,13,0,3,82,296,111,130,184,290,235,226,6,17,1487
213041571,10,0,0,7,18,11,6,0,0,59,0,0,0,0,0,0,0,0,0,0,4,0,0,0,0,0,0,0,0,13,0,0,0,6,10,3,0,0,0,20,49,6,17,35,76,34,38,0,7,262
213041572,0,0,0,0,7,16,9,0,0,47,0,0,0,0,3,0,0,0,0,8,0,0,0,4,4,5,0,0,0,15,11,0,0,4,10,9,6,0,0,43,78,21,30,56,163,114,106,0,10,573
213041573,0,0,0,3,0,0,0,0,0,9,0,0,0,0,0,0,0,0,0,0,0,0,0,0,0,0,0,0,0,3,0,0,0,0,0,0,0,0,0,0,17,0,9,13,15,6,12,0,0,68
213041574,0,0,0,4,8,6,6,0,0,29,0,0,0,0,0,0,3,0,0,12,0,0,0,0,4,0,0,0,0,8,4,0,4,0,11,4,4,0,0,26,72,14,36,51,121,70,98,0,3,474
213041575,24,9,13,17,24,16,23,0,3,122,0,0,0,0,0,0,0,0,0,5,10,0,0,0,0,0,0,0,0,18,6,3,3,0,3,6,4,0,0,30,164,35,49,54,84,59,67,0,5,518
213041576,9,0,0,7,17,17,7,0,0,61,0,0,0,0,0,6,0,0,0,3,3,0,0,0,0,0,0,0,0,7,3,0,0,0,4,0,5,0,0,15,85,25,25,30,63,44,46,0,0,314
213041577,38,12,23,30,70,55,40,0,0,273,13,0,0,0,0,4,0,0,0,18,34,0,0,7,19,11,23,0,0,100,19,3,5,11,28,23,25,0,9,120,365,71,95,163,361,281,306,5,22,1671
213041578,24,9,11,27,67,70,44,0,4,261,0,0,0,0,0,0,0,0,0,0,0,0,0,3,6,9,0,0,0,18,8,0,0,3,19,10,0,0,0,31,108,32,54,104,266,213,167,0,7,960
213051361,34,5,13,30,118,82,55,0,0,344,0,0,0,0,0,6,0,0,0,9,40,15,14,15,77,40,64,0,0,271,33,6,7,23,62,49,49,0,13,242,551,132,186,334,892,635,641,13,38,3422
213051362,61,22,27,39,104,77,51,0,4,371,5,0,6,10,12,5,0,0,0,42,14,10,5,7,33,24,19,0,0,111,10,0,0,11,26,23,23,0,4,106,280,82,116,257,544,413,375,4,22,2088
213051363,24,13,14,36,52,51,36,0,0,230,3,0,0,0,6,0,0,0,0,11,60,16,6,27,47,41,46,0,0,236,143,49,49,111,185,153,198,3,33,931,2001,609,678,1074,2144,1696,1772,20,115,10096
213051368,228,81,120,245,515,411,292,7,14,1904,13,0,0,3,4,9,13,0,0,41,24,10,5,13,25,16,17,0,0,98,18,8,8,29,58,47,70,0,13,256,835,209,313,610,1282,1056,970,12,69,5352
213051464,13,6,13,26,41,41,30,0,0,170,4,0,0,3,0,0,0,0,0,8,6,0,0,6,15,16,5,0,0,38,9,3,0,6,10,8,13,0,4,52,139,38,57,136,265,231,222,0,6,1091
213051466,8,3,12,22,62,35,15,0,0,153,0,0,0,4,5,0,0,0,0,10,5,0,0,6,12,9,9,0,0,39,0,5,4,7,12,14,12,0,0,56,79,31,72,186,343,276,235,10,6,1235
213051467,65,17,21,52,103,84,67,0,0,413,0,0,0,0,0,3,0,0,0,3,11,0,3,0,10,0,3,0,0,33,3,0,0,4,9,12,15,0,6,51,211,50,79,122,266,203,197,0,13,1139
213051468,19,3,5,11,44,33,10,0,0,135,5,0,0,6,3,4,5,0,0,22,5,0,0,4,7,3,5,0,0,22,3,0,3,3,3,10,11,0,0,35,122,22,42,70,212,195,185,0,4,845
213051579,7,7,3,19,38,17,21,0,0,120,0,0,0,0,0,0,3,0,0,3,0,0,0,0,0,0,0,0,0,8,3,0,0,4,8,7,10,0,0,35,42,24,25,58,161,128,114,0,5,569
213051580,34,13,14,47,67,65,38,0,3,280,5,0,0,0,13,8,3,0,0,28,18,4,5,5,30,22,23,0,0,113,14,8,6,12,30,20,31,0,3,125,281,93,150,366,644,455,480,4,22,2494
213051581,9,8,9,25,74,58,31,0,0,214,0,0,0,0,12,3,3,0,0,28,0,0,0,0,3,4,5,0,0,15,0,5,0,0,8,0,9,0,7,27,53,18,39,104,208,161,120,3,8,713
213051582,0,3,0,9,17,26,7,0,0,66,0,0,0,0,10,6,5,0,0,22,3,0,0,0,0,11,5,0,0,18,3,0,0,6,13,0,13,0,3,34,20,9,16,56,202,162,187,4,10,663
213051583,13,9,18,37,101,66,58,0,0,306,3,0,0,4,5,0,0,0,0,12,12,8,3,8,14,12,10,0,0,61,3,0,5,10,30,23,31,0,6,117,172,59,100,280,706,415,504,11,23,2268
213051584,0,0,0,0,10,4,3,0,0,21,0,0,0,0,0,0,0,0,0,0,0,0,3,0,6,0,0,0,0,5,4,0,0,0,5,7,12,0,0,27,10,4,10,26,131,86,139,4,4,419
213051585,9,12,4,25,42,34,24,0,0,142,0,0,0,0,0,0,0,0,0,0,0,0,0,0,0,0,0,0,0,8,5,0,0,0,3,3,18,0,0,32,57,34,50,91,188,153,143,0,4,719
213051586,10,7,7,16,35,39,22,0,0,142,0,0,0,4,0,5,3,0,0,13,5,9,3,7,43,15,39,0,0,124,63,26,28,51,127,130,142,3,21,586,999,389,427,758,1818,1351,1589,22,93,7441
213051587,11,11,8,9,37,43,17,0,0,137,0,0,0,0,0,0,0,0,0,4,5,4,0,0,5,5,4,0,0,19,5,0,6,0,13,9,11,0,0,50,67,31,46,91,283,233,210,5,7,971
213051588,16,10,13,33,53,59,40,0,0,215,4,0,0,7,5,6,4,0,0,19,7,0,0,4,15,6,3,0,0,29,7,3,0,9,17,18,18,0,0,61,127,66,97,174,378,268,261,9,7,1373
213051589,14,3,11,14,25,14,17,0,0,100,0,0,0,0,9,7,5,0,0,16,0,0,0,0,0,0,0,0,0,5,0,0,0,0,10,7,3,0,0,21,34,13,20,55,121,99,108,3,3,464
213051590,15,3,7,14,32,21,18,0,0,111,0,0,4,0,0,0,0,0,0,7,3,0,0,0,3,7,4,0,0,21,0,0,0,0,10,9,6,0,0,28,67,18,29,78,203,143,148,0,11,695
214011370,97,21,25,57,103,78,66,0,7,454,3,0,3,3,0,6,6,0,0,23,59,12,13,21,29,17,21,0,0,172,112,26,29,37,78,89,87,0,22,476,1093,224,310,481,873,676,702,8,73,4442
214011371,604,146,188,342,622,400,251,4,26,2578,7,0,0,7,13,4,4,0,0,40,34,4,4,21,24,20,37,0,0,145,37,14,15,15,39,24,29,0,15,186,1355,294,396,653,1106,760,590,8,74,5235
214011372,46,11,8,30,75,46,76,0,0,292,4,0,0,0,9,5,7,0,0,23,11,5,4,5,7,0,4,0,0,33,14,0,0,5,10,5,6,0,5,43,247,36,73,110,222,147,205,5,10,1052
214011373,51,12,20,23,68,51,35,0,6,267,0,0,0,0,0,0,0,0,0,5,7,0,0,0,0,0,0,0,0,22,9,0,3,0,7,0,4,0,0,23,235,36,68,81,168,120,94,0,13,817
214011374,109,32,31,68,118,109,102,0,3,588,0,0,0,0,0,0,0,0,0,9,11,0,0,3,5,3,3,0,0,25,11,3,5,5,11,11,12,0,3,56,379,48,75,142,261,201,209,4,8,1331
214011375,32,12,9,23,41,33,39,0,0,199,6,0,4,3,0,0,0,0,0,15,27,4,9,8,10,16,12,0,0,91,42,4,9,5,17,17,14,0,9,124,545,93,145,198,278,244,219,0,23,1749
214011376,13,8,8,9,16,8,0,0,0,58,7,0,4,0,0,0,0,0,0,15,3,0,0,0,3,3,0,0,0,17,0,0,0,0,8,3,0,0,0,21,136,28,37,58,80,80,73,3,7,490
214021377,23,4,7,14,21,22,41,0,5,130,3,0,0,3,0,4,3,0,0,16,7,0,3,3,0,0,0,0,0,20,15,3,0,0,4,6,8,0,0,39,242,36,37,68,108,111,95,0,13,715
214021378,17,0,5,3,14,17,14,0,0,68,8,0,3,0,9,0,0,0,0,27,7,0,0,3,9,6,8,0,0,25,14,0,0,0,9,5,0,0,7,26,198,33,43,61,109,133,107,0,21,699
214021379,67,3,17,32,32,29,20,0,3,208,14,0,6,4,3,0,3,0,0,27,14,0,4,0,3,5,4,0,0,39,27,4,0,11,9,8,3,0,5,64,596,74,124,179,302,204,138,4,37,1654
214021381,59,9,16,26,43,33,35,0,4,220,4,0,3,3,0,3,6,0,0,27,13,7,3,12,5,6,4,0,0,48,7,0,7,9,8,0,11,0,0,51,352,53,98,142,201,123,115,4,9,1107
214021382,44,7,6,23,40,24,19,0,0,178,12,3,0,3,0,0,0,0,0,16,14,0,0,3,3,0,0,0,0,24,9,0,4,9,5,3,0,0,0,38,214,36,53,96,129,92,51,0,11,690
214021383,22,3,8,7,15,17,27,0,5,105,16,3,0,4,7,7,0,0,0,27,11,5,0,5,8,0,0,0,0,26,19,5,3,4,8,9,13,0,3,51,309,44,55,79,113,114,142,5,34,885
214021384,150,18,13,43,86,84,81,0,3,483,7,0,3,0,0,9,4,0,0,26,10,0,4,4,3,4,4,0,0,36,19,0,0,6,9,4,11,0,0,46,457,62,60,121,201,187,167,0,26,1285
214021385,74,9,19,26,66,44,51,0,0,289,11,0,0,0,0,5,0,0,0,19,31,0,0,9,14,3,8,0,0,63,35,8,6,5,30,19,32,0,10,147,584,98,163,212,410,338,352,8,42,2212
214021591,68,11,15,32,60,68,79,0,3,341,10,0,3,0,6,9,6,0,0,44,36,4,0,3,10,10,24,0,0,88,20,8,11,10,15,13,14,0,4,90,464,70,105,160,292,255,228,0,26,1600
214021592,233,35,46,77,142,111,79,6,8,745,0,0,0,0,3,0,4,0,0,14,18,7,5,3,12,11,10,0,0,67,19,0,0,5,12,6,10,0,4,62,548,80,108,193,332,268,219,6,44,1799
215011386,42,0,7,8,19,24,11,0,0,114,0,0,0,0,0,0,0,0,0,3,0,0,0,0,0,0,5,0,0,8,6,0,0,0,8,0,3,0,0,16,109,11,33,37,80,73,165,32,12,562
215011387,0,0,0,0,0,0,0,0,0,0,0,0,0,0,0,0,4,0,0,4,0,0,0,0,0,0,0,0,0,0,0,0,0,0,0,0,0,0,0,4,24,4,0,10,14,11,11,0,6,85
215011388,27,8,5,26,54,59,53,0,5,229,3,0,0,0,3,0,0,0,0,6,3,5,0,0,3,4,10,0,0,30,6,0,0,5,6,3,8,0,3,27,144,21,32,55,156,136,155,0,8,717
215011389,0,0,0,0,4,0,3,0,0,5,4,0,0,0,0,0,0,0,0,4,0,0,0,0,0,0,0,0,0,0,4,0,0,0,0,3,7,0,0,21,30,0,3,7,18,18,32,0,0,113
215011390,17,4,0,11,20,24,28,0,0,98,0,0,0,0,0,0,0,0,0,0,0,0,0,0,6,0,0,0,0,5,0,0,0,0,18,0,0,0,6,29,58,4,4,35,104,52,54,0,11,321
215011391,8,3,0,3,3,0,6,0,0,26,0,0,0,0,0,0,0,0,0,0,0,0,0,0,0,0,0,0,0,0,0,0,0,0,0,0,0,0,0,0,32,7,6,0,11,9,18,0,0,87
215011392,22,0,5,9,18,17,33,0,3,107,5,0,5,0,0,4,0,0,0,17,3,0,0,0,0,0,0,0,0,5,9,0,0,7,3,4,4,0,3,17,93,24,21,43,76,97,202,12,11,572
215011393,3,0,0,5,0,4,14,0,0,25,0,0,0,0,0,0,0,0,0,0,0,0,0,0,0,0,0,0,0,0,0,0,0,0,0,0,0,0,0,0,21,6,4,6,7,12,27,0,0,87
215011394,16,0,7,3,18,14,19,0,0,75,0,0,0,0,0,0,0,0,0,0,3,0,0,0,0,0,0,0,0,3,6,0,0,0,3,0,0,0,0,3,47,0,3,11,36,30,34,0,5,168
215021395,3,0,6,0,4,3,9,0,0,23,0,0,0,0,0,0,0,0,0,0,0,0,0,0,0,0,0,0,0,0,3,0,0,0,5,9,8,0,0,23,70,10,20,22,40,66,90,0,17,343
215021396,8,0,5,0,3,6,6,0,0,24,0,0,0,0,0,0,0,0,0,0,0,0,0,0,0,0,0,0,0,0,5,0,0,0,0,0,6,0,0,16,50,9,15,19,20,35,72,0,7,226
215021398,0,3,0,0,4,0,0,0,0,18,0,0,0,0,0,0,0,0,0,0,0,0,0,0,0,0,0,0,0,0,5,0,0,0,4,6,14,0,0,33,46,3,14,22,45,64,219,10,6,439
215021399,4,0,0,5,0,4,0,0,0,13,0,0,0,0,0,0,0,0,0,0,3,0,0,0,0,0,0,0,0,4,0,0,0,0,0,9,9,0,3,26,50,9,7,19,28,60,139,4,7,317
215021469,84,21,26,43,91,95,146,8,5,520,3,0,0,4,0,0,0,0,0,7,11,0,5,3,10,5,9,0,0,54,12,0,3,5,18,23,67,0,17,144,312,51,111,117,271,280,487,7,45,1673
215021470,21,3,0,13,18,31,42,0,0,128,0,0,0,0,0,0,0,0,0,3,9,0,0,0,8,4,8,0,0,22,5,0,0,0,3,13,22,0,8,56,106,9,25,42,75,110,154,3,13,541
215031400,7,3,6,3,3,10,15,0,0,46,0,0,0,0,0,0,0,0,0,0,5,0,0,0,0,0,0,0,0,3,0,0,0,0,0,0,0,0,0,3,45,6,14,14,26,27,63,0,5,185
215031401,5,0,0,0,3,0,3,0,0,24,0,0,0,0,0,0,0,0,0,0,0,0,0,0,0,0,0,0,0,0,0,0,0,3,0,3,0,0,0,8,30,3,7,13,16,21,40,0,3,139
215031402,5,0,0,4,4,8,6,0,0,25,0,0,0,0,0,0,0,0,0,0,0,0,0,0,0,0,0,0,0,0,3,0,0,0,0,0,0,0,0,3,42,3,10,5,20,20,26,0,0,138
215031403,5,4,3,0,3,0,18,0,0,38,0,0,0,0,0,0,0,0,0,0,0,0,0,0,0,0,0,0,0,5,0,0,8,9,6,11,35,0,9,70,48,9,24,20,59,50,278,9,31,535
215031404,21,4,9,20,41,55,50,0,0,208,0,0,0,0,0,0,0,0,0,0,0,0,0,3,0,4,10,0,0,21,0,0,0,3,10,16,27,0,7,68,90,12,40,55,129,156,301,5,24,812
215031405,0,0,0,0,3,4,3,0,0,10,0,0,0,0,0,0,0,0,0,0,0,0,0,0,5,0,0,0,0,0,6,6,0,4,5,14,40,5,7,79,56,10,15,32,62,124,343,13,39,699
216011406,54,10,17,25,41,50,47,0,7,239,0,0,0,0,0,0,0,0,0,0,6,0,3,0,6,6,5,0,0,34,6,0,5,0,0,4,6,0,5,21,192,35,52,64,118,135,166,3,18,773
216011407,16,0,4,9,13,25,20,0,4,87,0,0,0,0,0,0,0,0,0,4,9,0,0,0,0,0,0,0,0,5,0,0,0,0,3,5,8,0,0,20,86,11,20,23,59,82,98,0,16,393
216011408,0,0,0,0,0,0,0,0,0,0,0,0,0,0,0,0,0,0,0,0,0,0,0,0,0,0,0,0,0,0,0,0,0,0,0,0,0,0,0,3,11,3,5,4,11,8,16,0,4,58
216011409,8,0,4,6,0,3,0,0,0,25,0,0,0,0,0,0,0,0,0,0,0,0,0,0,0,0,0,0,0,0,3,0,0,0,0,4,3,0,0,6,28,0,11,9,18,8,11,0,0,87
216011410,3,4,0,0,0,7,0,0,0,13,0,0,0,0,0,0,0,0,0,0,0,0,0,0,0,0,0,0,0,0,3,0,0,0,3,0,0,0,0,11,33,15,10,7,24,24,32,4,4,142
216021411,19,8,0,3,11,20,8,0,3,76,0,0,0,0,0,0,0,0,0,0,7,0,0,0,5,0,0,0,0,7,7,0,0,0,6,3,6,0,0,16,98,15,18,41,73,91,126,0,7,473
216021412,0,0,0,0,0,0,0,0,0,0,0,0,0,0,0,0,0,0,0,0,0,0,0,0,0,0,0,0,0,0,0,0,0,0,0,0,0,0,0,4,23,0,0,3,11,11,12,0,4,66
216021413,9,0,6,4,16,19,7,0,0,68,0,0,0,0,0,0,0,0,0,0,3,0,0,0,0,0,0,0,0,7,0,0,0,3,3,4,10,0,0,29,103,16,35,48,101,106,222,0,21,648
216021414,22,0,0,9,16,21,22,0,0,93,0,0,0,0,0,0,0,0,0,0,0,0,0,0,4,4,0,0,0,5,0,0,0,0,0,0,4,0,0,12,79,0,5,21,38,46,38,0,6,233
216031415,14,6,3,6,11,8,4,0,0,54,0,0,0,0,0,0,0,0,0,0,4,3,7,13,30,17,30,0,6,107,4,0,0,0,0,3,3,0,4,15,51,14,13,27,69,60,63,6,9,309
216031416,114,33,56,97,255,224,225,9,13,1027,0,0,0,0,0,0,0,0,0,4,18,5,8,8,10,9,11,0,0,65,22,0,6,5,26,33,55,0,13,163,367,78,161,238,553,515,604,18,45,2576
216031418,0,0,0,3,0,0,0,0,0,3,0,0,0,0,0,0,0,0,0,0,0,0,0,0,0,0,0,0,0,0,9,0,0,4,5,0,3,0,0,18,40,8,7,17,62,66,81,0,5,281
216031419,3,0,8,0,6,5,5,0,0,36,0,0,0,0,0,0,0,0,0,0,5,0,0,0,0,3,0,0,0,6,11,0,3,3,6,3,16,0,4,38,149,30,46,61,120,128,277,0,11,820
216031593,7,0,3,8,5,5,0,0,0,28,3,0,0,0,0,0,0,0,0,5,0,6,3,0,0,4,5,0,0,7,3,0,0,4,3,3,0,0,0,24,39,11,22,35,42,55,39,0,9,246
216031594,27,7,16,27,54,48,46,0,4,231,3,0,0,4,0,0,3,0,0,9,10,0,7,5,16,12,16,0,0,70,9,0,3,8,16,18,28,0,11,91,200,40,71,116,305,293,337,0,36,1399
217011420,15,0,4,0,13,8,20,0,0,63,3,0,0,0,0,0,0,0,0,3,3,0,0,0,0,0,0,0,0,3,0,0,0,0,0,0,0,0,0,9,86,9,26,18,24,31,42,0,12,249
217011421,41,7,8,20,32,32,36,0,4,175,0,0,0,0,0,0,0,0,0,0,0,0,0,0,4,0,3,0,0,10,5,3,3,6,3,0,6,0,0,25,116,23,30,53,108,68,80,0,14,499
217011422,35,3,8,14,24,29,36,0,0,149,6,0,0,0,0,0,0,0,0,5,10,0,0,5,0,5,0,0,0,21,6,0,5,4,0,4,3,0,4,24,181,14,41,39,64,79,77,0,8,508
217011423,9,3,0,0,3,6,0,0,0,26,0,0,0,0,0,0,0,0,0,0,0,0,0,0,0,0,0,0,0,0,4,0,0,0,0,3,0,0,0,6,61,16,9,16,31,24,19,0,3,181
217031471,6,3,9,5,6,9,10,0,5,37,0,0,0,0,0,0,0,0,0,0,0,0,0,0,0,4,0,0,0,5,0,0,0,0,0,0,0,0,0,0,32,8,12,11,17,19,28,0,3,120
217031472,41,7,5,18,37,30,28,0,0,168,0,0,0,0,0,0,0,0,0,0,0,4,0,0,0,0,3,0,0,7,7,0,3,0,0,5,8,0,0,30,154,20,41,81,124,128,330,16,12,900
217031473,0,0,0,0,3,0,0,0,0,10,0,0,0,0,0,0,0,0,0,4,0,0,0,0,0,0,0,0,0,0,0,0,0,0,0,0,0,0,0,9,42,8,11,11,19,18,28,0,3,139
217031474,8,0,0,4,0,5,4,0,0,23,0,0,0,0,0,0,0,0,0,0,0,0,0,0,0,0,0,0,0,3,0,0,0,4,0,0,6,0,0,11,35,4,20,16,19,29,32,0,4,168
217031475,9,0,3,0,0,0,3,0,0,18,0,0,0,0,0,0,0,0,0,4,0,0,6,0,0,0,0,0,0,3,5,0,0,5,0,6,0,0,0,13,85,6,32,61,58,58,67,3,10,384
217031476,6,5,0,3,5,0,5,0,0,25,4,0,0,0,0,0,0,0,0,4,4,0,0,0,0,0,0,0,0,5,9,0,0,0,0,0,0,0,0,9,94,8,8,19,30,56,70,0,4,296
217041477,4,0,0,0,0,0,0,0,0,7,0,0,0,0,0,0,0,0,0,0,0,0,0,0,0,0,0,0,0,5,6,0,0,0,0,0,0,0,0,11,48,13,8,29,22,33,32,4,7,201
217041478,15,0,6,5,9,5,4,0,0,51,0,0,0,0,0,0,0,0,0,3,0,0,3,0,0,0,0,0,0,6,5,0,0,0,3,0,3,0,0,14,90,9,32,37,75,63,70,3,7,385
217041479,34,10,9,17,23,30,34,0,0,147,3,3,0,0,0,0,4,0,0,12,0,0,0,0,3,4,0,0,0,4,6,0,0,0,0,4,8,0,0,28,119,26,29,43,81,84,105,3,8,492
217041480,83,14,25,40,53,77,84,0,5,377,0,3,0,0,0,0,3,0,0,6,14,0,4,8,5,3,5,0,0,39,10,0,5,7,6,3,20,0,7,64,285,50,98,130,215,227,499,9,30,1540
297979799,0,0,0,0,0,0,0,0,0,0,0,0,0,0,0,0,0,0,0,0,0,0,0,0,0,0,0,0,0,0,3,0,0,0,0,0,0,0,0,9,14,0,7,0,6,4,0,0,0,39
299999499,1149,325,315,456,591,559,628,5,42,4064,83,35,32,33,49,45,58,0,5,344,360,82,81,94,151,156,127,0,19,1072,493,91,134,206,371,362,420,25,128,2235,9578,2134,2802,3551,6129,5487,6947,148,657,37444
